product_id,product_label,term,bank,language,date,value
marque_generique,Marque (recherche générique),/g/1z3t2x3c8,CBC,en,2021-09-12,7
marque_generique,Marque (recherche générique),/g/1z3t2x3c8,CBC,en,2021-09-19,6
marque_generique,Marque (recherche générique),/g/1z3t2x3c8,CBC,en,2021-09-26,6
marque_generique,Marque (recherche générique),/g/1z3t2x3c8,CBC,en,2021-10-03,6
marque_generique,Marque (recherche générique),/g/1z3t2x3c8,CBC,en,2021-10-10,6
marque_generique,Marque (recherche générique),/g/1z3t2x3c8,CBC,en,2021-10-17,8
marque_generique,Marque (recherche générique),/g/1z3t2x3c8,CBC,en,2021-10-24,7
marque_generique,Marque (recherche générique),/g/1z3t2x3c8,CBC,en,2021-10-31,8
marque_generique,Marque (recherche générique),/g/1z3t2x3c8,CBC,en,2021-11-07,7
marque_generique,Marque (recherche générique),/g/1z3t2x3c8,CBC,en,2021-11-14,7
marque_generique,Marque (recherche générique),/g/1z3t2x3c8,CBC,en,2021-11-21,7
marque_generique,Marque (recherche générique),/g/1z3t2x3c8,CBC,en,2021-11-28,8
marque_generique,Marque (recherche générique),/g/1z3t2x3c8,CBC,en,2021-12-05,7
marque_generique,Marque (recherche générique),/g/1z3t2x3c8,CBC,en,2021-12-12,8
marque_generique,Marque (recherche générique),/g/1z3t2x3c8,CBC,en,2021-12-19,8
marque_generique,Marque (recherche générique),/g/1z3t2x3c8,CBC,en,2021-12-26,8
marque_generique,Marque (recherche générique),/g/1z3t2x3c8,CBC,en,2022-01-02,8
marque_generique,Marque (recherche générique),/g/1z3t2x3c8,CBC,en,2022-01-09,9
marque_generique,Marque (recherche générique),/g/1z3t2x3c8,CBC,en,2022-01-16,9
marque_generique,Marque (recherche générique),/g/1z3t2x3c8,CBC,en,2022-01-23,8
marque_generique,Marque (recherche générique),/g/1z3t2x3c8,CBC,en,2022-01-30,9
marque_generique,Marque (recherche générique),/g/1z3t2x3c8,CBC,en,2022-02-06,8
marque_generique,Marque (recherche générique),/g/1z3t2x3c8,CBC,en,2022-02-13,7
marque_generique,Marque (recherche générique),/g/1z3t2x3c8,CBC,en,2022-02-20,8
marque_generique,Marque (recherche générique),/g/1z3t2x3c8,CBC,en,2022-02-27,8
marque_generique,Marque (recherche générique),/g/1z3t2x3c8,CBC,en,2022-03-06,8
marque_generique,Marque (recherche générique),/g/1z3t2x3c8,CBC,en,2022-03-13,7
marque_generique,Marque (recherche générique),/g/1z3t2x3c8,CBC,en,2022-03-20,8
marque_generique,Marque (recherche générique),/g/1z3t2x3c8,CBC,en,2022-03-27,8
marque_generique,Marque (recherche générique),/g/1z3t2x3c8,CBC,en,2022-04-03,8
marque_generique,Marque (recherche générique),/g/1z3t2x3c8,CBC,en,2022-04-10,7
marque_generique,Marque (recherche générique),/g/1z3t2x3c8,CBC,en,2022-04-17,7
marque_generique,Marque (recherche générique),/g/1z3t2x3c8,CBC,en,2022-04-24,7
marque_generique,Marque (recherche générique),/g/1z3t2x3c8,CBC,en,2022-05-01,8
marque_generique,Marque (recherche générique),/g/1z3t2x3c8,CBC,en,2022-05-08,7
marque_generique,Marque (recherche générique),/g/1z3t2x3c8,CBC,en,2022-05-15,7
marque_generique,Marque (recherche générique),/g/1z3t2x3c8,CBC,en,2022-05-22,7
marque_generique,Marque (recherche générique),/g/1z3t2x3c8,CBC,en,2022-05-29,7
marque_generique,Marque (recherche générique),/g/1z3t2x3c8,CBC,en,2022-06-05,7
marque_generique,Marque (recherche générique),/g/1z3t2x3c8,CBC,en,2022-06-12,8
marque_generique,Marque (recherche générique),/g/1z3t2x3c8,CBC,en,2022-06-19,7
marque_generique,Marque (recherche générique),/g/1z3t2x3c8,CBC,en,2022-06-26,8
marque_generique,Marque (recherche générique),/g/1z3t2x3c8,CBC,en,2022-07-03,8
marque_generique,Marque (recherche générique),/g/1z3t2x3c8,CBC,en,2022-07-10,8
marque_generique,Marque (recherche générique),/g/1z3t2x3c8,CBC,en,2022-07-17,7
marque_generique,Marque (recherche générique),/g/1z3t2x3c8,CBC,en,2022-07-24,7
marque_generique,Marque (recherche générique),/g/1z3t2x3c8,CBC,en,2022-07-31,8
marque_generique,Marque (recherche générique),/g/1z3t2x3c8,CBC,en,2022-08-07,7
marque_generique,Marque (recherche générique),/g/1z3t2x3c8,CBC,en,2022-08-14,4
marque_generique,Marque (recherche générique),/g/1z3t2x3c8,CBC,en,2022-08-21,5
marque_generique,Marque (recherche générique),/g/1z3t2x3c8,CBC,en,2022-08-28,7
marque_generique,Marque (recherche générique),/g/1z3t2x3c8,CBC,en,2022-09-04,6
marque_generique,Marque (recherche générique),/g/1z3t2x3c8,CBC,en,2022-09-11,6
marque_generique,Marque (recherche générique),/g/1z3t2x3c8,CBC,en,2022-09-18,6
marque_generique,Marque (recherche générique),/g/1z3t2x3c8,CBC,en,2022-09-25,6
marque_generique,Marque (recherche générique),/g/1z3t2x3c8,CBC,en,2022-10-02,6
marque_generique,Marque (recherche générique),/g/1z3t2x3c8,CBC,en,2022-10-09,6
marque_generique,Marque (recherche générique),/g/1z3t2x3c8,CBC,en,2022-10-16,6
marque_generique,Marque (recherche générique),/g/1z3t2x3c8,CBC,en,2022-10-23,6
marque_generique,Marque (recherche générique),/g/1z3t2x3c8,CBC,en,2022-10-30,5
marque_generique,Marque (recherche générique),/g/1z3t2x3c8,CBC,en,2022-11-06,5
marque_generique,Marque (recherche générique),/g/1z3t2x3c8,CBC,en,2022-11-13,5
marque_generique,Marque (recherche générique),/g/1z3t2x3c8,CBC,en,2022-11-20,5
marque_generique,Marque (recherche générique),/g/1z3t2x3c8,CBC,en,2022-11-27,5
marque_generique,Marque (recherche générique),/g/1z3t2x3c8,CBC,en,2022-12-04,5
marque_generique,Marque (recherche générique),/g/1z3t2x3c8,CBC,en,2022-12-11,6
marque_generique,Marque (recherche générique),/g/1z3t2x3c8,CBC,en,2022-12-18,6
marque_generique,Marque (recherche générique),/g/1z3t2x3c8,CBC,en,2022-12-25,6
marque_generique,Marque (recherche générique),/g/1z3t2x3c8,CBC,en,2023-01-01,6
marque_generique,Marque (recherche générique),/g/1z3t2x3c8,CBC,en,2023-01-08,6
marque_generique,Marque (recherche générique),/g/1z3t2x3c8,CBC,en,2023-01-15,6
marque_generique,Marque (recherche générique),/g/1z3t2x3c8,CBC,en,2023-01-22,6
marque_generique,Marque (recherche générique),/g/1z3t2x3c8,CBC,en,2023-01-29,6
marque_generique,Marque (recherche générique),/g/1z3t2x3c8,CBC,en,2023-02-05,6
marque_generique,Marque (recherche générique),/g/1z3t2x3c8,CBC,en,2023-02-12,6
marque_generique,Marque (recherche générique),/g/1z3t2x3c8,CBC,en,2023-02-19,7
marque_generique,Marque (recherche générique),/g/1z3t2x3c8,CBC,en,2023-02-26,6
marque_generique,Marque (recherche générique),/g/1z3t2x3c8,CBC,en,2023-03-05,6
marque_generique,Marque (recherche générique),/g/1z3t2x3c8,CBC,en,2023-03-12,6
marque_generique,Marque (recherche générique),/g/1z3t2x3c8,CBC,en,2023-03-19,6
marque_generique,Marque (recherche générique),/g/1z3t2x3c8,CBC,en,2023-03-26,6
marque_generique,Marque (recherche générique),/g/1z3t2x3c8,CBC,en,2023-04-02,6
marque_generique,Marque (recherche générique),/g/1z3t2x3c8,CBC,en,2023-04-09,5
marque_generique,Marque (recherche générique),/g/1z3t2x3c8,CBC,en,2023-04-16,6
marque_generique,Marque (recherche générique),/g/1z3t2x3c8,CBC,en,2023-04-23,6
marque_generique,Marque (recherche générique),/g/1z3t2x3c8,CBC,en,2023-04-30,5
marque_generique,Marque (recherche générique),/g/1z3t2x3c8,CBC,en,2023-05-07,5
marque_generique,Marque (recherche générique),/g/1z3t2x3c8,CBC,en,2023-05-14,4
marque_generique,Marque (recherche générique),/g/1z3t2x3c8,CBC,en,2023-05-21,6
marque_generique,Marque (recherche générique),/g/1z3t2x3c8,CBC,en,2023-05-28,5
marque_generique,Marque (recherche générique),/g/1z3t2x3c8,CBC,en,2023-06-04,5
marque_generique,Marque (recherche générique),/g/1z3t2x3c8,CBC,en,2023-06-11,5
marque_generique,Marque (recherche générique),/g/1z3t2x3c8,CBC,en,2023-06-18,6
marque_generique,Marque (recherche générique),/g/1z3t2x3c8,CBC,en,2023-06-25,6
marque_generique,Marque (recherche générique),/g/1z3t2x3c8,CBC,en,2023-07-02,6
marque_generique,Marque (recherche générique),/g/1z3t2x3c8,CBC,en,2023-07-09,6
marque_generique,Marque (recherche générique),/g/1z3t2x3c8,CBC,en,2023-07-16,5
marque_generique,Marque (recherche générique),/g/1z3t2x3c8,CBC,en,2023-07-23,5
marque_generique,Marque (recherche générique),/g/1z3t2x3c8,CBC,en,2023-07-30,5
marque_generique,Marque (recherche générique),/g/1z3t2x3c8,CBC,en,2023-08-06,6
marque_generique,Marque (recherche générique),/g/1z3t2x3c8,CBC,en,2023-08-13,5
marque_generique,Marque (recherche générique),/g/1z3t2x3c8,CBC,en,2023-08-20,7
marque_generique,Marque (recherche générique),/g/1z3t2x3c8,CBC,en,2023-08-27,7
marque_generique,Marque (recherche générique),/g/1z3t2x3c8,CBC,en,2023-09-03,6
marque_generique,Marque (recherche générique),/g/1z3t2x3c8,CBC,en,2023-09-10,6
marque_generique,Marque (recherche générique),/g/1z3t2x3c8,CBC,en,2023-09-17,6
marque_generique,Marque (recherche générique),/g/1z3t2x3c8,CBC,en,2023-09-24,6
marque_generique,Marque (recherche générique),/g/1z3t2x3c8,CBC,en,2023-10-01,7
marque_generique,Marque (recherche générique),/g/1z3t2x3c8,CBC,en,2023-10-08,6
marque_generique,Marque (recherche générique),/g/1z3t2x3c8,CBC,en,2023-10-15,6
marque_generique,Marque (recherche générique),/g/1z3t2x3c8,CBC,en,2023-10-22,5
marque_generique,Marque (recherche générique),/g/1z3t2x3c8,CBC,en,2023-10-29,5
marque_generique,Marque (recherche générique),/g/1z3t2x3c8,CBC,en,2023-11-05,6
marque_generique,Marque (recherche générique),/g/1z3t2x3c8,CBC,en,2023-11-12,5
marque_generique,Marque (recherche générique),/g/1z3t2x3c8,CBC,en,2023-11-19,6
marque_generique,Marque (recherche générique),/g/1z3t2x3c8,CBC,en,2023-11-26,5
marque_generique,Marque (recherche générique),/g/1z3t2x3c8,CBC,en,2023-12-03,5
marque_generique,Marque (recherche générique),/g/1z3t2x3c8,CBC,en,2023-12-10,6
marque_generique,Marque (recherche générique),/g/1z3t2x3c8,CBC,en,2023-12-17,6
marque_generique,Marque (recherche générique),/g/1z3t2x3c8,CBC,en,2023-12-24,6
marque_generique,Marque (recherche générique),/g/1z3t2x3c8,CBC,en,2023-12-31,5
marque_generique,Marque (recherche générique),/g/1z3t2x3c8,CBC,en,2024-01-07,6
marque_generique,Marque (recherche générique),/g/1z3t2x3c8,CBC,en,2024-01-14,6
marque_generique,Marque (recherche générique),/g/1z3t2x3c8,CBC,en,2024-01-21,6
marque_generique,Marque (recherche générique),/g/1z3t2x3c8,CBC,en,2024-01-28,6
marque_generique,Marque (recherche générique),/g/1z3t2x3c8,CBC,en,2024-02-04,6
marque_generique,Marque (recherche générique),/g/1z3t2x3c8,CBC,en,2024-02-11,6
marque_generique,Marque (recherche générique),/g/1z3t2x3c8,CBC,en,2024-02-18,6
marque_generique,Marque (recherche générique),/g/1z3t2x3c8,CBC,en,2024-02-25,6
marque_generique,Marque (recherche générique),/g/1z3t2x3c8,CBC,en,2024-03-03,6
marque_generique,Marque (recherche générique),/g/1z3t2x3c8,CBC,en,2024-03-10,6
marque_generique,Marque (recherche générique),/g/1z3t2x3c8,CBC,en,2024-03-17,5
marque_generique,Marque (recherche générique),/g/1z3t2x3c8,CBC,en,2024-03-24,6
marque_generique,Marque (recherche générique),/g/1z3t2x3c8,CBC,en,2024-03-31,6
marque_generique,Marque (recherche générique),/g/1z3t2x3c8,CBC,en,2024-04-07,6
marque_generique,Marque (recherche générique),/g/1z3t2x3c8,CBC,en,2024-04-14,6
marque_generique,Marque (recherche générique),/g/1z3t2x3c8,CBC,en,2024-04-21,6
marque_generique,Marque (recherche générique),/g/1z3t2x3c8,CBC,en,2024-04-28,5
marque_generique,Marque (recherche générique),/g/1z3t2x3c8,CBC,en,2024-05-05,5
marque_generique,Marque (recherche générique),/g/1z3t2x3c8,CBC,en,2024-05-12,6
marque_generique,Marque (recherche générique),/g/1z3t2x3c8,CBC,en,2024-05-19,5
marque_generique,Marque (recherche générique),/g/1z3t2x3c8,CBC,en,2024-05-26,6
marque_generique,Marque (recherche générique),/g/1z3t2x3c8,CBC,en,2024-06-02,5
marque_generique,Marque (recherche générique),/g/1z3t2x3c8,CBC,en,2024-06-09,5
marque_generique,Marque (recherche générique),/g/1z3t2x3c8,CBC,en,2024-06-16,5
marque_generique,Marque (recherche générique),/g/1z3t2x3c8,CBC,en,2024-06-23,6
marque_generique,Marque (recherche générique),/g/1z3t2x3c8,CBC,en,2024-06-30,6
marque_generique,Marque (recherche générique),/g/1z3t2x3c8,CBC,en,2024-07-07,6
marque_generique,Marque (recherche générique),/g/1z3t2x3c8,CBC,en,2024-07-14,6
marque_generique,Marque (recherche générique),/g/1z3t2x3c8,CBC,en,2024-07-21,6
marque_generique,Marque (recherche générique),/g/1z3t2x3c8,CBC,en,2024-07-28,6
marque_generique,Marque (recherche générique),/g/1z3t2x3c8,CBC,en,2024-08-04,5
marque_generique,Marque (recherche générique),/g/1z3t2x3c8,CBC,en,2024-08-11,4
marque_generique,Marque (recherche générique),/g/1z3t2x3c8,CBC,en,2024-08-18,6
marque_generique,Marque (recherche générique),/g/1z3t2x3c8,CBC,en,2024-08-25,6
marque_generique,Marque (recherche générique),/g/1z3t2x3c8,CBC,en,2024-09-01,9
marque_generique,Marque (recherche générique),/g/1z3t2x3c8,CBC,en,2024-09-08,7
marque_generique,Marque (recherche générique),/g/1z3t2x3c8,CBC,en,2024-09-15,7
marque_generique,Marque (recherche générique),/g/1z3t2x3c8,CBC,en,2024-09-22,5
marque_generique,Marque (recherche générique),/g/1z3t2x3c8,CBC,en,2024-09-29,6
marque_generique,Marque (recherche générique),/g/1z3t2x3c8,CBC,en,2024-10-06,6
marque_generique,Marque (recherche générique),/g/1z3t2x3c8,CBC,en,2024-10-13,6
marque_generique,Marque (recherche générique),/g/1z3t2x3c8,CBC,en,2024-10-20,5
marque_generique,Marque (recherche générique),/g/1z3t2x3c8,CBC,en,2024-10-27,6
marque_generique,Marque (recherche générique),/g/1z3t2x3c8,CBC,en,2024-11-03,6
marque_generique,Marque (recherche générique),/g/1z3t2x3c8,CBC,en,2024-11-10,5
marque_generique,Marque (recherche générique),/g/1z3t2x3c8,CBC,en,2024-11-17,5
marque_generique,Marque (recherche générique),/g/1z3t2x3c8,CBC,en,2024-11-24,5
marque_generique,Marque (recherche générique),/g/1z3t2x3c8,CBC,en,2024-12-01,6
marque_generique,Marque (recherche générique),/g/1z3t2x3c8,CBC,en,2024-12-08,6
marque_generique,Marque (recherche générique),/g/1z3t2x3c8,CBC,en,2024-12-15,6
marque_generique,Marque (recherche générique),/g/1z3t2x3c8,CBC,en,2024-12-22,5
marque_generique,Marque (recherche générique),/g/1z3t2x3c8,CBC,en,2024-12-29,6
marque_generique,Marque (recherche générique),/g/1z3t2x3c8,CBC,en,2025-01-05,6
marque_generique,Marque (recherche générique),/g/1z3t2x3c8,CBC,en,2025-01-12,5
marque_generique,Marque (recherche générique),/g/1z3t2x3c8,CBC,en,2025-01-19,6
marque_generique,Marque (recherche générique),/g/1z3t2x3c8,CBC,en,2025-01-26,6
marque_generique,Marque (recherche générique),/g/1z3t2x3c8,CBC,en,2025-02-02,7
marque_generique,Marque (recherche générique),/g/1z3t2x3c8,CBC,en,2025-02-09,6
marque_generique,Marque (recherche générique),/g/1z3t2x3c8,CBC,en,2025-02-16,6
marque_generique,Marque (recherche générique),/g/1z3t2x3c8,CBC,en,2025-02-23,6
marque_generique,Marque (recherche générique),/g/1z3t2x3c8,CBC,en,2025-03-02,6
marque_generique,Marque (recherche générique),/g/1z3t2x3c8,CBC,en,2025-03-09,6
marque_generique,Marque (recherche générique),/g/1z3t2x3c8,CBC,en,2025-03-16,6
marque_generique,Marque (recherche générique),/g/1z3t2x3c8,CBC,en,2025-03-23,6
marque_generique,Marque (recherche générique),/g/1z3t2x3c8,CBC,en,2025-03-30,7
marque_generique,Marque (recherche générique),/g/1z3t2x3c8,CBC,en,2025-04-06,6
marque_generique,Marque (recherche générique),/g/1z3t2x3c8,CBC,en,2025-04-13,6
marque_generique,Marque (recherche générique),/g/1z3t2x3c8,CBC,en,2025-04-20,6
marque_generique,Marque (recherche générique),/g/1z3t2x3c8,CBC,en,2025-04-27,5
marque_generique,Marque (recherche générique),/g/1z3t2x3c8,CBC,en,2025-05-04,5
marque_generique,Marque (recherche générique),/g/1z3t2x3c8,CBC,en,2025-05-11,6
marque_generique,Marque (recherche générique),/g/1z3t2x3c8,CBC,en,2025-05-18,6
marque_generique,Marque (recherche générique),/g/1z3t2x3c8,CBC,en,2025-05-25,5
marque_generique,Marque (recherche générique),/g/1z3t2x3c8,CBC,en,2025-06-01,6
marque_generique,Marque (recherche générique),/g/1z3t2x3c8,CBC,en,2025-06-08,5
marque_generique,Marque (recherche générique),/g/1z3t2x3c8,CBC,en,2025-06-15,6
marque_generique,Marque (recherche générique),/g/1z3t2x3c8,CBC,en,2025-06-22,6
marque_generique,Marque (recherche générique),/g/1z3t2x3c8,CBC,en,2025-06-29,6
marque_generique,Marque (recherche générique),/g/1z3t2x3c8,CBC,en,2025-07-06,6
marque_generique,Marque (recherche générique),/g/1z3t2x3c8,CBC,en,2025-07-13,6
marque_generique,Marque (recherche générique),/g/1z3t2x3c8,CBC,en,2025-07-20,5
marque_generique,Marque (recherche générique),/g/1z3t2x3c8,CBC,en,2025-07-27,6
marque_generique,Marque (recherche générique),/g/1z3t2x3c8,CBC,en,2025-08-03,6
marque_generique,Marque (recherche générique),/g/1z3t2x3c8,CBC,en,2025-08-10,5
marque_generique,Marque (recherche générique),/g/1z3t2x3c8,CBC,en,2025-08-17,6
marque_generique,Marque (recherche générique),/g/1z3t2x3c8,CBC,en,2025-08-24,6
marque_generique,Marque (recherche générique),/g/1z3t2x3c8,CBC,en,2025-08-31,6
marque_generique,Marque (recherche générique),/g/1z3t2x3c8,CBC,en,2025-09-07,6
marque_generique,Marque (recherche générique),/g/1z3t2x3c8,CBC,en,2025-09-14,6
marque_generique,Marque (recherche générique),/g/1z3t2x3c8,CBC,en,2025-09-21,6
marque_generique,Marque (recherche générique),/g/1z3t2x3c8,CBC,en,2025-09-28,7
marque_generique,Marque (recherche générique),/g/1z3t2x3c8,CBC,en,2025-10-05,6
marque_generique,Marque (recherche générique),/g/1z3t2x3c8,CBC,en,2025-10-12,6
marque_generique,Marque (recherche générique),/g/1z3t2x3c8,CBC,en,2025-10-19,6
marque_generique,Marque (recherche générique),/g/1z3t2x3c8,CBC,en,2025-10-26,6
marque_generique,Marque (recherche générique),/g/1z3t2x3c8,CBC,en,2025-11-02,6
marque_generique,Marque (recherche générique),/g/1z3t2x3c8,CBC,en,2025-11-09,6
marque_generique,Marque (recherche générique),/g/1z3t2x3c8,CBC,en,2025-11-16,5
marque_generique,Marque (recherche générique),/g/1z3t2x3c8,CBC,en,2025-11-23,6
marque_generique,Marque (recherche générique),/g/1z3t2x3c8,CBC,en,2025-11-30,6
marque_generique,Marque (recherche générique),/g/1z3t2x3c8,CBC,en,2025-12-07,6
marque_generique,Marque (recherche générique),/g/1z3t2x3c8,CBC,en,2025-12-14,7
marque_generique,Marque (recherche générique),/g/1z3t2x3c8,CBC,en,2025-12-21,5
marque_generique,Marque (recherche générique),/g/1z3t2x3c8,CBC,en,2025-12-28,5
marque_generique,Marque (recherche générique),/g/1z3t2x3c8,CBC,en,2026-01-04,6
marque_generique,Marque (recherche générique),/g/1z3t2x3c8,CBC,en,2026-01-11,7
marque_generique,Marque (recherche générique),/g/1z3t2x3c8,CBC,en,2026-01-18,7
marque_generique,Marque (recherche générique),/g/1z3t2x3c8,CBC,en,2026-01-25,7
marque_generique,Marque (recherche générique),/g/1z3t2x3c8,CBC,en,2026-02-01,6
marque_generique,Marque (recherche générique),/g/1z3t2x3c8,CBC,en,2026-02-08,5
marque_generique,Marque (recherche générique),/g/1z3t2x3c8,CBC,en,2026-02-15,6
marque_generique,Marque (recherche générique),/g/1z3t2x3c8,CBC,en,2026-02-22,6
marque_generique,Marque (recherche générique),/g/1z3t2x3c8,CBC,en,2026-03-01,6
marque_generique,Marque (recherche générique),/g/1z3t2x3c8,CBC,en,2026-03-08,6
marque_generique,Marque (recherche générique),/g/1z3t2x3c8,CBC,en,2026-03-15,6
marque_generique,Marque (recherche générique),/g/1z3t2x3c8,CBC,en,2026-03-22,6
marque_generique,Marque (recherche générique),/g/1z3t2x3c8,CBC,en,2026-03-29,6
marque_generique,Marque (recherche générique),/g/1z3t2x3c8,CBC,en,2026-04-05,5
marque_generique,Marque (recherche générique),/g/1z3t2x3c8,CBC,en,2026-04-12,6
marque_generique,Marque (recherche générique),/g/1z3t2x3c8,CBC,en,2026-04-19,6
marque_generique,Marque (recherche générique),/g/1z3t2x3c8,CBC,en,2026-04-26,5
marque_generique,Marque (recherche générique),/g/1z3t2x3c8,CBC,en,2026-05-03,5
marque_generique,Marque (recherche générique),/g/1z3t2x3c8,CBC,en,2026-05-10,5
marque_generique,Marque (recherche générique),/g/1z3t2x3c8,CBC,en,2026-05-17,5
marque_generique,Marque (recherche générique),/g/1z3t2x3c8,CBC,en,2026-05-24,4
marque_generique,Marque (recherche générique),/g/1z3t2x3c8,CBC,en,2026-05-31,6
marque_generique,Marque (recherche générique),/g/1z3t2x3c8,CBC,en,2026-06-07,7
marque_generique,Marque (recherche générique),/g/1z3t2x3c8,CBC,en,2026-06-14,6
marque_generique,Marque (recherche générique),/g/1z3t2x3c8,CBC,en,2026-06-21,6
marque_generique,Marque (recherche générique),/g/1z3t2x3c8,CBC,en,2026-06-28,7
marque_generique,Marque (recherche générique),/g/1z3t2x3c8,CBC,en,2026-07-05,7
marque_generique,Marque (recherche générique),/g/1z3t2x3c8,CBC,en,2026-07-12,7
marque_generique,Marque (recherche générique),/g/1z3t2x3c8,CBC,en,2026-07-19,6
marque_generique,Marque (recherche générique),/g/1z3t2x3c8,CBC,en,2026-07-26,7
marque_generique,Marque (recherche générique),/g/1z3t2x3c8,CBC,en,2026-08-02,7
marque_generique,Marque (recherche générique),/g/1z3t2x3c8,CBC,en,2026-08-09,6
marque_generique,Marque (recherche générique),/g/1z3t2x3c8,CBC,en,2026-08-16,6
marque_generique,Marque (recherche générique),/g/1z3t2x3c8,CBC,en,2026-08-23,7
marque_generique,Marque (recherche générique),/g/1z3t2x3c8,CBC,en,2026-08-30,7
marque_generique,Marque (recherche générique),/g/1z3t2x3c8,CBC,en,2026-09-06,6
marque_generique,Marque (recherche générique),/g/1z3t2x3c8,CBC,en,2026-09-13,6
marque_generique,Marque (recherche générique),ING,ING,en,2021-09-12,65
marque_generique,Marque (recherche générique),ING,ING,en,2021-09-19,68
marque_generique,Marque (recherche générique),ING,ING,en,2021-09-26,77
marque_generique,Marque (recherche générique),ING,ING,en,2021-10-03,73
marque_generique,Marque (recherche générique),ING,ING,en,2021-10-10,70
marque_generique,Marque (recherche générique),ING,ING,en,2021-10-17,72
marque_generique,Marque (recherche générique),ING,ING,en,2021-10-24,70
marque_generique,Marque (recherche générique),ING,ING,en,2021-10-31,64
marque_generique,Marque (recherche générique),ING,ING,en,2021-11-07,61
marque_generique,Marque (recherche générique),ING,ING,en,2021-11-14,67
marque_generique,Marque (recherche générique),ING,ING,en,2021-11-21,59
marque_generique,Marque (recherche générique),ING,ING,en,2021-11-28,64
marque_generique,Marque (recherche générique),ING,ING,en,2021-12-05,67
marque_generique,Marque (recherche générique),ING,ING,en,2021-12-12,66
marque_generique,Marque (recherche générique),ING,ING,en,2021-12-19,62
marque_generique,Marque (recherche générique),ING,ING,en,2021-12-26,62
marque_generique,Marque (recherche générique),ING,ING,en,2022-01-02,71
marque_generique,Marque (recherche générique),ING,ING,en,2022-01-09,62
marque_generique,Marque (recherche générique),ING,ING,en,2022-01-16,59
marque_generique,Marque (recherche générique),ING,ING,en,2022-01-23,58
marque_generique,Marque (recherche générique),ING,ING,en,2022-01-30,78
marque_generique,Marque (recherche générique),ING,ING,en,2022-02-06,65
marque_generique,Marque (recherche générique),ING,ING,en,2022-02-13,63
marque_generique,Marque (recherche générique),ING,ING,en,2022-02-20,65
marque_generique,Marque (recherche générique),ING,ING,en,2022-02-27,75
marque_generique,Marque (recherche générique),ING,ING,en,2022-03-06,71
marque_generique,Marque (recherche générique),ING,ING,en,2022-03-13,67
marque_generique,Marque (recherche générique),ING,ING,en,2022-03-20,64
marque_generique,Marque (recherche générique),ING,ING,en,2022-03-27,69
marque_generique,Marque (recherche générique),ING,ING,en,2022-04-03,66
marque_generique,Marque (recherche générique),ING,ING,en,2022-04-10,58
marque_generique,Marque (recherche générique),ING,ING,en,2022-04-17,55
marque_generique,Marque (recherche générique),ING,ING,en,2022-04-24,65
marque_generique,Marque (recherche générique),ING,ING,en,2022-05-01,69
marque_generique,Marque (recherche générique),ING,ING,en,2022-05-08,66
marque_generique,Marque (recherche générique),ING,ING,en,2022-05-15,58
marque_generique,Marque (recherche générique),ING,ING,en,2022-05-22,47
marque_generique,Marque (recherche générique),ING,ING,en,2022-05-29,66
marque_generique,Marque (recherche générique),ING,ING,en,2022-06-05,58
marque_generique,Marque (recherche générique),ING,ING,en,2022-06-12,60
marque_generique,Marque (recherche générique),ING,ING,en,2022-06-19,64
marque_generique,Marque (recherche générique),ING,ING,en,2022-06-26,66
marque_generique,Marque (recherche générique),ING,ING,en,2022-07-03,69
marque_generique,Marque (recherche générique),ING,ING,en,2022-07-10,65
marque_generique,Marque (recherche générique),ING,ING,en,2022-07-17,55
marque_generique,Marque (recherche générique),ING,ING,en,2022-07-24,57
marque_generique,Marque (recherche générique),ING,ING,en,2022-07-31,62
marque_generique,Marque (recherche générique),ING,ING,en,2022-08-07,55
marque_generique,Marque (recherche générique),ING,ING,en,2022-08-14,54
marque_generique,Marque (recherche générique),ING,ING,en,2022-08-21,59
marque_generique,Marque (recherche générique),ING,ING,en,2022-08-28,56
marque_generique,Marque (recherche générique),ING,ING,en,2022-09-04,59
marque_generique,Marque (recherche générique),ING,ING,en,2022-09-11,62
marque_generique,Marque (recherche générique),ING,ING,en,2022-09-18,59
marque_generique,Marque (recherche générique),ING,ING,en,2022-09-25,68
marque_generique,Marque (recherche générique),ING,ING,en,2022-10-02,62
marque_generique,Marque (recherche générique),ING,ING,en,2022-10-09,58
marque_generique,Marque (recherche générique),ING,ING,en,2022-10-16,58
marque_generique,Marque (recherche générique),ING,ING,en,2022-10-23,58
marque_generique,Marque (recherche générique),ING,ING,en,2022-10-30,62
marque_generique,Marque (recherche générique),ING,ING,en,2022-11-06,55
marque_generique,Marque (recherche générique),ING,ING,en,2022-11-13,60
marque_generique,Marque (recherche générique),ING,ING,en,2022-11-20,55
marque_generique,Marque (recherche générique),ING,ING,en,2022-11-27,58
marque_generique,Marque (recherche générique),ING,ING,en,2022-12-04,58
marque_generique,Marque (recherche générique),ING,ING,en,2022-12-11,55
marque_generique,Marque (recherche générique),ING,ING,en,2022-12-18,55
marque_generique,Marque (recherche générique),ING,ING,en,2022-12-25,52
marque_generique,Marque (recherche générique),ING,ING,en,2023-01-01,60
marque_generique,Marque (recherche générique),ING,ING,en,2023-01-08,57
marque_generique,Marque (recherche générique),ING,ING,en,2023-01-15,51
marque_generique,Marque (recherche générique),ING,ING,en,2023-01-22,57
marque_generique,Marque (recherche générique),ING,ING,en,2023-01-29,67
marque_generique,Marque (recherche générique),ING,ING,en,2023-02-05,57
marque_generique,Marque (recherche générique),ING,ING,en,2023-02-12,55
marque_generique,Marque (recherche générique),ING,ING,en,2023-02-19,54
marque_generique,Marque (recherche générique),ING,ING,en,2023-02-26,58
marque_generique,Marque (recherche générique),ING,ING,en,2023-03-05,51
marque_generique,Marque (recherche générique),ING,ING,en,2023-03-12,62
marque_generique,Marque (recherche générique),ING,ING,en,2023-03-19,63
marque_generique,Marque (recherche générique),ING,ING,en,2023-03-26,56
marque_generique,Marque (recherche générique),ING,ING,en,2023-04-02,59
marque_generique,Marque (recherche générique),ING,ING,en,2023-04-09,53
marque_generique,Marque (recherche générique),ING,ING,en,2023-04-16,51
marque_generique,Marque (recherche générique),ING,ING,en,2023-04-23,55
marque_generique,Marque (recherche générique),ING,ING,en,2023-04-30,50
marque_generique,Marque (recherche générique),ING,ING,en,2023-05-07,54
marque_generique,Marque (recherche générique),ING,ING,en,2023-05-14,47
marque_generique,Marque (recherche générique),ING,ING,en,2023-05-21,55
marque_generique,Marque (recherche générique),ING,ING,en,2023-05-28,53
marque_generique,Marque (recherche générique),ING,ING,en,2023-06-04,55
marque_generique,Marque (recherche générique),ING,ING,en,2023-06-11,54
marque_generique,Marque (recherche générique),ING,ING,en,2023-06-18,52
marque_generique,Marque (recherche générique),ING,ING,en,2023-06-25,58
marque_generique,Marque (recherche générique),ING,ING,en,2023-07-02,63
marque_generique,Marque (recherche générique),ING,ING,en,2023-07-09,57
marque_generique,Marque (recherche générique),ING,ING,en,2023-07-16,53
marque_generique,Marque (recherche générique),ING,ING,en,2023-07-23,52
marque_generique,Marque (recherche générique),ING,ING,en,2023-07-30,61
marque_generique,Marque (recherche générique),ING,ING,en,2023-08-06,59
marque_generique,Marque (recherche générique),ING,ING,en,2023-08-13,47
marque_generique,Marque (recherche générique),ING,ING,en,2023-08-20,60
marque_generique,Marque (recherche générique),ING,ING,en,2023-08-27,71
marque_generique,Marque (recherche générique),ING,ING,en,2023-09-03,56
marque_generique,Marque (recherche générique),ING,ING,en,2023-09-10,53
marque_generique,Marque (recherche générique),ING,ING,en,2023-09-17,53
marque_generique,Marque (recherche générique),ING,ING,en,2023-09-24,60
marque_generique,Marque (recherche générique),ING,ING,en,2023-10-01,61
marque_generique,Marque (recherche générique),ING,ING,en,2023-10-08,54
marque_generique,Marque (recherche générique),ING,ING,en,2023-10-15,60
marque_generique,Marque (recherche générique),ING,ING,en,2023-10-22,52
marque_generique,Marque (recherche générique),ING,ING,en,2023-10-29,52
marque_generique,Marque (recherche générique),ING,ING,en,2023-11-05,54
marque_generique,Marque (recherche générique),ING,ING,en,2023-11-12,55
marque_generique,Marque (recherche générique),ING,ING,en,2023-11-19,54
marque_generique,Marque (recherche générique),ING,ING,en,2023-11-26,58
marque_generique,Marque (recherche générique),ING,ING,en,2023-12-03,54
marque_generique,Marque (recherche générique),ING,ING,en,2023-12-10,53
marque_generique,Marque (recherche générique),ING,ING,en,2023-12-17,55
marque_generique,Marque (recherche générique),ING,ING,en,2023-12-24,55
marque_generique,Marque (recherche générique),ING,ING,en,2023-12-31,52
marque_generique,Marque (recherche générique),ING,ING,en,2024-01-07,56
marque_generique,Marque (recherche générique),ING,ING,en,2024-01-14,51
marque_generique,Marque (recherche générique),ING,ING,en,2024-01-21,56
marque_generique,Marque (recherche générique),ING,ING,en,2024-01-28,61
marque_generique,Marque (recherche générique),ING,ING,en,2024-02-04,48
marque_generique,Marque (recherche générique),ING,ING,en,2024-02-11,51
marque_generique,Marque (recherche générique),ING,ING,en,2024-02-18,51
marque_generique,Marque (recherche générique),ING,ING,en,2024-02-25,57
marque_generique,Marque (recherche générique),ING,ING,en,2024-03-03,52
marque_generique,Marque (recherche générique),ING,ING,en,2024-03-10,52
marque_generique,Marque (recherche générique),ING,ING,en,2024-03-17,51
marque_generique,Marque (recherche générique),ING,ING,en,2024-03-24,90
marque_generique,Marque (recherche générique),ING,ING,en,2024-03-31,56
marque_generique,Marque (recherche générique),ING,ING,en,2024-04-07,54
marque_generique,Marque (recherche générique),ING,ING,en,2024-04-14,52
marque_generique,Marque (recherche générique),ING,ING,en,2024-04-21,49
marque_generique,Marque (recherche générique),ING,ING,en,2024-04-28,45
marque_generique,Marque (recherche générique),ING,ING,en,2024-05-05,47
marque_generique,Marque (recherche générique),ING,ING,en,2024-05-12,51
marque_generique,Marque (recherche générique),ING,ING,en,2024-05-19,50
marque_generique,Marque (recherche générique),ING,ING,en,2024-05-26,54
marque_generique,Marque (recherche générique),ING,ING,en,2024-06-02,57
marque_generique,Marque (recherche générique),ING,ING,en,2024-06-09,48
marque_generique,Marque (recherche générique),ING,ING,en,2024-06-16,51
marque_generique,Marque (recherche générique),ING,ING,en,2024-06-23,50
marque_generique,Marque (recherche générique),ING,ING,en,2024-06-30,57
marque_generique,Marque (recherche générique),ING,ING,en,2024-07-07,54
marque_generique,Marque (recherche générique),ING,ING,en,2024-07-14,49
marque_generique,Marque (recherche générique),ING,ING,en,2024-07-21,51
marque_generique,Marque (recherche générique),ING,ING,en,2024-07-28,50
marque_generique,Marque (recherche générique),ING,ING,en,2024-08-04,51
marque_generique,Marque (recherche générique),ING,ING,en,2024-08-11,45
marque_generique,Marque (recherche générique),ING,ING,en,2024-08-18,50
marque_generique,Marque (recherche générique),ING,ING,en,2024-08-25,73
marque_generique,Marque (recherche générique),ING,ING,en,2024-09-01,82
marque_generique,Marque (recherche générique),ING,ING,en,2024-09-08,63
marque_generique,Marque (recherche générique),ING,ING,en,2024-09-15,53
marque_generique,Marque (recherche générique),ING,ING,en,2024-09-22,55
marque_generique,Marque (recherche générique),ING,ING,en,2024-09-29,56
marque_generique,Marque (recherche générique),ING,ING,en,2024-10-06,52
marque_generique,Marque (recherche générique),ING,ING,en,2024-10-13,52
marque_generique,Marque (recherche générique),ING,ING,en,2024-10-20,56
marque_generique,Marque (recherche générique),ING,ING,en,2024-10-27,50
marque_generique,Marque (recherche générique),ING,ING,en,2024-11-03,54
marque_generique,Marque (recherche générique),ING,ING,en,2024-11-10,54
marque_generique,Marque (recherche générique),ING,ING,en,2024-11-17,51
marque_generique,Marque (recherche générique),ING,ING,en,2024-11-24,54
marque_generique,Marque (recherche générique),ING,ING,en,2024-12-01,54
marque_generique,Marque (recherche générique),ING,ING,en,2024-12-08,52
marque_generique,Marque (recherche générique),ING,ING,en,2024-12-15,54
marque_generique,Marque (recherche générique),ING,ING,en,2024-12-22,44
marque_generique,Marque (recherche générique),ING,ING,en,2024-12-29,48
marque_generique,Marque (recherche générique),ING,ING,en,2025-01-05,52
marque_generique,Marque (recherche générique),ING,ING,en,2025-01-12,53
marque_generique,Marque (recherche générique),ING,ING,en,2025-01-19,50
marque_generique,Marque (recherche générique),ING,ING,en,2025-01-26,52
marque_generique,Marque (recherche générique),ING,ING,en,2025-02-02,50
marque_generique,Marque (recherche générique),ING,ING,en,2025-02-09,51
marque_generique,Marque (recherche générique),ING,ING,en,2025-02-16,48
marque_generique,Marque (recherche générique),ING,ING,en,2025-02-23,53
marque_generique,Marque (recherche générique),ING,ING,en,2025-03-02,52
marque_generique,Marque (recherche générique),ING,ING,en,2025-03-09,50
marque_generique,Marque (recherche générique),ING,ING,en,2025-03-16,48
marque_generique,Marque (recherche générique),ING,ING,en,2025-03-23,48
marque_generique,Marque (recherche générique),ING,ING,en,2025-03-30,58
marque_generique,Marque (recherche générique),ING,ING,en,2025-04-06,52
marque_generique,Marque (recherche générique),ING,ING,en,2025-04-13,52
marque_generique,Marque (recherche générique),ING,ING,en,2025-04-20,50
marque_generique,Marque (recherche générique),ING,ING,en,2025-04-27,45
marque_generique,Marque (recherche générique),ING,ING,en,2025-05-04,45
marque_generique,Marque (recherche générique),ING,ING,en,2025-05-11,49
marque_generique,Marque (recherche générique),ING,ING,en,2025-05-18,52
marque_generique,Marque (recherche générique),ING,ING,en,2025-05-25,45
marque_generique,Marque (recherche générique),ING,ING,en,2025-06-01,48
marque_generique,Marque (recherche générique),ING,ING,en,2025-06-08,41
marque_generique,Marque (recherche générique),ING,ING,en,2025-06-15,45
marque_generique,Marque (recherche générique),ING,ING,en,2025-06-22,51
marque_generique,Marque (recherche générique),ING,ING,en,2025-06-29,49
marque_generique,Marque (recherche générique),ING,ING,en,2025-07-06,54
marque_generique,Marque (recherche générique),ING,ING,en,2025-07-13,49
marque_generique,Marque (recherche générique),ING,ING,en,2025-07-20,47
marque_generique,Marque (recherche générique),ING,ING,en,2025-07-27,51
marque_generique,Marque (recherche générique),ING,ING,en,2025-08-03,45
marque_generique,Marque (recherche générique),ING,ING,en,2025-08-10,42
marque_generique,Marque (recherche générique),ING,ING,en,2025-08-17,48
marque_generique,Marque (recherche générique),ING,ING,en,2025-08-24,52
marque_generique,Marque (recherche générique),ING,ING,en,2025-08-31,49
marque_generique,Marque (recherche générique),ING,ING,en,2025-09-07,47
marque_generique,Marque (recherche générique),ING,ING,en,2025-09-14,50
marque_generique,Marque (recherche générique),ING,ING,en,2025-09-21,50
marque_generique,Marque (recherche générique),ING,ING,en,2025-09-28,55
marque_generique,Marque (recherche générique),ING,ING,en,2025-10-05,51
marque_generique,Marque (recherche générique),ING,ING,en,2025-10-12,45
marque_generique,Marque (recherche générique),ING,ING,en,2025-10-19,50
marque_generique,Marque (recherche générique),ING,ING,en,2025-10-26,50
marque_generique,Marque (recherche générique),ING,ING,en,2025-11-02,55
marque_generique,Marque (recherche générique),ING,ING,en,2025-11-09,47
marque_generique,Marque (recherche générique),ING,ING,en,2025-11-16,49
marque_generique,Marque (recherche générique),ING,ING,en,2025-11-23,48
marque_generique,Marque (recherche générique),ING,ING,en,2025-11-30,50
marque_generique,Marque (recherche générique),ING,ING,en,2025-12-07,48
marque_generique,Marque (recherche générique),ING,ING,en,2025-12-14,49
marque_generique,Marque (recherche générique),ING,ING,en,2025-12-21,47
marque_generique,Marque (recherche générique),ING,ING,en,2025-12-28,44
marque_generique,Marque (recherche générique),ING,ING,en,2026-01-04,49
marque_generique,Marque (recherche générique),ING,ING,en,2026-01-11,49
marque_generique,Marque (recherche générique),ING,ING,en,2026-01-18,48
marque_generique,Marque (recherche générique),ING,ING,en,2026-01-25,47
marque_generique,Marque (recherche générique),ING,ING,en,2026-02-01,52
marque_generique,Marque (recherche générique),ING,ING,en,2026-02-08,46
marque_generique,Marque (recherche générique),ING,ING,en,2026-02-15,43
marque_generique,Marque (recherche générique),ING,ING,en,2026-02-22,46
marque_generique,Marque (recherche générique),ING,ING,en,2026-03-01,45
marque_generique,Marque (recherche générique),ING,ING,en,2026-03-08,48
marque_generique,Marque (recherche générique),ING,ING,en,2026-03-15,49
marque_generique,Marque (recherche générique),ING,ING,en,2026-03-22,46
marque_generique,Marque (recherche générique),ING,ING,en,2026-03-29,45
marque_generique,Marque (recherche générique),ING,ING,en,2026-04-05,43
marque_generique,Marque (recherche générique),ING,ING,en,2026-04-12,41
marque_generique,Marque (recherche générique),ING,ING,en,2026-04-19,42
marque_generique,Marque (recherche générique),ING,ING,en,2026-04-26,42
marque_generique,Marque (recherche générique),ING,ING,en,2026-05-03,48
marque_generique,Marque (recherche générique),ING,ING,en,2026-05-10,46
marque_generique,Marque (recherche générique),ING,ING,en,2026-05-17,49
marque_generique,Marque (recherche générique),ING,ING,en,2026-05-24,43
marque_generique,Marque (recherche générique),ING,ING,en,2026-05-31,43
marque_generique,Marque (recherche générique),ING,ING,en,2026-06-07,40
marque_generique,Marque (recherche générique),ING,ING,en,2026-06-14,40
marque_generique,Marque (recherche générique),ING,ING,en,2026-06-21,38
marque_generique,Marque (recherche générique),ING,ING,en,2026-06-28,51
marque_generique,Marque (recherche générique),ING,ING,en,2026-07-05,40
marque_generique,Marque (recherche générique),ING,ING,en,2026-07-12,39
marque_generique,Marque (recherche générique),ING,ING,en,2026-07-19,35
marque_generique,Marque (recherche générique),ING,ING,en,2026-07-26,38
marque_generique,Marque (recherche générique),ING,ING,en,2026-08-02,41
marque_generique,Marque (recherche générique),ING,ING,en,2026-08-09,35
marque_generique,Marque (recherche générique),ING,ING,en,2026-08-16,37
marque_generique,Marque (recherche générique),ING,ING,en,2026-08-23,41
marque_generique,Marque (recherche générique),ING,ING,en,2026-08-30,46
marque_generique,Marque (recherche générique),ING,ING,en,2026-09-06,39
marque_generique,Marque (recherche générique),ING,ING,en,2026-09-13,35
marque_generique,Marque (recherche générique),KBC,KBC,en,2021-09-12,64
marque_generique,Marque (recherche générique),KBC,KBC,en,2021-09-19,69
marque_generique,Marque (recherche générique),KBC,KBC,en,2021-09-26,72
marque_generique,Marque (recherche générique),KBC,KBC,en,2021-10-03,75
marque_generique,Marque (recherche générique),KBC,KBC,en,2021-10-10,75
marque_generique,Marque (recherche générique),KBC,KBC,en,2021-10-17,72
marque_generique,Marque (recherche générique),KBC,KBC,en,2021-10-24,68
marque_generique,Marque (recherche générique),KBC,KBC,en,2021-10-31,65
marque_generique,Marque (recherche générique),KBC,KBC,en,2021-11-07,63
marque_generique,Marque (recherche générique),KBC,KBC,en,2021-11-14,69
marque_generique,Marque (recherche générique),KBC,KBC,en,2021-11-21,63
marque_generique,Marque (recherche générique),KBC,KBC,en,2021-11-28,67
marque_generique,Marque (recherche générique),KBC,KBC,en,2021-12-05,76
marque_generique,Marque (recherche générique),KBC,KBC,en,2021-12-12,76
marque_generique,Marque (recherche générique),KBC,KBC,en,2021-12-19,69
marque_generique,Marque (recherche générique),KBC,KBC,en,2021-12-26,64
marque_generique,Marque (recherche générique),KBC,KBC,en,2022-01-02,77
marque_generique,Marque (recherche générique),KBC,KBC,en,2022-01-09,74
marque_generique,Marque (recherche générique),KBC,KBC,en,2022-01-16,73
marque_generique,Marque (recherche générique),KBC,KBC,en,2022-01-23,67
marque_generique,Marque (recherche générique),KBC,KBC,en,2022-01-30,82
marque_generique,Marque (recherche générique),KBC,KBC,en,2022-02-06,75
marque_generique,Marque (recherche générique),KBC,KBC,en,2022-02-13,70
marque_generique,Marque (recherche générique),KBC,KBC,en,2022-02-20,79
marque_generique,Marque (recherche générique),KBC,KBC,en,2022-02-27,83
marque_generique,Marque (recherche générique),KBC,KBC,en,2022-03-06,83
marque_generique,Marque (recherche générique),KBC,KBC,en,2022-03-13,75
marque_generique,Marque (recherche générique),KBC,KBC,en,2022-03-20,74
marque_generique,Marque (recherche générique),KBC,KBC,en,2022-03-27,76
marque_generique,Marque (recherche générique),KBC,KBC,en,2022-04-03,74
marque_generique,Marque (recherche générique),KBC,KBC,en,2022-04-10,68
marque_generique,Marque (recherche générique),KBC,KBC,en,2022-04-17,67
marque_generique,Marque (recherche générique),KBC,KBC,en,2022-04-24,70
marque_generique,Marque (recherche générique),KBC,KBC,en,2022-05-01,71
marque_generique,Marque (recherche générique),KBC,KBC,en,2022-05-08,75
marque_generique,Marque (recherche générique),KBC,KBC,en,2022-05-15,69
marque_generique,Marque (recherche générique),KBC,KBC,en,2022-05-22,64
marque_generique,Marque (recherche générique),KBC,KBC,en,2022-05-29,75
marque_generique,Marque (recherche générique),KBC,KBC,en,2022-06-05,70
marque_generique,Marque (recherche générique),KBC,KBC,en,2022-06-12,75
marque_generique,Marque (recherche générique),KBC,KBC,en,2022-06-19,70
marque_generique,Marque (recherche générique),KBC,KBC,en,2022-06-26,82
marque_generique,Marque (recherche générique),KBC,KBC,en,2022-07-03,81
marque_generique,Marque (recherche générique),KBC,KBC,en,2022-07-10,75
marque_generique,Marque (recherche générique),KBC,KBC,en,2022-07-17,62
marque_generique,Marque (recherche générique),KBC,KBC,en,2022-07-24,66
marque_generique,Marque (recherche générique),KBC,KBC,en,2022-07-31,71
marque_generique,Marque (recherche générique),KBC,KBC,en,2022-08-07,64
marque_generique,Marque (recherche générique),KBC,KBC,en,2022-08-14,62
marque_generique,Marque (recherche générique),KBC,KBC,en,2022-08-21,70
marque_generique,Marque (recherche générique),KBC,KBC,en,2022-08-28,72
marque_generique,Marque (recherche générique),KBC,KBC,en,2022-09-04,73
marque_generique,Marque (recherche générique),KBC,KBC,en,2022-09-11,79
marque_generique,Marque (recherche générique),KBC,KBC,en,2022-09-18,68
marque_generique,Marque (recherche générique),KBC,KBC,en,2022-09-25,71
marque_generique,Marque (recherche générique),KBC,KBC,en,2022-10-02,75
marque_generique,Marque (recherche générique),KBC,KBC,en,2022-10-09,68
marque_generique,Marque (recherche générique),KBC,KBC,en,2022-10-16,69
marque_generique,Marque (recherche générique),KBC,KBC,en,2022-10-23,76
marque_generique,Marque (recherche générique),KBC,KBC,en,2022-10-30,60
marque_generique,Marque (recherche générique),KBC,KBC,en,2022-11-06,65
marque_generique,Marque (recherche générique),KBC,KBC,en,2022-11-13,74
marque_generique,Marque (recherche générique),KBC,KBC,en,2022-11-20,62
marque_generique,Marque (recherche générique),KBC,KBC,en,2022-11-27,69
marque_generique,Marque (recherche générique),KBC,KBC,en,2022-12-04,69
marque_generique,Marque (recherche générique),KBC,KBC,en,2022-12-11,70
marque_generique,Marque (recherche générique),KBC,KBC,en,2022-12-18,73
marque_generique,Marque (recherche générique),KBC,KBC,en,2022-12-25,66
marque_generique,Marque (recherche générique),KBC,KBC,en,2023-01-01,79
marque_generique,Marque (recherche générique),KBC,KBC,en,2023-01-08,77
marque_generique,Marque (recherche générique),KBC,KBC,en,2023-01-15,73
marque_generique,Marque (recherche générique),KBC,KBC,en,2023-01-22,74
marque_generique,Marque (recherche générique),KBC,KBC,en,2023-01-29,75
marque_generique,Marque (recherche générique),KBC,KBC,en,2023-02-05,76
marque_generique,Marque (recherche générique),KBC,KBC,en,2023-02-12,71
marque_generique,Marque (recherche générique),KBC,KBC,en,2023-02-19,68
marque_generique,Marque (recherche générique),KBC,KBC,en,2023-02-26,71
marque_generique,Marque (recherche générique),KBC,KBC,en,2023-03-05,73
marque_generique,Marque (recherche générique),KBC,KBC,en,2023-03-12,79
marque_generique,Marque (recherche générique),KBC,KBC,en,2023-03-19,81
marque_generique,Marque (recherche générique),KBC,KBC,en,2023-03-26,71
marque_generique,Marque (recherche générique),KBC,KBC,en,2023-04-02,69
marque_generique,Marque (recherche générique),KBC,KBC,en,2023-04-09,62
marque_generique,Marque (recherche générique),KBC,KBC,en,2023-04-16,66
marque_generique,Marque (recherche générique),KBC,KBC,en,2023-04-23,67
marque_generique,Marque (recherche générique),KBC,KBC,en,2023-04-30,59
marque_generique,Marque (recherche générique),KBC,KBC,en,2023-05-07,63
marque_generique,Marque (recherche générique),KBC,KBC,en,2023-05-14,60
marque_generique,Marque (recherche générique),KBC,KBC,en,2023-05-21,74
marque_generique,Marque (recherche générique),KBC,KBC,en,2023-05-28,63
marque_generique,Marque (recherche générique),KBC,KBC,en,2023-06-04,63
marque_generique,Marque (recherche générique),KBC,KBC,en,2023-06-11,64
marque_generique,Marque (recherche générique),KBC,KBC,en,2023-06-18,65
marque_generique,Marque (recherche générique),KBC,KBC,en,2023-06-25,70
marque_generique,Marque (recherche générique),KBC,KBC,en,2023-07-02,79
marque_generique,Marque (recherche générique),KBC,KBC,en,2023-07-09,72
marque_generique,Marque (recherche générique),KBC,KBC,en,2023-07-16,57
marque_generique,Marque (recherche générique),KBC,KBC,en,2023-07-23,63
marque_generique,Marque (recherche générique),KBC,KBC,en,2023-07-30,65
marque_generique,Marque (recherche générique),KBC,KBC,en,2023-08-06,65
marque_generique,Marque (recherche générique),KBC,KBC,en,2023-08-13,58
marque_generique,Marque (recherche générique),KBC,KBC,en,2023-08-20,83
marque_generique,Marque (recherche générique),KBC,KBC,en,2023-08-27,90
marque_generique,Marque (recherche générique),KBC,KBC,en,2023-09-03,70
marque_generique,Marque (recherche générique),KBC,KBC,en,2023-09-10,60
marque_generique,Marque (recherche générique),KBC,KBC,en,2023-09-17,63
marque_generique,Marque (recherche générique),KBC,KBC,en,2023-09-24,64
marque_generique,Marque (recherche générique),KBC,KBC,en,2023-10-01,68
marque_generique,Marque (recherche générique),KBC,KBC,en,2023-10-08,61
marque_generique,Marque (recherche générique),KBC,KBC,en,2023-10-15,65
marque_generique,Marque (recherche générique),KBC,KBC,en,2023-10-22,66
marque_generique,Marque (recherche générique),KBC,KBC,en,2023-10-29,58
marque_generique,Marque (recherche générique),KBC,KBC,en,2023-11-05,63
marque_generique,Marque (recherche générique),KBC,KBC,en,2023-11-12,59
marque_generique,Marque (recherche générique),KBC,KBC,en,2023-11-19,67
marque_generique,Marque (recherche générique),KBC,KBC,en,2023-11-26,64
marque_generique,Marque (recherche générique),KBC,KBC,en,2023-12-03,67
marque_generique,Marque (recherche générique),KBC,KBC,en,2023-12-10,75
marque_generique,Marque (recherche générique),KBC,KBC,en,2023-12-17,72
marque_generique,Marque (recherche générique),KBC,KBC,en,2023-12-24,59
marque_generique,Marque (recherche générique),KBC,KBC,en,2023-12-31,68
marque_generique,Marque (recherche générique),KBC,KBC,en,2024-01-07,75
marque_generique,Marque (recherche générique),KBC,KBC,en,2024-01-14,71
marque_generique,Marque (recherche générique),KBC,KBC,en,2024-01-21,65
marque_generique,Marque (recherche générique),KBC,KBC,en,2024-01-28,70
marque_generique,Marque (recherche générique),KBC,KBC,en,2024-02-04,63
marque_generique,Marque (recherche générique),KBC,KBC,en,2024-02-11,62
marque_generique,Marque (recherche générique),KBC,KBC,en,2024-02-18,62
marque_generique,Marque (recherche générique),KBC,KBC,en,2024-02-25,69
marque_generique,Marque (recherche générique),KBC,KBC,en,2024-03-03,62
marque_generique,Marque (recherche générique),KBC,KBC,en,2024-03-10,57
marque_generique,Marque (recherche générique),KBC,KBC,en,2024-03-17,60
marque_generique,Marque (recherche générique),KBC,KBC,en,2024-03-24,66
marque_generique,Marque (recherche générique),KBC,KBC,en,2024-03-31,61
marque_generique,Marque (recherche générique),KBC,KBC,en,2024-04-07,59
marque_generique,Marque (recherche générique),KBC,KBC,en,2024-04-14,60
marque_generique,Marque (recherche générique),KBC,KBC,en,2024-04-21,59
marque_generique,Marque (recherche générique),KBC,KBC,en,2024-04-28,57
marque_generique,Marque (recherche générique),KBC,KBC,en,2024-05-05,53
marque_generique,Marque (recherche générique),KBC,KBC,en,2024-05-12,69
marque_generique,Marque (recherche générique),KBC,KBC,en,2024-05-19,52
marque_generique,Marque (recherche générique),KBC,KBC,en,2024-05-26,59
marque_generique,Marque (recherche générique),KBC,KBC,en,2024-06-02,59
marque_generique,Marque (recherche générique),KBC,KBC,en,2024-06-09,56
marque_generique,Marque (recherche générique),KBC,KBC,en,2024-06-16,50
marque_generique,Marque (recherche générique),KBC,KBC,en,2024-06-23,56
marque_generique,Marque (recherche générique),KBC,KBC,en,2024-06-30,61
marque_generique,Marque (recherche générique),KBC,KBC,en,2024-07-07,62
marque_generique,Marque (recherche générique),KBC,KBC,en,2024-07-14,57
marque_generique,Marque (recherche générique),KBC,KBC,en,2024-07-21,58
marque_generique,Marque (recherche générique),KBC,KBC,en,2024-07-28,54
marque_generique,Marque (recherche générique),KBC,KBC,en,2024-08-04,59
marque_generique,Marque (recherche générique),KBC,KBC,en,2024-08-11,53
marque_generique,Marque (recherche générique),KBC,KBC,en,2024-08-18,62
marque_generique,Marque (recherche générique),KBC,KBC,en,2024-08-25,64
marque_generique,Marque (recherche générique),KBC,KBC,en,2024-09-01,100
marque_generique,Marque (recherche générique),KBC,KBC,en,2024-09-08,76
marque_generique,Marque (recherche générique),KBC,KBC,en,2024-09-15,66
marque_generique,Marque (recherche générique),KBC,KBC,en,2024-09-22,67
marque_generique,Marque (recherche générique),KBC,KBC,en,2024-09-29,71
marque_generique,Marque (recherche générique),KBC,KBC,en,2024-10-06,57
marque_generique,Marque (recherche générique),KBC,KBC,en,2024-10-13,59
marque_generique,Marque (recherche générique),KBC,KBC,en,2024-10-20,60
marque_generique,Marque (recherche générique),KBC,KBC,en,2024-10-27,57
marque_generique,Marque (recherche générique),KBC,KBC,en,2024-11-03,59
marque_generique,Marque (recherche générique),KBC,KBC,en,2024-11-10,55
marque_generique,Marque (recherche générique),KBC,KBC,en,2024-11-17,56
marque_generique,Marque (recherche générique),KBC,KBC,en,2024-11-24,62
marque_generique,Marque (recherche générique),KBC,KBC,en,2024-12-01,60
marque_generique,Marque (recherche générique),KBC,KBC,en,2024-12-08,56
marque_generique,Marque (recherche générique),KBC,KBC,en,2024-12-15,64
marque_generique,Marque (recherche générique),KBC,KBC,en,2024-12-22,56
marque_generique,Marque (recherche générique),KBC,KBC,en,2024-12-29,62
marque_generique,Marque (recherche générique),KBC,KBC,en,2025-01-05,66
marque_generique,Marque (recherche générique),KBC,KBC,en,2025-01-12,54
marque_generique,Marque (recherche générique),KBC,KBC,en,2025-01-19,61
marque_generique,Marque (recherche générique),KBC,KBC,en,2025-01-26,62
marque_generique,Marque (recherche générique),KBC,KBC,en,2025-02-02,58
marque_generique,Marque (recherche générique),KBC,KBC,en,2025-02-09,58
marque_generique,Marque (recherche générique),KBC,KBC,en,2025-02-16,61
marque_generique,Marque (recherche générique),KBC,KBC,en,2025-02-23,65
marque_generique,Marque (recherche générique),KBC,KBC,en,2025-03-02,62
marque_generique,Marque (recherche générique),KBC,KBC,en,2025-03-09,61
marque_generique,Marque (recherche générique),KBC,KBC,en,2025-03-16,56
marque_generique,Marque (recherche générique),KBC,KBC,en,2025-03-23,52
marque_generique,Marque (recherche générique),KBC,KBC,en,2025-03-30,65
marque_generique,Marque (recherche générique),KBC,KBC,en,2025-04-06,68
marque_generique,Marque (recherche générique),KBC,KBC,en,2025-04-13,54
marque_generique,Marque (recherche générique),KBC,KBC,en,2025-04-20,58
marque_generique,Marque (recherche générique),KBC,KBC,en,2025-04-27,55
marque_generique,Marque (recherche générique),KBC,KBC,en,2025-05-04,59
marque_generique,Marque (recherche générique),KBC,KBC,en,2025-05-11,61
marque_generique,Marque (recherche générique),KBC,KBC,en,2025-05-18,61
marque_generique,Marque (recherche générique),KBC,KBC,en,2025-05-25,52
marque_generique,Marque (recherche générique),KBC,KBC,en,2025-06-01,57
marque_generique,Marque (recherche générique),KBC,KBC,en,2025-06-08,50
marque_generique,Marque (recherche générique),KBC,KBC,en,2025-06-15,58
marque_generique,Marque (recherche générique),KBC,KBC,en,2025-06-22,61
marque_generique,Marque (recherche générique),KBC,KBC,en,2025-06-29,65
marque_generique,Marque (recherche générique),KBC,KBC,en,2025-07-06,60
marque_generique,Marque (recherche générique),KBC,KBC,en,2025-07-13,60
marque_generique,Marque (recherche générique),KBC,KBC,en,2025-07-20,55
marque_generique,Marque (recherche générique),KBC,KBC,en,2025-07-27,61
marque_generique,Marque (recherche générique),KBC,KBC,en,2025-08-03,58
marque_generique,Marque (recherche générique),KBC,KBC,en,2025-08-10,56
marque_generique,Marque (recherche générique),KBC,KBC,en,2025-08-17,62
marque_generique,Marque (recherche générique),KBC,KBC,en,2025-08-24,60
marque_generique,Marque (recherche générique),KBC,KBC,en,2025-08-31,59
marque_generique,Marque (recherche générique),KBC,KBC,en,2025-09-07,59
marque_generique,Marque (recherche générique),KBC,KBC,en,2025-09-14,59
marque_generique,Marque (recherche générique),KBC,KBC,en,2025-09-21,59
marque_generique,Marque (recherche générique),KBC,KBC,en,2025-09-28,65
marque_generique,Marque (recherche générique),KBC,KBC,en,2025-10-05,61
marque_generique,Marque (recherche générique),KBC,KBC,en,2025-10-12,56
marque_generique,Marque (recherche générique),KBC,KBC,en,2025-10-19,61
marque_generique,Marque (recherche générique),KBC,KBC,en,2025-10-26,61
marque_generique,Marque (recherche générique),KBC,KBC,en,2025-11-02,62
marque_generique,Marque (recherche générique),KBC,KBC,en,2025-11-09,57
marque_generique,Marque (recherche générique),KBC,KBC,en,2025-11-16,56
marque_generique,Marque (recherche générique),KBC,KBC,en,2025-11-23,53
marque_generique,Marque (recherche générique),KBC,KBC,en,2025-11-30,56
marque_generique,Marque (recherche générique),KBC,KBC,en,2025-12-07,57
marque_generique,Marque (recherche générique),KBC,KBC,en,2025-12-14,61
marque_generique,Marque (recherche générique),KBC,KBC,en,2025-12-21,51
marque_generique,Marque (recherche générique),KBC,KBC,en,2025-12-28,58
marque_generique,Marque (recherche générique),KBC,KBC,en,2026-01-04,64
marque_generique,Marque (recherche générique),KBC,KBC,en,2026-01-11,62
marque_generique,Marque (recherche générique),KBC,KBC,en,2026-01-18,59
marque_generique,Marque (recherche générique),KBC,KBC,en,2026-01-25,58
marque_generique,Marque (recherche générique),KBC,KBC,en,2026-02-01,58
marque_generique,Marque (recherche générique),KBC,KBC,en,2026-02-08,56
marque_generique,Marque (recherche générique),KBC,KBC,en,2026-02-15,52
marque_generique,Marque (recherche générique),KBC,KBC,en,2026-02-22,56
marque_generique,Marque (recherche générique),KBC,KBC,en,2026-03-01,56
marque_generique,Marque (recherche générique),KBC,KBC,en,2026-03-08,52
marque_generique,Marque (recherche générique),KBC,KBC,en,2026-03-15,54
marque_generique,Marque (recherche générique),KBC,KBC,en,2026-03-22,58
marque_generique,Marque (recherche générique),KBC,KBC,en,2026-03-29,59
marque_generique,Marque (recherche générique),KBC,KBC,en,2026-04-05,52
marque_generique,Marque (recherche générique),KBC,KBC,en,2026-04-12,50
marque_generique,Marque (recherche générique),KBC,KBC,en,2026-04-19,51
marque_generique,Marque (recherche générique),KBC,KBC,en,2026-04-26,51
marque_generique,Marque (recherche générique),KBC,KBC,en,2026-05-03,53
marque_generique,Marque (recherche générique),KBC,KBC,en,2026-05-10,49
marque_generique,Marque (recherche générique),KBC,KBC,en,2026-05-17,55
marque_generique,Marque (recherche générique),KBC,KBC,en,2026-05-24,50
marque_generique,Marque (recherche générique),KBC,KBC,en,2026-05-31,53
marque_generique,Marque (recherche générique),KBC,KBC,en,2026-06-07,52
marque_generique,Marque (recherche générique),KBC,KBC,en,2026-06-14,47
marque_generique,Marque (recherche générique),KBC,KBC,en,2026-06-21,49
marque_generique,Marque (recherche générique),KBC,KBC,en,2026-06-28,53
marque_generique,Marque (recherche générique),KBC,KBC,en,2026-07-05,49
marque_generique,Marque (recherche générique),KBC,KBC,en,2026-07-12,48
marque_generique,Marque (recherche générique),KBC,KBC,en,2026-07-19,47
marque_generique,Marque (recherche générique),KBC,KBC,en,2026-07-26,45
marque_generique,Marque (recherche générique),KBC,KBC,en,2026-08-02,50
marque_generique,Marque (recherche générique),KBC,KBC,en,2026-08-09,46
marque_generique,Marque (recherche générique),KBC,KBC,en,2026-08-16,46
marque_generique,Marque (recherche générique),KBC,KBC,en,2026-08-23,48
marque_generique,Marque (recherche générique),KBC,KBC,en,2026-08-30,57
marque_generique,Marque (recherche générique),KBC,KBC,en,2026-09-06,49
marque_generique,Marque (recherche générique),KBC,KBC,en,2026-09-13,42
marque_generique_digitales,Marques — banques digitales sans réseau d'agences,Hello bank!,HELLOBANK,multi,2021-09-19,1
marque_generique_digitales,Marques — banques digitales sans réseau d'agences,Hello bank!,HELLOBANK,multi,2021-09-26,1
marque_generique_digitales,Marques — banques digitales sans réseau d'agences,Hello bank!,HELLOBANK,multi,2021-10-03,1
marque_generique_digitales,Marques — banques digitales sans réseau d'agences,Hello bank!,HELLOBANK,multi,2021-10-10,1
marque_generique_digitales,Marques — banques digitales sans réseau d'agences,Hello bank!,HELLOBANK,multi,2021-10-17,1
marque_generique_digitales,Marques — banques digitales sans réseau d'agences,Hello bank!,HELLOBANK,multi,2021-10-24,1
marque_generique_digitales,Marques — banques digitales sans réseau d'agences,Hello bank!,HELLOBANK,multi,2021-10-31,1
marque_generique_digitales,Marques — banques digitales sans réseau d'agences,Hello bank!,HELLOBANK,multi,2021-11-07,1
marque_generique_digitales,Marques — banques digitales sans réseau d'agences,Hello bank!,HELLOBANK,multi,2021-11-14,1
marque_generique_digitales,Marques — banques digitales sans réseau d'agences,Hello bank!,HELLOBANK,multi,2021-11-21,1
marque_generique_digitales,Marques — banques digitales sans réseau d'agences,Hello bank!,HELLOBANK,multi,2021-11-28,1
marque_generique_digitales,Marques — banques digitales sans réseau d'agences,Hello bank!,HELLOBANK,multi,2021-12-05,1
marque_generique_digitales,Marques — banques digitales sans réseau d'agences,Hello bank!,HELLOBANK,multi,2021-12-12,2
marque_generique_digitales,Marques — banques digitales sans réseau d'agences,Hello bank!,HELLOBANK,multi,2021-12-19,1
marque_generique_digitales,Marques — banques digitales sans réseau d'agences,Hello bank!,HELLOBANK,multi,2021-12-26,1
marque_generique_digitales,Marques — banques digitales sans réseau d'agences,Hello bank!,HELLOBANK,multi,2022-01-02,2
marque_generique_digitales,Marques — banques digitales sans réseau d'agences,Hello bank!,HELLOBANK,multi,2022-01-09,2
marque_generique_digitales,Marques — banques digitales sans réseau d'agences,Hello bank!,HELLOBANK,multi,2022-01-16,1
marque_generique_digitales,Marques — banques digitales sans réseau d'agences,Hello bank!,HELLOBANK,multi,2022-01-23,2
marque_generique_digitales,Marques — banques digitales sans réseau d'agences,Hello bank!,HELLOBANK,multi,2022-01-30,2
marque_generique_digitales,Marques — banques digitales sans réseau d'agences,Hello bank!,HELLOBANK,multi,2022-02-06,2
marque_generique_digitales,Marques — banques digitales sans réseau d'agences,Hello bank!,HELLOBANK,multi,2022-02-13,1
marque_generique_digitales,Marques — banques digitales sans réseau d'agences,Hello bank!,HELLOBANK,multi,2022-02-20,1
marque_generique_digitales,Marques — banques digitales sans réseau d'agences,Hello bank!,HELLOBANK,multi,2022-02-27,1
marque_generique_digitales,Marques — banques digitales sans réseau d'agences,Hello bank!,HELLOBANK,multi,2022-03-06,1
marque_generique_digitales,Marques — banques digitales sans réseau d'agences,Hello bank!,HELLOBANK,multi,2022-03-13,1
marque_generique_digitales,Marques — banques digitales sans réseau d'agences,Hello bank!,HELLOBANK,multi,2022-03-20,1
marque_generique_digitales,Marques — banques digitales sans réseau d'agences,Hello bank!,HELLOBANK,multi,2022-03-27,1
marque_generique_digitales,Marques — banques digitales sans réseau d'agences,Hello bank!,HELLOBANK,multi,2022-04-03,1
marque_generique_digitales,Marques — banques digitales sans réseau d'agences,Hello bank!,HELLOBANK,multi,2022-04-10,1
marque_generique_digitales,Marques — banques digitales sans réseau d'agences,Hello bank!,HELLOBANK,multi,2022-04-17,1
marque_generique_digitales,Marques — banques digitales sans réseau d'agences,Hello bank!,HELLOBANK,multi,2022-04-24,1
marque_generique_digitales,Marques — banques digitales sans réseau d'agences,Hello bank!,HELLOBANK,multi,2022-05-01,1
marque_generique_digitales,Marques — banques digitales sans réseau d'agences,Hello bank!,HELLOBANK,multi,2022-05-08,1
marque_generique_digitales,Marques — banques digitales sans réseau d'agences,Hello bank!,HELLOBANK,multi,2022-05-15,1
marque_generique_digitales,Marques — banques digitales sans réseau d'agences,Hello bank!,HELLOBANK,multi,2022-05-22,1
marque_generique_digitales,Marques — banques digitales sans réseau d'agences,Hello bank!,HELLOBANK,multi,2022-05-29,1
marque_generique_digitales,Marques — banques digitales sans réseau d'agences,Hello bank!,HELLOBANK,multi,2022-06-05,1
marque_generique_digitales,Marques — banques digitales sans réseau d'agences,Hello bank!,HELLOBANK,multi,2022-06-12,1
marque_generique_digitales,Marques — banques digitales sans réseau d'agences,Hello bank!,HELLOBANK,multi,2022-06-19,1
marque_generique_digitales,Marques — banques digitales sans réseau d'agences,Hello bank!,HELLOBANK,multi,2022-06-26,2
marque_generique_digitales,Marques — banques digitales sans réseau d'agences,Hello bank!,HELLOBANK,multi,2022-07-03,1
marque_generique_digitales,Marques — banques digitales sans réseau d'agences,Hello bank!,HELLOBANK,multi,2022-07-10,1
marque_generique_digitales,Marques — banques digitales sans réseau d'agences,Hello bank!,HELLOBANK,multi,2022-07-17,1
marque_generique_digitales,Marques — banques digitales sans réseau d'agences,Hello bank!,HELLOBANK,multi,2022-07-24,1
marque_generique_digitales,Marques — banques digitales sans réseau d'agences,Hello bank!,HELLOBANK,multi,2022-07-31,2
marque_generique_digitales,Marques — banques digitales sans réseau d'agences,Hello bank!,HELLOBANK,multi,2022-08-07,2
marque_generique_digitales,Marques — banques digitales sans réseau d'agences,Hello bank!,HELLOBANK,multi,2022-08-14,1
marque_generique_digitales,Marques — banques digitales sans réseau d'agences,Hello bank!,HELLOBANK,multi,2022-08-21,1
marque_generique_digitales,Marques — banques digitales sans réseau d'agences,Hello bank!,HELLOBANK,multi,2022-08-28,1
marque_generique_digitales,Marques — banques digitales sans réseau d'agences,Hello bank!,HELLOBANK,multi,2022-09-04,1
marque_generique_digitales,Marques — banques digitales sans réseau d'agences,Hello bank!,HELLOBANK,multi,2022-09-11,1
marque_generique_digitales,Marques — banques digitales sans réseau d'agences,Hello bank!,HELLOBANK,multi,2022-09-18,1
marque_generique_digitales,Marques — banques digitales sans réseau d'agences,Hello bank!,HELLOBANK,multi,2022-09-25,1
marque_generique_digitales,Marques — banques digitales sans réseau d'agences,Hello bank!,HELLOBANK,multi,2022-10-02,2
marque_generique_digitales,Marques — banques digitales sans réseau d'agences,Hello bank!,HELLOBANK,multi,2022-10-09,1
marque_generique_digitales,Marques — banques digitales sans réseau d'agences,Hello bank!,HELLOBANK,multi,2022-10-16,1
marque_generique_digitales,Marques — banques digitales sans réseau d'agences,Hello bank!,HELLOBANK,multi,2022-10-23,1
marque_generique_digitales,Marques — banques digitales sans réseau d'agences,Hello bank!,HELLOBANK,multi,2022-10-30,1
marque_generique_digitales,Marques — banques digitales sans réseau d'agences,Hello bank!,HELLOBANK,multi,2022-11-06,1
marque_generique_digitales,Marques — banques digitales sans réseau d'agences,Hello bank!,HELLOBANK,multi,2022-11-13,1
marque_generique_digitales,Marques — banques digitales sans réseau d'agences,Hello bank!,HELLOBANK,multi,2022-11-20,1
marque_generique_digitales,Marques — banques digitales sans réseau d'agences,Hello bank!,HELLOBANK,multi,2022-11-27,1
marque_generique_digitales,Marques — banques digitales sans réseau d'agences,Hello bank!,HELLOBANK,multi,2022-12-04,1
marque_generique_digitales,Marques — banques digitales sans réseau d'agences,Hello bank!,HELLOBANK,multi,2022-12-11,1
marque_generique_digitales,Marques — banques digitales sans réseau d'agences,Hello bank!,HELLOBANK,multi,2022-12-18,1
marque_generique_digitales,Marques — banques digitales sans réseau d'agences,Hello bank!,HELLOBANK,multi,2022-12-25,1
marque_generique_digitales,Marques — banques digitales sans réseau d'agences,Hello bank!,HELLOBANK,multi,2023-01-01,1
marque_generique_digitales,Marques — banques digitales sans réseau d'agences,Hello bank!,HELLOBANK,multi,2023-01-08,1
marque_generique_digitales,Marques — banques digitales sans réseau d'agences,Hello bank!,HELLOBANK,multi,2023-01-15,1
marque_generique_digitales,Marques — banques digitales sans réseau d'agences,Hello bank!,HELLOBANK,multi,2023-01-22,1
marque_generique_digitales,Marques — banques digitales sans réseau d'agences,Hello bank!,HELLOBANK,multi,2023-01-29,1
marque_generique_digitales,Marques — banques digitales sans réseau d'agences,Hello bank!,HELLOBANK,multi,2023-02-05,1
marque_generique_digitales,Marques — banques digitales sans réseau d'agences,Hello bank!,HELLOBANK,multi,2023-02-12,1
marque_generique_digitales,Marques — banques digitales sans réseau d'agences,Hello bank!,HELLOBANK,multi,2023-02-19,1
marque_generique_digitales,Marques — banques digitales sans réseau d'agences,Hello bank!,HELLOBANK,multi,2023-02-26,1
marque_generique_digitales,Marques — banques digitales sans réseau d'agences,Hello bank!,HELLOBANK,multi,2023-03-05,1
marque_generique_digitales,Marques — banques digitales sans réseau d'agences,Hello bank!,HELLOBANK,multi,2023-03-12,1
marque_generique_digitales,Marques — banques digitales sans réseau d'agences,Hello bank!,HELLOBANK,multi,2023-03-19,1
marque_generique_digitales,Marques — banques digitales sans réseau d'agences,Hello bank!,HELLOBANK,multi,2023-03-26,1
marque_generique_digitales,Marques — banques digitales sans réseau d'agences,Hello bank!,HELLOBANK,multi,2023-04-02,1
marque_generique_digitales,Marques — banques digitales sans réseau d'agences,Hello bank!,HELLOBANK,multi,2023-04-09,1
marque_generique_digitales,Marques — banques digitales sans réseau d'agences,Hello bank!,HELLOBANK,multi,2023-04-16,1
marque_generique_digitales,Marques — banques digitales sans réseau d'agences,Hello bank!,HELLOBANK,multi,2023-04-23,1
marque_generique_digitales,Marques — banques digitales sans réseau d'agences,Hello bank!,HELLOBANK,multi,2023-04-30,1
marque_generique_digitales,Marques — banques digitales sans réseau d'agences,Hello bank!,HELLOBANK,multi,2023-05-07,1
marque_generique_digitales,Marques — banques digitales sans réseau d'agences,Hello bank!,HELLOBANK,multi,2023-05-14,1
marque_generique_digitales,Marques — banques digitales sans réseau d'agences,Hello bank!,HELLOBANK,multi,2023-05-21,1
marque_generique_digitales,Marques — banques digitales sans réseau d'agences,Hello bank!,HELLOBANK,multi,2023-05-28,1
marque_generique_digitales,Marques — banques digitales sans réseau d'agences,Hello bank!,HELLOBANK,multi,2023-06-04,1
marque_generique_digitales,Marques — banques digitales sans réseau d'agences,Hello bank!,HELLOBANK,multi,2023-06-11,1
marque_generique_digitales,Marques — banques digitales sans réseau d'agences,Hello bank!,HELLOBANK,multi,2023-06-18,1
marque_generique_digitales,Marques — banques digitales sans réseau d'agences,Hello bank!,HELLOBANK,multi,2023-06-25,1
marque_generique_digitales,Marques — banques digitales sans réseau d'agences,Hello bank!,HELLOBANK,multi,2023-07-02,1
marque_generique_digitales,Marques — banques digitales sans réseau d'agences,Hello bank!,HELLOBANK,multi,2023-07-09,1
marque_generique_digitales,Marques — banques digitales sans réseau d'agences,Hello bank!,HELLOBANK,multi,2023-07-16,1
marque_generique_digitales,Marques — banques digitales sans réseau d'agences,Hello bank!,HELLOBANK,multi,2023-07-23,1
marque_generique_digitales,Marques — banques digitales sans réseau d'agences,Hello bank!,HELLOBANK,multi,2023-07-30,1
marque_generique_digitales,Marques — banques digitales sans réseau d'agences,Hello bank!,HELLOBANK,multi,2023-08-06,1
marque_generique_digitales,Marques — banques digitales sans réseau d'agences,Hello bank!,HELLOBANK,multi,2023-08-13,1
marque_generique_digitales,Marques — banques digitales sans réseau d'agences,Hello bank!,HELLOBANK,multi,2023-08-20,1
marque_generique_digitales,Marques — banques digitales sans réseau d'agences,Hello bank!,HELLOBANK,multi,2023-08-27,1
marque_generique_digitales,Marques — banques digitales sans réseau d'agences,Hello bank!,HELLOBANK,multi,2023-09-03,1
marque_generique_digitales,Marques — banques digitales sans réseau d'agences,Hello bank!,HELLOBANK,multi,2023-09-10,1
marque_generique_digitales,Marques — banques digitales sans réseau d'agences,Hello bank!,HELLOBANK,multi,2023-09-17,1
marque_generique_digitales,Marques — banques digitales sans réseau d'agences,Hello bank!,HELLOBANK,multi,2023-09-24,1
marque_generique_digitales,Marques — banques digitales sans réseau d'agences,Hello bank!,HELLOBANK,multi,2023-10-01,1
marque_generique_digitales,Marques — banques digitales sans réseau d'agences,Hello bank!,HELLOBANK,multi,2023-10-08,1
marque_generique_digitales,Marques — banques digitales sans réseau d'agences,Hello bank!,HELLOBANK,multi,2023-10-15,1
marque_generique_digitales,Marques — banques digitales sans réseau d'agences,Hello bank!,HELLOBANK,multi,2023-10-22,1
marque_generique_digitales,Marques — banques digitales sans réseau d'agences,Hello bank!,HELLOBANK,multi,2023-10-29,1
marque_generique_digitales,Marques — banques digitales sans réseau d'agences,Hello bank!,HELLOBANK,multi,2023-11-05,1
marque_generique_digitales,Marques — banques digitales sans réseau d'agences,Hello bank!,HELLOBANK,multi,2023-11-12,1
marque_generique_digitales,Marques — banques digitales sans réseau d'agences,Hello bank!,HELLOBANK,multi,2023-11-19,1
marque_generique_digitales,Marques — banques digitales sans réseau d'agences,Hello bank!,HELLOBANK,multi,2023-11-26,1
marque_generique_digitales,Marques — banques digitales sans réseau d'agences,Hello bank!,HELLOBANK,multi,2023-12-03,1
marque_generique_digitales,Marques — banques digitales sans réseau d'agences,Hello bank!,HELLOBANK,multi,2023-12-10,1
marque_generique_digitales,Marques — banques digitales sans réseau d'agences,Hello bank!,HELLOBANK,multi,2023-12-17,1
marque_generique_digitales,Marques — banques digitales sans réseau d'agences,Hello bank!,HELLOBANK,multi,2023-12-24,1
marque_generique_digitales,Marques — banques digitales sans réseau d'agences,Hello bank!,HELLOBANK,multi,2023-12-31,2
marque_generique_digitales,Marques — banques digitales sans réseau d'agences,Hello bank!,HELLOBANK,multi,2024-01-07,2
marque_generique_digitales,Marques — banques digitales sans réseau d'agences,Hello bank!,HELLOBANK,multi,2024-01-14,1
marque_generique_digitales,Marques — banques digitales sans réseau d'agences,Hello bank!,HELLOBANK,multi,2024-01-21,2
marque_generique_digitales,Marques — banques digitales sans réseau d'agences,Hello bank!,HELLOBANK,multi,2024-01-28,2
marque_generique_digitales,Marques — banques digitales sans réseau d'agences,Hello bank!,HELLOBANK,multi,2024-02-04,1
marque_generique_digitales,Marques — banques digitales sans réseau d'agences,Hello bank!,HELLOBANK,multi,2024-02-11,1
marque_generique_digitales,Marques — banques digitales sans réseau d'agences,Hello bank!,HELLOBANK,multi,2024-02-18,1
marque_generique_digitales,Marques — banques digitales sans réseau d'agences,Hello bank!,HELLOBANK,multi,2024-02-25,2
marque_generique_digitales,Marques — banques digitales sans réseau d'agences,Hello bank!,HELLOBANK,multi,2024-03-03,2
marque_generique_digitales,Marques — banques digitales sans réseau d'agences,Hello bank!,HELLOBANK,multi,2024-03-10,1
marque_generique_digitales,Marques — banques digitales sans réseau d'agences,Hello bank!,HELLOBANK,multi,2024-03-17,1
marque_generique_digitales,Marques — banques digitales sans réseau d'agences,Hello bank!,HELLOBANK,multi,2024-03-24,2
marque_generique_digitales,Marques — banques digitales sans réseau d'agences,Hello bank!,HELLOBANK,multi,2024-03-31,1
marque_generique_digitales,Marques — banques digitales sans réseau d'agences,Hello bank!,HELLOBANK,multi,2024-04-07,2
marque_generique_digitales,Marques — banques digitales sans réseau d'agences,Hello bank!,HELLOBANK,multi,2024-04-14,1
marque_generique_digitales,Marques — banques digitales sans réseau d'agences,Hello bank!,HELLOBANK,multi,2024-04-21,1
marque_generique_digitales,Marques — banques digitales sans réseau d'agences,Hello bank!,HELLOBANK,multi,2024-04-28,1
marque_generique_digitales,Marques — banques digitales sans réseau d'agences,Hello bank!,HELLOBANK,multi,2024-05-05,1
marque_generique_digitales,Marques — banques digitales sans réseau d'agences,Hello bank!,HELLOBANK,multi,2024-05-12,1
marque_generique_digitales,Marques — banques digitales sans réseau d'agences,Hello bank!,HELLOBANK,multi,2024-05-19,1
marque_generique_digitales,Marques — banques digitales sans réseau d'agences,Hello bank!,HELLOBANK,multi,2024-05-26,1
marque_generique_digitales,Marques — banques digitales sans réseau d'agences,Hello bank!,HELLOBANK,multi,2024-06-02,1
marque_generique_digitales,Marques — banques digitales sans réseau d'agences,Hello bank!,HELLOBANK,multi,2024-06-09,1
marque_generique_digitales,Marques — banques digitales sans réseau d'agences,Hello bank!,HELLOBANK,multi,2024-06-16,1
marque_generique_digitales,Marques — banques digitales sans réseau d'agences,Hello bank!,HELLOBANK,multi,2024-06-23,1
marque_generique_digitales,Marques — banques digitales sans réseau d'agences,Hello bank!,HELLOBANK,multi,2024-06-30,1
marque_generique_digitales,Marques — banques digitales sans réseau d'agences,Hello bank!,HELLOBANK,multi,2024-07-07,1
marque_generique_digitales,Marques — banques digitales sans réseau d'agences,Hello bank!,HELLOBANK,multi,2024-07-14,1
marque_generique_digitales,Marques — banques digitales sans réseau d'agences,Hello bank!,HELLOBANK,multi,2024-07-21,1
marque_generique_digitales,Marques — banques digitales sans réseau d'agences,Hello bank!,HELLOBANK,multi,2024-07-28,1
marque_generique_digitales,Marques — banques digitales sans réseau d'agences,Hello bank!,HELLOBANK,multi,2024-08-04,1
marque_generique_digitales,Marques — banques digitales sans réseau d'agences,Hello bank!,HELLOBANK,multi,2024-08-11,1
marque_generique_digitales,Marques — banques digitales sans réseau d'agences,Hello bank!,HELLOBANK,multi,2024-08-18,1
marque_generique_digitales,Marques — banques digitales sans réseau d'agences,Hello bank!,HELLOBANK,multi,2024-08-25,1
marque_generique_digitales,Marques — banques digitales sans réseau d'agences,Hello bank!,HELLOBANK,multi,2024-09-01,2
marque_generique_digitales,Marques — banques digitales sans réseau d'agences,Hello bank!,HELLOBANK,multi,2024-09-08,1
marque_generique_digitales,Marques — banques digitales sans réseau d'agences,Hello bank!,HELLOBANK,multi,2024-09-15,1
marque_generique_digitales,Marques — banques digitales sans réseau d'agences,Hello bank!,HELLOBANK,multi,2024-09-22,1
marque_generique_digitales,Marques — banques digitales sans réseau d'agences,Hello bank!,HELLOBANK,multi,2024-09-29,1
marque_generique_digitales,Marques — banques digitales sans réseau d'agences,Hello bank!,HELLOBANK,multi,2024-10-06,1
marque_generique_digitales,Marques — banques digitales sans réseau d'agences,Hello bank!,HELLOBANK,multi,2024-10-13,1
marque_generique_digitales,Marques — banques digitales sans réseau d'agences,Hello bank!,HELLOBANK,multi,2024-10-20,1
marque_generique_digitales,Marques — banques digitales sans réseau d'agences,Hello bank!,HELLOBANK,multi,2024-10-27,1
marque_generique_digitales,Marques — banques digitales sans réseau d'agences,Hello bank!,HELLOBANK,multi,2024-11-03,2
marque_generique_digitales,Marques — banques digitales sans réseau d'agences,Hello bank!,HELLOBANK,multi,2024-11-10,1
marque_generique_digitales,Marques — banques digitales sans réseau d'agences,Hello bank!,HELLOBANK,multi,2024-11-17,1
marque_generique_digitales,Marques — banques digitales sans réseau d'agences,Hello bank!,HELLOBANK,multi,2024-11-24,1
marque_generique_digitales,Marques — banques digitales sans réseau d'agences,Hello bank!,HELLOBANK,multi,2024-12-01,1
marque_generique_digitales,Marques — banques digitales sans réseau d'agences,Hello bank!,HELLOBANK,multi,2024-12-08,1
marque_generique_digitales,Marques — banques digitales sans réseau d'agences,Hello bank!,HELLOBANK,multi,2024-12-15,1
marque_generique_digitales,Marques — banques digitales sans réseau d'agences,Hello bank!,HELLOBANK,multi,2024-12-22,1
marque_generique_digitales,Marques — banques digitales sans réseau d'agences,Hello bank!,HELLOBANK,multi,2024-12-29,1
marque_generique_digitales,Marques — banques digitales sans réseau d'agences,Hello bank!,HELLOBANK,multi,2025-01-05,1
marque_generique_digitales,Marques — banques digitales sans réseau d'agences,Hello bank!,HELLOBANK,multi,2025-01-12,1
marque_generique_digitales,Marques — banques digitales sans réseau d'agences,Hello bank!,HELLOBANK,multi,2025-01-19,1
marque_generique_digitales,Marques — banques digitales sans réseau d'agences,Hello bank!,HELLOBANK,multi,2025-01-26,1
marque_generique_digitales,Marques — banques digitales sans réseau d'agences,Hello bank!,HELLOBANK,multi,2025-02-02,1
marque_generique_digitales,Marques — banques digitales sans réseau d'agences,Hello bank!,HELLOBANK,multi,2025-02-09,1
marque_generique_digitales,Marques — banques digitales sans réseau d'agences,Hello bank!,HELLOBANK,multi,2025-02-16,1
marque_generique_digitales,Marques — banques digitales sans réseau d'agences,Hello bank!,HELLOBANK,multi,2025-02-23,1
marque_generique_digitales,Marques — banques digitales sans réseau d'agences,Hello bank!,HELLOBANK,multi,2025-03-02,1
marque_generique_digitales,Marques — banques digitales sans réseau d'agences,Hello bank!,HELLOBANK,multi,2025-03-09,1
marque_generique_digitales,Marques — banques digitales sans réseau d'agences,Hello bank!,HELLOBANK,multi,2025-03-16,1
marque_generique_digitales,Marques — banques digitales sans réseau d'agences,Hello bank!,HELLOBANK,multi,2025-03-23,1
marque_generique_digitales,Marques — banques digitales sans réseau d'agences,Hello bank!,HELLOBANK,multi,2025-03-30,1
marque_generique_digitales,Marques — banques digitales sans réseau d'agences,Hello bank!,HELLOBANK,multi,2025-04-06,1
marque_generique_digitales,Marques — banques digitales sans réseau d'agences,Hello bank!,HELLOBANK,multi,2025-04-13,1
marque_generique_digitales,Marques — banques digitales sans réseau d'agences,Hello bank!,HELLOBANK,multi,2025-04-20,1
marque_generique_digitales,Marques — banques digitales sans réseau d'agences,Hello bank!,HELLOBANK,multi,2025-04-27,1
marque_generique_digitales,Marques — banques digitales sans réseau d'agences,Hello bank!,HELLOBANK,multi,2025-05-04,1
marque_generique_digitales,Marques — banques digitales sans réseau d'agences,Hello bank!,HELLOBANK,multi,2025-05-11,1
marque_generique_digitales,Marques — banques digitales sans réseau d'agences,Hello bank!,HELLOBANK,multi,2025-05-18,1
marque_generique_digitales,Marques — banques digitales sans réseau d'agences,Hello bank!,HELLOBANK,multi,2025-05-25,1
marque_generique_digitales,Marques — banques digitales sans réseau d'agences,Hello bank!,HELLOBANK,multi,2025-06-01,1
marque_generique_digitales,Marques — banques digitales sans réseau d'agences,Hello bank!,HELLOBANK,multi,2025-06-08,1
marque_generique_digitales,Marques — banques digitales sans réseau d'agences,Hello bank!,HELLOBANK,multi,2025-06-15,1
marque_generique_digitales,Marques — banques digitales sans réseau d'agences,Hello bank!,HELLOBANK,multi,2025-06-22,1
marque_generique_digitales,Marques — banques digitales sans réseau d'agences,Hello bank!,HELLOBANK,multi,2025-06-29,1
marque_generique_digitales,Marques — banques digitales sans réseau d'agences,Hello bank!,HELLOBANK,multi,2025-07-06,2
marque_generique_digitales,Marques — banques digitales sans réseau d'agences,Hello bank!,HELLOBANK,multi,2025-07-13,1
marque_generique_digitales,Marques — banques digitales sans réseau d'agences,Hello bank!,HELLOBANK,multi,2025-07-20,1
marque_generique_digitales,Marques — banques digitales sans réseau d'agences,Hello bank!,HELLOBANK,multi,2025-07-27,2
marque_generique_digitales,Marques — banques digitales sans réseau d'agences,Hello bank!,HELLOBANK,multi,2025-08-03,1
marque_generique_digitales,Marques — banques digitales sans réseau d'agences,Hello bank!,HELLOBANK,multi,2025-08-10,1
marque_generique_digitales,Marques — banques digitales sans réseau d'agences,Hello bank!,HELLOBANK,multi,2025-08-17,1
marque_generique_digitales,Marques — banques digitales sans réseau d'agences,Hello bank!,HELLOBANK,multi,2025-08-24,1
marque_generique_digitales,Marques — banques digitales sans réseau d'agences,Hello bank!,HELLOBANK,multi,2025-08-31,2
marque_generique_digitales,Marques — banques digitales sans réseau d'agences,Hello bank!,HELLOBANK,multi,2025-09-07,2
marque_generique_digitales,Marques — banques digitales sans réseau d'agences,Hello bank!,HELLOBANK,multi,2025-09-14,1
marque_generique_digitales,Marques — banques digitales sans réseau d'agences,Hello bank!,HELLOBANK,multi,2025-09-21,1
marque_generique_digitales,Marques — banques digitales sans réseau d'agences,Hello bank!,HELLOBANK,multi,2025-09-28,1
marque_generique_digitales,Marques — banques digitales sans réseau d'agences,Hello bank!,HELLOBANK,multi,2025-10-05,1
marque_generique_digitales,Marques — banques digitales sans réseau d'agences,Hello bank!,HELLOBANK,multi,2025-10-12,1
marque_generique_digitales,Marques — banques digitales sans réseau d'agences,Hello bank!,HELLOBANK,multi,2025-10-19,1
marque_generique_digitales,Marques — banques digitales sans réseau d'agences,Hello bank!,HELLOBANK,multi,2025-10-26,1
marque_generique_digitales,Marques — banques digitales sans réseau d'agences,Hello bank!,HELLOBANK,multi,2025-11-02,1
marque_generique_digitales,Marques — banques digitales sans réseau d'agences,Hello bank!,HELLOBANK,multi,2025-11-09,1
marque_generique_digitales,Marques — banques digitales sans réseau d'agences,Hello bank!,HELLOBANK,multi,2025-11-16,1
marque_generique_digitales,Marques — banques digitales sans réseau d'agences,Hello bank!,HELLOBANK,multi,2025-11-23,1
marque_generique_digitales,Marques — banques digitales sans réseau d'agences,Hello bank!,HELLOBANK,multi,2025-11-30,1
marque_generique_digitales,Marques — banques digitales sans réseau d'agences,Hello bank!,HELLOBANK,multi,2025-12-07,1
marque_generique_digitales,Marques — banques digitales sans réseau d'agences,Hello bank!,HELLOBANK,multi,2025-12-14,1
marque_generique_digitales,Marques — banques digitales sans réseau d'agences,Hello bank!,HELLOBANK,multi,2025-12-21,1
marque_generique_digitales,Marques — banques digitales sans réseau d'agences,Hello bank!,HELLOBANK,multi,2025-12-28,1
marque_generique_digitales,Marques — banques digitales sans réseau d'agences,Hello bank!,HELLOBANK,multi,2026-01-04,1
marque_generique_digitales,Marques — banques digitales sans réseau d'agences,Hello bank!,HELLOBANK,multi,2026-01-11,1
marque_generique_digitales,Marques — banques digitales sans réseau d'agences,Hello bank!,HELLOBANK,multi,2026-01-18,1
marque_generique_digitales,Marques — banques digitales sans réseau d'agences,Hello bank!,HELLOBANK,multi,2026-01-25,1
marque_generique_digitales,Marques — banques digitales sans réseau d'agences,Hello bank!,HELLOBANK,multi,2026-02-01,1
marque_generique_digitales,Marques — banques digitales sans réseau d'agences,Hello bank!,HELLOBANK,multi,2026-02-08,1
marque_generique_digitales,Marques — banques digitales sans réseau d'agences,Hello bank!,HELLOBANK,multi,2026-02-15,1
marque_generique_digitales,Marques — banques digitales sans réseau d'agences,Hello bank!,HELLOBANK,multi,2026-02-22,1
marque_generique_digitales,Marques — banques digitales sans réseau d'agences,Hello bank!,HELLOBANK,multi,2026-03-01,1
marque_generique_digitales,Marques — banques digitales sans réseau d'agences,Hello bank!,HELLOBANK,multi,2026-03-08,1
marque_generique_digitales,Marques — banques digitales sans réseau d'agences,Hello bank!,HELLOBANK,multi,2026-03-15,1
marque_generique_digitales,Marques — banques digitales sans réseau d'agences,Hello bank!,HELLOBANK,multi,2026-03-22,1
marque_generique_digitales,Marques — banques digitales sans réseau d'agences,Hello bank!,HELLOBANK,multi,2026-03-29,1
marque_generique_digitales,Marques — banques digitales sans réseau d'agences,Hello bank!,HELLOBANK,multi,2026-04-05,1
marque_generique_digitales,Marques — banques digitales sans réseau d'agences,Hello bank!,HELLOBANK,multi,2026-04-12,1
marque_generique_digitales,Marques — banques digitales sans réseau d'agences,Hello bank!,HELLOBANK,multi,2026-04-19,1
marque_generique_digitales,Marques — banques digitales sans réseau d'agences,Hello bank!,HELLOBANK,multi,2026-04-26,1
marque_generique_digitales,Marques — banques digitales sans réseau d'agences,Hello bank!,HELLOBANK,multi,2026-05-03,1
marque_generique_digitales,Marques — banques digitales sans réseau d'agences,Hello bank!,HELLOBANK,multi,2026-05-10,1
marque_generique_digitales,Marques — banques digitales sans réseau d'agences,Hello bank!,HELLOBANK,multi,2026-05-17,1
marque_generique_digitales,Marques — banques digitales sans réseau d'agences,Hello bank!,HELLOBANK,multi,2026-05-24,1
marque_generique_digitales,Marques — banques digitales sans réseau d'agences,Hello bank!,HELLOBANK,multi,2026-05-31,1
marque_generique_digitales,Marques — banques digitales sans réseau d'agences,Hello bank!,HELLOBANK,multi,2026-06-07,1
marque_generique_digitales,Marques — banques digitales sans réseau d'agences,Hello bank!,HELLOBANK,multi,2026-06-14,1
marque_generique_digitales,Marques — banques digitales sans réseau d'agences,Hello bank!,HELLOBANK,multi,2026-06-21,1
marque_generique_digitales,Marques — banques digitales sans réseau d'agences,Hello bank!,HELLOBANK,multi,2026-06-28,1
marque_generique_digitales,Marques — banques digitales sans réseau d'agences,Hello bank!,HELLOBANK,multi,2026-07-05,1
marque_generique_digitales,Marques — banques digitales sans réseau d'agences,Hello bank!,HELLOBANK,multi,2026-07-12,1
marque_generique_digitales,Marques — banques digitales sans réseau d'agences,Hello bank!,HELLOBANK,multi,2026-07-19,1
marque_generique_digitales,Marques — banques digitales sans réseau d'agences,Hello bank!,HELLOBANK,multi,2026-07-26,1
marque_generique_digitales,Marques — banques digitales sans réseau d'agences,Hello bank!,HELLOBANK,multi,2026-08-02,1
marque_generique_digitales,Marques — banques digitales sans réseau d'agences,Hello bank!,HELLOBANK,multi,2026-08-09,1
marque_generique_digitales,Marques — banques digitales sans réseau d'agences,Hello bank!,HELLOBANK,multi,2026-08-16,1
marque_generique_digitales,Marques — banques digitales sans réseau d'agences,Hello bank!,HELLOBANK,multi,2026-08-23,2
marque_generique_digitales,Marques — banques digitales sans réseau d'agences,Hello bank!,HELLOBANK,multi,2026-08-30,1
marque_generique_digitales,Marques — banques digitales sans réseau d'agences,Hello bank!,HELLOBANK,multi,2026-09-06,1
marque_generique_digitales,Marques — banques digitales sans réseau d'agences,Hello bank!,HELLOBANK,multi,2026-09-13,1
marque_generique_digitales,Marques — banques digitales sans réseau d'agences,Hello bank!,HELLOBANK,multi,2026-09-20,1
marque_generique_digitales,Marques — banques digitales sans réseau d'agences,ING,ING,en,2021-09-19,63
marque_generique_digitales,Marques — banques digitales sans réseau d'agences,ING,ING,en,2021-09-26,74
marque_generique_digitales,Marques — banques digitales sans réseau d'agences,ING,ING,en,2021-10-03,75
marque_generique_digitales,Marques — banques digitales sans réseau d'agences,ING,ING,en,2021-10-10,69
marque_generique_digitales,Marques — banques digitales sans réseau d'agences,ING,ING,en,2021-10-17,66
marque_generique_digitales,Marques — banques digitales sans réseau d'agences,ING,ING,en,2021-10-24,70
marque_generique_digitales,Marques — banques digitales sans réseau d'agences,ING,ING,en,2021-10-31,69
marque_generique_digitales,Marques — banques digitales sans réseau d'agences,ING,ING,en,2021-11-07,62
marque_generique_digitales,Marques — banques digitales sans réseau d'agences,ING,ING,en,2021-11-14,65
marque_generique_digitales,Marques — banques digitales sans réseau d'agences,ING,ING,en,2021-11-21,60
marque_generique_digitales,Marques — banques digitales sans réseau d'agences,ING,ING,en,2021-11-28,67
marque_generique_digitales,Marques — banques digitales sans réseau d'agences,ING,ING,en,2021-12-05,63
marque_generique_digitales,Marques — banques digitales sans réseau d'agences,ING,ING,en,2021-12-12,62
marque_generique_digitales,Marques — banques digitales sans réseau d'agences,ING,ING,en,2021-12-19,66
marque_generique_digitales,Marques — banques digitales sans réseau d'agences,ING,ING,en,2021-12-26,62
marque_generique_digitales,Marques — banques digitales sans réseau d'agences,ING,ING,en,2022-01-02,68
marque_generique_digitales,Marques — banques digitales sans réseau d'agences,ING,ING,en,2022-01-09,62
marque_generique_digitales,Marques — banques digitales sans réseau d'agences,ING,ING,en,2022-01-16,59
marque_generique_digitales,Marques — banques digitales sans réseau d'agences,ING,ING,en,2022-01-23,67
marque_generique_digitales,Marques — banques digitales sans réseau d'agences,ING,ING,en,2022-01-30,74
marque_generique_digitales,Marques — banques digitales sans réseau d'agences,ING,ING,en,2022-02-06,68
marque_generique_digitales,Marques — banques digitales sans réseau d'agences,ING,ING,en,2022-02-13,60
marque_generique_digitales,Marques — banques digitales sans réseau d'agences,ING,ING,en,2022-02-20,68
marque_generique_digitales,Marques — banques digitales sans réseau d'agences,ING,ING,en,2022-02-27,74
marque_generique_digitales,Marques — banques digitales sans réseau d'agences,ING,ING,en,2022-03-06,71
marque_generique_digitales,Marques — banques digitales sans réseau d'agences,ING,ING,en,2022-03-13,66
marque_generique_digitales,Marques — banques digitales sans réseau d'agences,ING,ING,en,2022-03-20,64
marque_generique_digitales,Marques — banques digitales sans réseau d'agences,ING,ING,en,2022-03-27,70
marque_generique_digitales,Marques — banques digitales sans réseau d'agences,ING,ING,en,2022-04-03,64
marque_generique_digitales,Marques — banques digitales sans réseau d'agences,ING,ING,en,2022-04-10,59
marque_generique_digitales,Marques — banques digitales sans réseau d'agences,ING,ING,en,2022-04-17,56
marque_generique_digitales,Marques — banques digitales sans réseau d'agences,ING,ING,en,2022-04-24,66
marque_generique_digitales,Marques — banques digitales sans réseau d'agences,ING,ING,en,2022-05-01,70
marque_generique_digitales,Marques — banques digitales sans réseau d'agences,ING,ING,en,2022-05-08,64
marque_generique_digitales,Marques — banques digitales sans réseau d'agences,ING,ING,en,2022-05-15,56
marque_generique_digitales,Marques — banques digitales sans réseau d'agences,ING,ING,en,2022-05-22,53
marque_generique_digitales,Marques — banques digitales sans réseau d'agences,ING,ING,en,2022-05-29,67
marque_generique_digitales,Marques — banques digitales sans réseau d'agences,ING,ING,en,2022-06-05,61
marque_generique_digitales,Marques — banques digitales sans réseau d'agences,ING,ING,en,2022-06-12,62
marque_generique_digitales,Marques — banques digitales sans réseau d'agences,ING,ING,en,2022-06-19,60
marque_generique_digitales,Marques — banques digitales sans réseau d'agences,ING,ING,en,2022-06-26,68
marque_generique_digitales,Marques — banques digitales sans réseau d'agences,ING,ING,en,2022-07-03,69
marque_generique_digitales,Marques — banques digitales sans réseau d'agences,ING,ING,en,2022-07-10,62
marque_generique_digitales,Marques — banques digitales sans réseau d'agences,ING,ING,en,2022-07-17,53
marque_generique_digitales,Marques — banques digitales sans réseau d'agences,ING,ING,en,2022-07-24,59
marque_generique_digitales,Marques — banques digitales sans réseau d'agences,ING,ING,en,2022-07-31,67
marque_generique_digitales,Marques — banques digitales sans réseau d'agences,ING,ING,en,2022-08-07,54
marque_generique_digitales,Marques — banques digitales sans réseau d'agences,ING,ING,en,2022-08-14,55
marque_generique_digitales,Marques — banques digitales sans réseau d'agences,ING,ING,en,2022-08-21,55
marque_generique_digitales,Marques — banques digitales sans réseau d'agences,ING,ING,en,2022-08-28,61
marque_generique_digitales,Marques — banques digitales sans réseau d'agences,ING,ING,en,2022-09-04,57
marque_generique_digitales,Marques — banques digitales sans réseau d'agences,ING,ING,en,2022-09-11,57
marque_generique_digitales,Marques — banques digitales sans réseau d'agences,ING,ING,en,2022-09-18,56
marque_generique_digitales,Marques — banques digitales sans réseau d'agences,ING,ING,en,2022-09-25,66
marque_generique_digitales,Marques — banques digitales sans réseau d'agences,ING,ING,en,2022-10-02,63
marque_generique_digitales,Marques — banques digitales sans réseau d'agences,ING,ING,en,2022-10-09,57
marque_generique_digitales,Marques — banques digitales sans réseau d'agences,ING,ING,en,2022-10-16,59
marque_generique_digitales,Marques — banques digitales sans réseau d'agences,ING,ING,en,2022-10-23,58
marque_generique_digitales,Marques — banques digitales sans réseau d'agences,ING,ING,en,2022-10-30,61
marque_generique_digitales,Marques — banques digitales sans réseau d'agences,ING,ING,en,2022-11-06,55
marque_generique_digitales,Marques — banques digitales sans réseau d'agences,ING,ING,en,2022-11-13,60
marque_generique_digitales,Marques — banques digitales sans réseau d'agences,ING,ING,en,2022-11-20,57
marque_generique_digitales,Marques — banques digitales sans réseau d'agences,ING,ING,en,2022-11-27,63
marque_generique_digitales,Marques — banques digitales sans réseau d'agences,ING,ING,en,2022-12-04,56
marque_generique_digitales,Marques — banques digitales sans réseau d'agences,ING,ING,en,2022-12-11,55
marque_generique_digitales,Marques — banques digitales sans réseau d'agences,ING,ING,en,2022-12-18,55
marque_generique_digitales,Marques — banques digitales sans réseau d'agences,ING,ING,en,2022-12-25,53
marque_generique_digitales,Marques — banques digitales sans réseau d'agences,ING,ING,en,2023-01-01,60
marque_generique_digitales,Marques — banques digitales sans réseau d'agences,ING,ING,en,2023-01-08,59
marque_generique_digitales,Marques — banques digitales sans réseau d'agences,ING,ING,en,2023-01-15,52
marque_generique_digitales,Marques — banques digitales sans réseau d'agences,ING,ING,en,2023-01-22,52
marque_generique_digitales,Marques — banques digitales sans réseau d'agences,ING,ING,en,2023-01-29,67
marque_generique_digitales,Marques — banques digitales sans réseau d'agences,ING,ING,en,2023-02-05,56
marque_generique_digitales,Marques — banques digitales sans réseau d'agences,ING,ING,en,2023-02-12,58
marque_generique_digitales,Marques — banques digitales sans réseau d'agences,ING,ING,en,2023-02-19,55
marque_generique_digitales,Marques — banques digitales sans réseau d'agences,ING,ING,en,2023-02-26,58
marque_generique_digitales,Marques — banques digitales sans réseau d'agences,ING,ING,en,2023-03-05,58
marque_generique_digitales,Marques — banques digitales sans réseau d'agences,ING,ING,en,2023-03-12,59
marque_generique_digitales,Marques — banques digitales sans réseau d'agences,ING,ING,en,2023-03-19,65
marque_generique_digitales,Marques — banques digitales sans réseau d'agences,ING,ING,en,2023-03-26,55
marque_generique_digitales,Marques — banques digitales sans réseau d'agences,ING,ING,en,2023-04-02,59
marque_generique_digitales,Marques — banques digitales sans réseau d'agences,ING,ING,en,2023-04-09,55
marque_generique_digitales,Marques — banques digitales sans réseau d'agences,ING,ING,en,2023-04-16,51
marque_generique_digitales,Marques — banques digitales sans réseau d'agences,ING,ING,en,2023-04-23,54
marque_generique_digitales,Marques — banques digitales sans réseau d'agences,ING,ING,en,2023-04-30,51
marque_generique_digitales,Marques — banques digitales sans réseau d'agences,ING,ING,en,2023-05-07,53
marque_generique_digitales,Marques — banques digitales sans réseau d'agences,ING,ING,en,2023-05-14,47
marque_generique_digitales,Marques — banques digitales sans réseau d'agences,ING,ING,en,2023-05-21,55
marque_generique_digitales,Marques — banques digitales sans réseau d'agences,ING,ING,en,2023-05-28,53
marque_generique_digitales,Marques — banques digitales sans réseau d'agences,ING,ING,en,2023-06-04,54
marque_generique_digitales,Marques — banques digitales sans réseau d'agences,ING,ING,en,2023-06-11,48
marque_generique_digitales,Marques — banques digitales sans réseau d'agences,ING,ING,en,2023-06-18,52
marque_generique_digitales,Marques — banques digitales sans réseau d'agences,ING,ING,en,2023-06-25,60
marque_generique_digitales,Marques — banques digitales sans réseau d'agences,ING,ING,en,2023-07-02,64
marque_generique_digitales,Marques — banques digitales sans réseau d'agences,ING,ING,en,2023-07-09,62
marque_generique_digitales,Marques — banques digitales sans réseau d'agences,ING,ING,en,2023-07-16,53
marque_generique_digitales,Marques — banques digitales sans réseau d'agences,ING,ING,en,2023-07-23,51
marque_generique_digitales,Marques — banques digitales sans réseau d'agences,ING,ING,en,2023-07-30,62
marque_generique_digitales,Marques — banques digitales sans réseau d'agences,ING,ING,en,2023-08-06,55
marque_generique_digitales,Marques — banques digitales sans réseau d'agences,ING,ING,en,2023-08-13,47
marque_generique_digitales,Marques — banques digitales sans réseau d'agences,ING,ING,en,2023-08-20,59
marque_generique_digitales,Marques — banques digitales sans réseau d'agences,ING,ING,en,2023-08-27,71
marque_generique_digitales,Marques — banques digitales sans réseau d'agences,ING,ING,en,2023-09-03,56
marque_generique_digitales,Marques — banques digitales sans réseau d'agences,ING,ING,en,2023-09-10,55
marque_generique_digitales,Marques — banques digitales sans réseau d'agences,ING,ING,en,2023-09-17,53
marque_generique_digitales,Marques — banques digitales sans réseau d'agences,ING,ING,en,2023-09-24,59
marque_generique_digitales,Marques — banques digitales sans réseau d'agences,ING,ING,en,2023-10-01,60
marque_generique_digitales,Marques — banques digitales sans réseau d'agences,ING,ING,en,2023-10-08,53
marque_generique_digitales,Marques — banques digitales sans réseau d'agences,ING,ING,en,2023-10-15,52
marque_generique_digitales,Marques — banques digitales sans réseau d'agences,ING,ING,en,2023-10-22,50
marque_generique_digitales,Marques — banques digitales sans réseau d'agences,ING,ING,en,2023-10-29,55
marque_generique_digitales,Marques — banques digitales sans réseau d'agences,ING,ING,en,2023-11-05,57
marque_generique_digitales,Marques — banques digitales sans réseau d'agences,ING,ING,en,2023-11-12,52
marque_generique_digitales,Marques — banques digitales sans réseau d'agences,ING,ING,en,2023-11-19,53
marque_generique_digitales,Marques — banques digitales sans réseau d'agences,ING,ING,en,2023-11-26,57
marque_generique_digitales,Marques — banques digitales sans réseau d'agences,ING,ING,en,2023-12-03,55
marque_generique_digitales,Marques — banques digitales sans réseau d'agences,ING,ING,en,2023-12-10,53
marque_generique_digitales,Marques — banques digitales sans réseau d'agences,ING,ING,en,2023-12-17,55
marque_generique_digitales,Marques — banques digitales sans réseau d'agences,ING,ING,en,2023-12-24,51
marque_generique_digitales,Marques — banques digitales sans réseau d'agences,ING,ING,en,2023-12-31,54
marque_generique_digitales,Marques — banques digitales sans réseau d'agences,ING,ING,en,2024-01-07,57
marque_generique_digitales,Marques — banques digitales sans réseau d'agences,ING,ING,en,2024-01-14,51
marque_generique_digitales,Marques — banques digitales sans réseau d'agences,ING,ING,en,2024-01-21,54
marque_generique_digitales,Marques — banques digitales sans réseau d'agences,ING,ING,en,2024-01-28,60
marque_generique_digitales,Marques — banques digitales sans réseau d'agences,ING,ING,en,2024-02-04,55
marque_generique_digitales,Marques — banques digitales sans réseau d'agences,ING,ING,en,2024-02-11,51
marque_generique_digitales,Marques — banques digitales sans réseau d'agences,ING,ING,en,2024-02-18,54
marque_generique_digitales,Marques — banques digitales sans réseau d'agences,ING,ING,en,2024-02-25,58
marque_generique_digitales,Marques — banques digitales sans réseau d'agences,ING,ING,en,2024-03-03,51
marque_generique_digitales,Marques — banques digitales sans réseau d'agences,ING,ING,en,2024-03-10,51
marque_generique_digitales,Marques — banques digitales sans réseau d'agences,ING,ING,en,2024-03-17,48
marque_generique_digitales,Marques — banques digitales sans réseau d'agences,ING,ING,en,2024-03-24,87
marque_generique_digitales,Marques — banques digitales sans réseau d'agences,ING,ING,en,2024-03-31,55
marque_generique_digitales,Marques — banques digitales sans réseau d'agences,ING,ING,en,2024-04-07,55
marque_generique_digitales,Marques — banques digitales sans réseau d'agences,ING,ING,en,2024-04-14,54
marque_generique_digitales,Marques — banques digitales sans réseau d'agences,ING,ING,en,2024-04-21,51
marque_generique_digitales,Marques — banques digitales sans réseau d'agences,ING,ING,en,2024-04-28,50
marque_generique_digitales,Marques — banques digitales sans réseau d'agences,ING,ING,en,2024-05-05,45
marque_generique_digitales,Marques — banques digitales sans réseau d'agences,ING,ING,en,2024-05-12,52
marque_generique_digitales,Marques — banques digitales sans réseau d'agences,ING,ING,en,2024-05-19,51
marque_generique_digitales,Marques — banques digitales sans réseau d'agences,ING,ING,en,2024-05-26,55
marque_generique_digitales,Marques — banques digitales sans réseau d'agences,ING,ING,en,2024-06-02,55
marque_generique_digitales,Marques — banques digitales sans réseau d'agences,ING,ING,en,2024-06-09,49
marque_generique_digitales,Marques — banques digitales sans réseau d'agences,ING,ING,en,2024-06-16,51
marque_generique_digitales,Marques — banques digitales sans réseau d'agences,ING,ING,en,2024-06-23,53
marque_generique_digitales,Marques — banques digitales sans réseau d'agences,ING,ING,en,2024-06-30,56
marque_generique_digitales,Marques — banques digitales sans réseau d'agences,ING,ING,en,2024-07-07,54
marque_generique_digitales,Marques — banques digitales sans réseau d'agences,ING,ING,en,2024-07-14,50
marque_generique_digitales,Marques — banques digitales sans réseau d'agences,ING,ING,en,2024-07-21,51
marque_generique_digitales,Marques — banques digitales sans réseau d'agences,ING,ING,en,2024-07-28,55
marque_generique_digitales,Marques — banques digitales sans réseau d'agences,ING,ING,en,2024-08-04,54
marque_generique_digitales,Marques — banques digitales sans réseau d'agences,ING,ING,en,2024-08-11,52
marque_generique_digitales,Marques — banques digitales sans réseau d'agences,ING,ING,en,2024-08-18,49
marque_generique_digitales,Marques — banques digitales sans réseau d'agences,ING,ING,en,2024-08-25,72
marque_generique_digitales,Marques — banques digitales sans réseau d'agences,ING,ING,en,2024-09-01,74
marque_generique_digitales,Marques — banques digitales sans réseau d'agences,ING,ING,en,2024-09-08,61
marque_generique_digitales,Marques — banques digitales sans réseau d'agences,ING,ING,en,2024-09-15,55
marque_generique_digitales,Marques — banques digitales sans réseau d'agences,ING,ING,en,2024-09-22,57
marque_generique_digitales,Marques — banques digitales sans réseau d'agences,ING,ING,en,2024-09-29,59
marque_generique_digitales,Marques — banques digitales sans réseau d'agences,ING,ING,en,2024-10-06,56
marque_generique_digitales,Marques — banques digitales sans réseau d'agences,ING,ING,en,2024-10-13,52
marque_generique_digitales,Marques — banques digitales sans réseau d'agences,ING,ING,en,2024-10-20,54
marque_generique_digitales,Marques — banques digitales sans réseau d'agences,ING,ING,en,2024-10-27,52
marque_generique_digitales,Marques — banques digitales sans réseau d'agences,ING,ING,en,2024-11-03,53
marque_generique_digitales,Marques — banques digitales sans réseau d'agences,ING,ING,en,2024-11-10,55
marque_generique_digitales,Marques — banques digitales sans réseau d'agences,ING,ING,en,2024-11-17,48
marque_generique_digitales,Marques — banques digitales sans réseau d'agences,ING,ING,en,2024-11-24,49
marque_generique_digitales,Marques — banques digitales sans réseau d'agences,ING,ING,en,2024-12-01,51
marque_generique_digitales,Marques — banques digitales sans réseau d'agences,ING,ING,en,2024-12-08,52
marque_generique_digitales,Marques — banques digitales sans réseau d'agences,ING,ING,en,2024-12-15,54
marque_generique_digitales,Marques — banques digitales sans réseau d'agences,ING,ING,en,2024-12-22,43
marque_generique_digitales,Marques — banques digitales sans réseau d'agences,ING,ING,en,2024-12-29,51
marque_generique_digitales,Marques — banques digitales sans réseau d'agences,ING,ING,en,2025-01-05,53
marque_generique_digitales,Marques — banques digitales sans réseau d'agences,ING,ING,en,2025-01-12,53
marque_generique_digitales,Marques — banques digitales sans réseau d'agences,ING,ING,en,2025-01-19,49
marque_generique_digitales,Marques — banques digitales sans réseau d'agences,ING,ING,en,2025-01-26,48
marque_generique_digitales,Marques — banques digitales sans réseau d'agences,ING,ING,en,2025-02-02,51
marque_generique_digitales,Marques — banques digitales sans réseau d'agences,ING,ING,en,2025-02-09,48
marque_generique_digitales,Marques — banques digitales sans réseau d'agences,ING,ING,en,2025-02-16,47
marque_generique_digitales,Marques — banques digitales sans réseau d'agences,ING,ING,en,2025-02-23,54
marque_generique_digitales,Marques — banques digitales sans réseau d'agences,ING,ING,en,2025-03-02,50
marque_generique_digitales,Marques — banques digitales sans réseau d'agences,ING,ING,en,2025-03-09,53
marque_generique_digitales,Marques — banques digitales sans réseau d'agences,ING,ING,en,2025-03-16,50
marque_generique_digitales,Marques — banques digitales sans réseau d'agences,ING,ING,en,2025-03-23,50
marque_generique_digitales,Marques — banques digitales sans réseau d'agences,ING,ING,en,2025-03-30,55
marque_generique_digitales,Marques — banques digitales sans réseau d'agences,ING,ING,en,2025-04-06,52
marque_generique_digitales,Marques — banques digitales sans réseau d'agences,ING,ING,en,2025-04-13,52
marque_generique_digitales,Marques — banques digitales sans réseau d'agences,ING,ING,en,2025-04-20,50
marque_generique_digitales,Marques — banques digitales sans réseau d'agences,ING,ING,en,2025-04-27,46
marque_generique_digitales,Marques — banques digitales sans réseau d'agences,ING,ING,en,2025-05-04,46
marque_generique_digitales,Marques — banques digitales sans réseau d'agences,ING,ING,en,2025-05-11,49
marque_generique_digitales,Marques — banques digitales sans réseau d'agences,ING,ING,en,2025-05-18,52
marque_generique_digitales,Marques — banques digitales sans réseau d'agences,ING,ING,en,2025-05-25,46
marque_generique_digitales,Marques — banques digitales sans réseau d'agences,ING,ING,en,2025-06-01,50
marque_generique_digitales,Marques — banques digitales sans réseau d'agences,ING,ING,en,2025-06-08,41
marque_generique_digitales,Marques — banques digitales sans réseau d'agences,ING,ING,en,2025-06-15,49
marque_generique_digitales,Marques — banques digitales sans réseau d'agences,ING,ING,en,2025-06-22,56
marque_generique_digitales,Marques — banques digitales sans réseau d'agences,ING,ING,en,2025-06-29,53
marque_generique_digitales,Marques — banques digitales sans réseau d'agences,ING,ING,en,2025-07-06,53
marque_generique_digitales,Marques — banques digitales sans réseau d'agences,ING,ING,en,2025-07-13,48
marque_generique_digitales,Marques — banques digitales sans réseau d'agences,ING,ING,en,2025-07-20,51
marque_generique_digitales,Marques — banques digitales sans réseau d'agences,ING,ING,en,2025-07-27,49
marque_generique_digitales,Marques — banques digitales sans réseau d'agences,ING,ING,en,2025-08-03,48
marque_generique_digitales,Marques — banques digitales sans réseau d'agences,ING,ING,en,2025-08-10,43
marque_generique_digitales,Marques — banques digitales sans réseau d'agences,ING,ING,en,2025-08-17,49
marque_generique_digitales,Marques — banques digitales sans réseau d'agences,ING,ING,en,2025-08-24,51
marque_generique_digitales,Marques — banques digitales sans réseau d'agences,ING,ING,en,2025-08-31,49
marque_generique_digitales,Marques — banques digitales sans réseau d'agences,ING,ING,en,2025-09-07,50
marque_generique_digitales,Marques — banques digitales sans réseau d'agences,ING,ING,en,2025-09-14,48
marque_generique_digitales,Marques — banques digitales sans réseau d'agences,ING,ING,en,2025-09-21,47
marque_generique_digitales,Marques — banques digitales sans réseau d'agences,ING,ING,en,2025-09-28,52
marque_generique_digitales,Marques — banques digitales sans réseau d'agences,ING,ING,en,2025-10-05,50
marque_generique_digitales,Marques — banques digitales sans réseau d'agences,ING,ING,en,2025-10-12,46
marque_generique_digitales,Marques — banques digitales sans réseau d'agences,ING,ING,en,2025-10-19,53
marque_generique_digitales,Marques — banques digitales sans réseau d'agences,ING,ING,en,2025-10-26,49
marque_generique_digitales,Marques — banques digitales sans réseau d'agences,ING,ING,en,2025-11-02,55
marque_generique_digitales,Marques — banques digitales sans réseau d'agences,ING,ING,en,2025-11-09,48
marque_generique_digitales,Marques — banques digitales sans réseau d'agences,ING,ING,en,2025-11-16,50
marque_generique_digitales,Marques — banques digitales sans réseau d'agences,ING,ING,en,2025-11-23,50
marque_generique_digitales,Marques — banques digitales sans réseau d'agences,ING,ING,en,2025-11-30,48
marque_generique_digitales,Marques — banques digitales sans réseau d'agences,ING,ING,en,2025-12-07,47
marque_generique_digitales,Marques — banques digitales sans réseau d'agences,ING,ING,en,2025-12-14,51
marque_generique_digitales,Marques — banques digitales sans réseau d'agences,ING,ING,en,2025-12-21,43
marque_generique_digitales,Marques — banques digitales sans réseau d'agences,ING,ING,en,2025-12-28,45
marque_generique_digitales,Marques — banques digitales sans réseau d'agences,ING,ING,en,2026-01-04,49
marque_generique_digitales,Marques — banques digitales sans réseau d'agences,ING,ING,en,2026-01-11,47
marque_generique_digitales,Marques — banques digitales sans réseau d'agences,ING,ING,en,2026-01-18,48
marque_generique_digitales,Marques — banques digitales sans réseau d'agences,ING,ING,en,2026-01-25,48
marque_generique_digitales,Marques — banques digitales sans réseau d'agences,ING,ING,en,2026-02-01,53
marque_generique_digitales,Marques — banques digitales sans réseau d'agences,ING,ING,en,2026-02-08,45
marque_generique_digitales,Marques — banques digitales sans réseau d'agences,ING,ING,en,2026-02-15,41
marque_generique_digitales,Marques — banques digitales sans réseau d'agences,ING,ING,en,2026-02-22,46
marque_generique_digitales,Marques — banques digitales sans réseau d'agences,ING,ING,en,2026-03-01,49
marque_generique_digitales,Marques — banques digitales sans réseau d'agences,ING,ING,en,2026-03-08,50
marque_generique_digitales,Marques — banques digitales sans réseau d'agences,ING,ING,en,2026-03-15,48
marque_generique_digitales,Marques — banques digitales sans réseau d'agences,ING,ING,en,2026-03-22,44
marque_generique_digitales,Marques — banques digitales sans réseau d'agences,ING,ING,en,2026-03-29,48
marque_generique_digitales,Marques — banques digitales sans réseau d'agences,ING,ING,en,2026-04-05,44
marque_generique_digitales,Marques — banques digitales sans réseau d'agences,ING,ING,en,2026-04-12,42
marque_generique_digitales,Marques — banques digitales sans réseau d'agences,ING,ING,en,2026-04-19,41
marque_generique_digitales,Marques — banques digitales sans réseau d'agences,ING,ING,en,2026-04-26,40
marque_generique_digitales,Marques — banques digitales sans réseau d'agences,ING,ING,en,2026-05-03,50
marque_generique_digitales,Marques — banques digitales sans réseau d'agences,ING,ING,en,2026-05-10,45
marque_generique_digitales,Marques — banques digitales sans réseau d'agences,ING,ING,en,2026-05-17,52
marque_generique_digitales,Marques — banques digitales sans réseau d'agences,ING,ING,en,2026-05-24,40
marque_generique_digitales,Marques — banques digitales sans réseau d'agences,ING,ING,en,2026-05-31,44
marque_generique_digitales,Marques — banques digitales sans réseau d'agences,ING,ING,en,2026-06-07,46
marque_generique_digitales,Marques — banques digitales sans réseau d'agences,ING,ING,en,2026-06-14,40
marque_generique_digitales,Marques — banques digitales sans réseau d'agences,ING,ING,en,2026-06-21,39
marque_generique_digitales,Marques — banques digitales sans réseau d'agences,ING,ING,en,2026-06-28,43
marque_generique_digitales,Marques — banques digitales sans réseau d'agences,ING,ING,en,2026-07-05,42
marque_generique_digitales,Marques — banques digitales sans réseau d'agences,ING,ING,en,2026-07-12,41
marque_generique_digitales,Marques — banques digitales sans réseau d'agences,ING,ING,en,2026-07-19,35
marque_generique_digitales,Marques — banques digitales sans réseau d'agences,ING,ING,en,2026-07-26,38
marque_generique_digitales,Marques — banques digitales sans réseau d'agences,ING,ING,en,2026-08-02,41
marque_generique_digitales,Marques — banques digitales sans réseau d'agences,ING,ING,en,2026-08-09,35
marque_generique_digitales,Marques — banques digitales sans réseau d'agences,ING,ING,en,2026-08-16,37
marque_generique_digitales,Marques — banques digitales sans réseau d'agences,ING,ING,en,2026-08-23,41
marque_generique_digitales,Marques — banques digitales sans réseau d'agences,ING,ING,en,2026-08-30,43
marque_generique_digitales,Marques — banques digitales sans réseau d'agences,ING,ING,en,2026-09-06,41
marque_generique_digitales,Marques — banques digitales sans réseau d'agences,ING,ING,en,2026-09-13,37
marque_generique_digitales,Marques — banques digitales sans réseau d'agences,ING,ING,en,2026-09-20,34
marque_generique_digitales,Marques — banques digitales sans réseau d'agences,KBC,KBC,en,2021-09-19,66
marque_generique_digitales,Marques — banques digitales sans réseau d'agences,KBC,KBC,en,2021-09-26,76
marque_generique_digitales,Marques — banques digitales sans réseau d'agences,KBC,KBC,en,2021-10-03,75
marque_generique_digitales,Marques — banques digitales sans réseau d'agences,KBC,KBC,en,2021-10-10,69
marque_generique_digitales,Marques — banques digitales sans réseau d'agences,KBC,KBC,en,2021-10-17,68
marque_generique_digitales,Marques — banques digitales sans réseau d'agences,KBC,KBC,en,2021-10-24,70
marque_generique_digitales,Marques — banques digitales sans réseau d'agences,KBC,KBC,en,2021-10-31,63
marque_generique_digitales,Marques — banques digitales sans réseau d'agences,KBC,KBC,en,2021-11-07,63
marque_generique_digitales,Marques — banques digitales sans réseau d'agences,KBC,KBC,en,2021-11-14,66
marque_generique_digitales,Marques — banques digitales sans réseau d'agences,KBC,KBC,en,2021-11-21,62
marque_generique_digitales,Marques — banques digitales sans réseau d'agences,KBC,KBC,en,2021-11-28,71
marque_generique_digitales,Marques — banques digitales sans réseau d'agences,KBC,KBC,en,2021-12-05,73
marque_generique_digitales,Marques — banques digitales sans réseau d'agences,KBC,KBC,en,2021-12-12,73
marque_generique_digitales,Marques — banques digitales sans réseau d'agences,KBC,KBC,en,2021-12-19,69
marque_generique_digitales,Marques — banques digitales sans réseau d'agences,KBC,KBC,en,2021-12-26,67
marque_generique_digitales,Marques — banques digitales sans réseau d'agences,KBC,KBC,en,2022-01-02,80
marque_generique_digitales,Marques — banques digitales sans réseau d'agences,KBC,KBC,en,2022-01-09,76
marque_generique_digitales,Marques — banques digitales sans réseau d'agences,KBC,KBC,en,2022-01-16,69
marque_generique_digitales,Marques — banques digitales sans réseau d'agences,KBC,KBC,en,2022-01-23,67
marque_generique_digitales,Marques — banques digitales sans réseau d'agences,KBC,KBC,en,2022-01-30,75
marque_generique_digitales,Marques — banques digitales sans réseau d'agences,KBC,KBC,en,2022-02-06,73
marque_generique_digitales,Marques — banques digitales sans réseau d'agences,KBC,KBC,en,2022-02-13,71
marque_generique_digitales,Marques — banques digitales sans réseau d'agences,KBC,KBC,en,2022-02-20,75
marque_generique_digitales,Marques — banques digitales sans réseau d'agences,KBC,KBC,en,2022-02-27,83
marque_generique_digitales,Marques — banques digitales sans réseau d'agences,KBC,KBC,en,2022-03-06,83
marque_generique_digitales,Marques — banques digitales sans réseau d'agences,KBC,KBC,en,2022-03-13,77
marque_generique_digitales,Marques — banques digitales sans réseau d'agences,KBC,KBC,en,2022-03-20,75
marque_generique_digitales,Marques — banques digitales sans réseau d'agences,KBC,KBC,en,2022-03-27,78
marque_generique_digitales,Marques — banques digitales sans réseau d'agences,KBC,KBC,en,2022-04-03,72
marque_generique_digitales,Marques — banques digitales sans réseau d'agences,KBC,KBC,en,2022-04-10,64
marque_generique_digitales,Marques — banques digitales sans réseau d'agences,KBC,KBC,en,2022-04-17,66
marque_generique_digitales,Marques — banques digitales sans réseau d'agences,KBC,KBC,en,2022-04-24,68
marque_generique_digitales,Marques — banques digitales sans réseau d'agences,KBC,KBC,en,2022-05-01,73
marque_generique_digitales,Marques — banques digitales sans réseau d'agences,KBC,KBC,en,2022-05-08,78
marque_generique_digitales,Marques — banques digitales sans réseau d'agences,KBC,KBC,en,2022-05-15,64
marque_generique_digitales,Marques — banques digitales sans réseau d'agences,KBC,KBC,en,2022-05-22,62
marque_generique_digitales,Marques — banques digitales sans réseau d'agences,KBC,KBC,en,2022-05-29,70
marque_generique_digitales,Marques — banques digitales sans réseau d'agences,KBC,KBC,en,2022-06-05,70
marque_generique_digitales,Marques — banques digitales sans réseau d'agences,KBC,KBC,en,2022-06-12,73
marque_generique_digitales,Marques — banques digitales sans réseau d'agences,KBC,KBC,en,2022-06-19,72
marque_generique_digitales,Marques — banques digitales sans réseau d'agences,KBC,KBC,en,2022-06-26,78
marque_generique_digitales,Marques — banques digitales sans réseau d'agences,KBC,KBC,en,2022-07-03,79
marque_generique_digitales,Marques — banques digitales sans réseau d'agences,KBC,KBC,en,2022-07-10,75
marque_generique_digitales,Marques — banques digitales sans réseau d'agences,KBC,KBC,en,2022-07-17,62
marque_generique_digitales,Marques — banques digitales sans réseau d'agences,KBC,KBC,en,2022-07-24,68
marque_generique_digitales,Marques — banques digitales sans réseau d'agences,KBC,KBC,en,2022-07-31,70
marque_generique_digitales,Marques — banques digitales sans réseau d'agences,KBC,KBC,en,2022-08-07,69
marque_generique_digitales,Marques — banques digitales sans réseau d'agences,KBC,KBC,en,2022-08-14,61
marque_generique_digitales,Marques — banques digitales sans réseau d'agences,KBC,KBC,en,2022-08-21,68
marque_generique_digitales,Marques — banques digitales sans réseau d'agences,KBC,KBC,en,2022-08-28,74
marque_generique_digitales,Marques — banques digitales sans réseau d'agences,KBC,KBC,en,2022-09-04,73
marque_generique_digitales,Marques — banques digitales sans réseau d'agences,KBC,KBC,en,2022-09-11,75
marque_generique_digitales,Marques — banques digitales sans réseau d'agences,KBC,KBC,en,2022-09-18,73
marque_generique_digitales,Marques — banques digitales sans réseau d'agences,KBC,KBC,en,2022-09-25,74
marque_generique_digitales,Marques — banques digitales sans réseau d'agences,KBC,KBC,en,2022-10-02,75
marque_generique_digitales,Marques — banques digitales sans réseau d'agences,KBC,KBC,en,2022-10-09,73
marque_generique_digitales,Marques — banques digitales sans réseau d'agences,KBC,KBC,en,2022-10-16,67
marque_generique_digitales,Marques — banques digitales sans réseau d'agences,KBC,KBC,en,2022-10-23,67
marque_generique_digitales,Marques — banques digitales sans réseau d'agences,KBC,KBC,en,2022-10-30,61
marque_generique_digitales,Marques — banques digitales sans réseau d'agences,KBC,KBC,en,2022-11-06,63
marque_generique_digitales,Marques — banques digitales sans réseau d'agences,KBC,KBC,en,2022-11-13,75
marque_generique_digitales,Marques — banques digitales sans réseau d'agences,KBC,KBC,en,2022-11-20,61
marque_generique_digitales,Marques — banques digitales sans réseau d'agences,KBC,KBC,en,2022-11-27,70
marque_generique_digitales,Marques — banques digitales sans réseau d'agences,KBC,KBC,en,2022-12-04,67
marque_generique_digitales,Marques — banques digitales sans réseau d'agences,KBC,KBC,en,2022-12-11,69
marque_generique_digitales,Marques — banques digitales sans réseau d'agences,KBC,KBC,en,2022-12-18,71
marque_generique_digitales,Marques — banques digitales sans réseau d'agences,KBC,KBC,en,2022-12-25,66
marque_generique_digitales,Marques — banques digitales sans réseau d'agences,KBC,KBC,en,2023-01-01,76
marque_generique_digitales,Marques — banques digitales sans réseau d'agences,KBC,KBC,en,2023-01-08,75
marque_generique_digitales,Marques — banques digitales sans réseau d'agences,KBC,KBC,en,2023-01-15,70
marque_generique_digitales,Marques — banques digitales sans réseau d'agences,KBC,KBC,en,2023-01-22,74
marque_generique_digitales,Marques — banques digitales sans réseau d'agences,KBC,KBC,en,2023-01-29,76
marque_generique_digitales,Marques — banques digitales sans réseau d'agences,KBC,KBC,en,2023-02-05,75
marque_generique_digitales,Marques — banques digitales sans réseau d'agences,KBC,KBC,en,2023-02-12,72
marque_generique_digitales,Marques — banques digitales sans réseau d'agences,KBC,KBC,en,2023-02-19,67
marque_generique_digitales,Marques — banques digitales sans réseau d'agences,KBC,KBC,en,2023-02-26,74
marque_generique_digitales,Marques — banques digitales sans réseau d'agences,KBC,KBC,en,2023-03-05,74
marque_generique_digitales,Marques — banques digitales sans réseau d'agences,KBC,KBC,en,2023-03-12,79
marque_generique_digitales,Marques — banques digitales sans réseau d'agences,KBC,KBC,en,2023-03-19,77
marque_generique_digitales,Marques — banques digitales sans réseau d'agences,KBC,KBC,en,2023-03-26,75
marque_generique_digitales,Marques — banques digitales sans réseau d'agences,KBC,KBC,en,2023-04-02,69
marque_generique_digitales,Marques — banques digitales sans réseau d'agences,KBC,KBC,en,2023-04-09,67
marque_generique_digitales,Marques — banques digitales sans réseau d'agences,KBC,KBC,en,2023-04-16,67
marque_generique_digitales,Marques — banques digitales sans réseau d'agences,KBC,KBC,en,2023-04-23,64
marque_generique_digitales,Marques — banques digitales sans réseau d'agences,KBC,KBC,en,2023-04-30,60
marque_generique_digitales,Marques — banques digitales sans réseau d'agences,KBC,KBC,en,2023-05-07,65
marque_generique_digitales,Marques — banques digitales sans réseau d'agences,KBC,KBC,en,2023-05-14,58
marque_generique_digitales,Marques — banques digitales sans réseau d'agences,KBC,KBC,en,2023-05-21,73
marque_generique_digitales,Marques — banques digitales sans réseau d'agences,KBC,KBC,en,2023-05-28,66
marque_generique_digitales,Marques — banques digitales sans réseau d'agences,KBC,KBC,en,2023-06-04,66
marque_generique_digitales,Marques — banques digitales sans réseau d'agences,KBC,KBC,en,2023-06-11,66
marque_generique_digitales,Marques — banques digitales sans réseau d'agences,KBC,KBC,en,2023-06-18,61
marque_generique_digitales,Marques — banques digitales sans réseau d'agences,KBC,KBC,en,2023-06-25,69
marque_generique_digitales,Marques — banques digitales sans réseau d'agences,KBC,KBC,en,2023-07-02,74
marque_generique_digitales,Marques — banques digitales sans réseau d'agences,KBC,KBC,en,2023-07-09,72
marque_generique_digitales,Marques — banques digitales sans réseau d'agences,KBC,KBC,en,2023-07-16,58
marque_generique_digitales,Marques — banques digitales sans réseau d'agences,KBC,KBC,en,2023-07-23,63
marque_generique_digitales,Marques — banques digitales sans réseau d'agences,KBC,KBC,en,2023-07-30,66
marque_generique_digitales,Marques — banques digitales sans réseau d'agences,KBC,KBC,en,2023-08-06,63
marque_generique_digitales,Marques — banques digitales sans réseau d'agences,KBC,KBC,en,2023-08-13,56
marque_generique_digitales,Marques — banques digitales sans réseau d'agences,KBC,KBC,en,2023-08-20,84
marque_generique_digitales,Marques — banques digitales sans réseau d'agences,KBC,KBC,en,2023-08-27,93
marque_generique_digitales,Marques — banques digitales sans réseau d'agences,KBC,KBC,en,2023-09-03,65
marque_generique_digitales,Marques — banques digitales sans réseau d'agences,KBC,KBC,en,2023-09-10,58
marque_generique_digitales,Marques — banques digitales sans réseau d'agences,KBC,KBC,en,2023-09-17,60
marque_generique_digitales,Marques — banques digitales sans réseau d'agences,KBC,KBC,en,2023-09-24,61
marque_generique_digitales,Marques — banques digitales sans réseau d'agences,KBC,KBC,en,2023-10-01,69
marque_generique_digitales,Marques — banques digitales sans réseau d'agences,KBC,KBC,en,2023-10-08,63
marque_generique_digitales,Marques — banques digitales sans réseau d'agences,KBC,KBC,en,2023-10-15,64
marque_generique_digitales,Marques — banques digitales sans réseau d'agences,KBC,KBC,en,2023-10-22,65
marque_generique_digitales,Marques — banques digitales sans réseau d'agences,KBC,KBC,en,2023-10-29,57
marque_generique_digitales,Marques — banques digitales sans réseau d'agences,KBC,KBC,en,2023-11-05,65
marque_generique_digitales,Marques — banques digitales sans réseau d'agences,KBC,KBC,en,2023-11-12,58
marque_generique_digitales,Marques — banques digitales sans réseau d'agences,KBC,KBC,en,2023-11-19,64
marque_generique_digitales,Marques — banques digitales sans réseau d'agences,KBC,KBC,en,2023-11-26,65
marque_generique_digitales,Marques — banques digitales sans réseau d'agences,KBC,KBC,en,2023-12-03,66
marque_generique_digitales,Marques — banques digitales sans réseau d'agences,KBC,KBC,en,2023-12-10,79
marque_generique_digitales,Marques — banques digitales sans réseau d'agences,KBC,KBC,en,2023-12-17,72
marque_generique_digitales,Marques — banques digitales sans réseau d'agences,KBC,KBC,en,2023-12-24,63
marque_generique_digitales,Marques — banques digitales sans réseau d'agences,KBC,KBC,en,2023-12-31,70
marque_generique_digitales,Marques — banques digitales sans réseau d'agences,KBC,KBC,en,2024-01-07,72
marque_generique_digitales,Marques — banques digitales sans réseau d'agences,KBC,KBC,en,2024-01-14,68
marque_generique_digitales,Marques — banques digitales sans réseau d'agences,KBC,KBC,en,2024-01-21,66
marque_generique_digitales,Marques — banques digitales sans réseau d'agences,KBC,KBC,en,2024-01-28,72
marque_generique_digitales,Marques — banques digitales sans réseau d'agences,KBC,KBC,en,2024-02-04,65
marque_generique_digitales,Marques — banques digitales sans réseau d'agences,KBC,KBC,en,2024-02-11,61
marque_generique_digitales,Marques — banques digitales sans réseau d'agences,KBC,KBC,en,2024-02-18,60
marque_generique_digitales,Marques — banques digitales sans réseau d'agences,KBC,KBC,en,2024-02-25,71
marque_generique_digitales,Marques — banques digitales sans réseau d'agences,KBC,KBC,en,2024-03-03,63
marque_generique_digitales,Marques — banques digitales sans réseau d'agences,KBC,KBC,en,2024-03-10,63
marque_generique_digitales,Marques — banques digitales sans réseau d'agences,KBC,KBC,en,2024-03-17,61
marque_generique_digitales,Marques — banques digitales sans réseau d'agences,KBC,KBC,en,2024-03-24,69
marque_generique_digitales,Marques — banques digitales sans réseau d'agences,KBC,KBC,en,2024-03-31,62
marque_generique_digitales,Marques — banques digitales sans réseau d'agences,KBC,KBC,en,2024-04-07,59
marque_generique_digitales,Marques — banques digitales sans réseau d'agences,KBC,KBC,en,2024-04-14,58
marque_generique_digitales,Marques — banques digitales sans réseau d'agences,KBC,KBC,en,2024-04-21,59
marque_generique_digitales,Marques — banques digitales sans réseau d'agences,KBC,KBC,en,2024-04-28,59
marque_generique_digitales,Marques — banques digitales sans réseau d'agences,KBC,KBC,en,2024-05-05,53
marque_generique_digitales,Marques — banques digitales sans réseau d'agences,KBC,KBC,en,2024-05-12,68
marque_generique_digitales,Marques — banques digitales sans réseau d'agences,KBC,KBC,en,2024-05-19,57
marque_generique_digitales,Marques — banques digitales sans réseau d'agences,KBC,KBC,en,2024-05-26,61
marque_generique_digitales,Marques — banques digitales sans réseau d'agences,KBC,KBC,en,2024-06-02,57
marque_generique_digitales,Marques — banques digitales sans réseau d'agences,KBC,KBC,en,2024-06-09,52
marque_generique_digitales,Marques — banques digitales sans réseau d'agences,KBC,KBC,en,2024-06-16,54
marque_generique_digitales,Marques — banques digitales sans réseau d'agences,KBC,KBC,en,2024-06-23,56
marque_generique_digitales,Marques — banques digitales sans réseau d'agences,KBC,KBC,en,2024-06-30,63
marque_generique_digitales,Marques — banques digitales sans réseau d'agences,KBC,KBC,en,2024-07-07,61
marque_generique_digitales,Marques — banques digitales sans réseau d'agences,KBC,KBC,en,2024-07-14,58
marque_generique_digitales,Marques — banques digitales sans réseau d'agences,KBC,KBC,en,2024-07-21,57
marque_generique_digitales,Marques — banques digitales sans réseau d'agences,KBC,KBC,en,2024-07-28,57
marque_generique_digitales,Marques — banques digitales sans réseau d'agences,KBC,KBC,en,2024-08-04,60
marque_generique_digitales,Marques — banques digitales sans réseau d'agences,KBC,KBC,en,2024-08-11,55
marque_generique_digitales,Marques — banques digitales sans réseau d'agences,KBC,KBC,en,2024-08-18,64
marque_generique_digitales,Marques — banques digitales sans réseau d'agences,KBC,KBC,en,2024-08-25,66
marque_generique_digitales,Marques — banques digitales sans réseau d'agences,KBC,KBC,en,2024-09-01,100
marque_generique_digitales,Marques — banques digitales sans réseau d'agences,KBC,KBC,en,2024-09-08,77
marque_generique_digitales,Marques — banques digitales sans réseau d'agences,KBC,KBC,en,2024-09-15,63
marque_generique_digitales,Marques — banques digitales sans réseau d'agences,KBC,KBC,en,2024-09-22,63
marque_generique_digitales,Marques — banques digitales sans réseau d'agences,KBC,KBC,en,2024-09-29,64
marque_generique_digitales,Marques — banques digitales sans réseau d'agences,KBC,KBC,en,2024-10-06,57
marque_generique_digitales,Marques — banques digitales sans réseau d'agences,KBC,KBC,en,2024-10-13,57
marque_generique_digitales,Marques — banques digitales sans réseau d'agences,KBC,KBC,en,2024-10-20,59
marque_generique_digitales,Marques — banques digitales sans réseau d'agences,KBC,KBC,en,2024-10-27,56
marque_generique_digitales,Marques — banques digitales sans réseau d'agences,KBC,KBC,en,2024-11-03,59
marque_generique_digitales,Marques — banques digitales sans réseau d'agences,KBC,KBC,en,2024-11-10,55
marque_generique_digitales,Marques — banques digitales sans réseau d'agences,KBC,KBC,en,2024-11-17,58
marque_generique_digitales,Marques — banques digitales sans réseau d'agences,KBC,KBC,en,2024-11-24,62
marque_generique_digitales,Marques — banques digitales sans réseau d'agences,KBC,KBC,en,2024-12-01,61
marque_generique_digitales,Marques — banques digitales sans réseau d'agences,KBC,KBC,en,2024-12-08,59
marque_generique_digitales,Marques — banques digitales sans réseau d'agences,KBC,KBC,en,2024-12-15,65
marque_generique_digitales,Marques — banques digitales sans réseau d'agences,KBC,KBC,en,2024-12-22,53
marque_generique_digitales,Marques — banques digitales sans réseau d'agences,KBC,KBC,en,2024-12-29,62
marque_generique_digitales,Marques — banques digitales sans réseau d'agences,KBC,KBC,en,2025-01-05,66
marque_generique_digitales,Marques — banques digitales sans réseau d'agences,KBC,KBC,en,2025-01-12,62
marque_generique_digitales,Marques — banques digitales sans réseau d'agences,KBC,KBC,en,2025-01-19,63
marque_generique_digitales,Marques — banques digitales sans réseau d'agences,KBC,KBC,en,2025-01-26,60
marque_generique_digitales,Marques — banques digitales sans réseau d'agences,KBC,KBC,en,2025-02-02,60
marque_generique_digitales,Marques — banques digitales sans réseau d'agences,KBC,KBC,en,2025-02-09,63
marque_generique_digitales,Marques — banques digitales sans réseau d'agences,KBC,KBC,en,2025-02-16,61
marque_generique_digitales,Marques — banques digitales sans réseau d'agences,KBC,KBC,en,2025-02-23,66
marque_generique_digitales,Marques — banques digitales sans réseau d'agences,KBC,KBC,en,2025-03-02,59
marque_generique_digitales,Marques — banques digitales sans réseau d'agences,KBC,KBC,en,2025-03-09,62
marque_generique_digitales,Marques — banques digitales sans réseau d'agences,KBC,KBC,en,2025-03-16,55
marque_generique_digitales,Marques — banques digitales sans réseau d'agences,KBC,KBC,en,2025-03-23,56
marque_generique_digitales,Marques — banques digitales sans réseau d'agences,KBC,KBC,en,2025-03-30,64
marque_generique_digitales,Marques — banques digitales sans réseau d'agences,KBC,KBC,en,2025-04-06,67
marque_generique_digitales,Marques — banques digitales sans réseau d'agences,KBC,KBC,en,2025-04-13,56
marque_generique_digitales,Marques — banques digitales sans réseau d'agences,KBC,KBC,en,2025-04-20,56
marque_generique_digitales,Marques — banques digitales sans réseau d'agences,KBC,KBC,en,2025-04-27,58
marque_generique_digitales,Marques — banques digitales sans réseau d'agences,KBC,KBC,en,2025-05-04,60
marque_generique_digitales,Marques — banques digitales sans réseau d'agences,KBC,KBC,en,2025-05-11,60
marque_generique_digitales,Marques — banques digitales sans réseau d'agences,KBC,KBC,en,2025-05-18,61
marque_generique_digitales,Marques — banques digitales sans réseau d'agences,KBC,KBC,en,2025-05-25,51
marque_generique_digitales,Marques — banques digitales sans réseau d'agences,KBC,KBC,en,2025-06-01,60
marque_generique_digitales,Marques — banques digitales sans réseau d'agences,KBC,KBC,en,2025-06-08,51
marque_generique_digitales,Marques — banques digitales sans réseau d'agences,KBC,KBC,en,2025-06-15,59
marque_generique_digitales,Marques — banques digitales sans réseau d'agences,KBC,KBC,en,2025-06-22,58
marque_generique_digitales,Marques — banques digitales sans réseau d'agences,KBC,KBC,en,2025-06-29,71
marque_generique_digitales,Marques — banques digitales sans réseau d'agences,KBC,KBC,en,2025-07-06,62
marque_generique_digitales,Marques — banques digitales sans réseau d'agences,KBC,KBC,en,2025-07-13,61
marque_generique_digitales,Marques — banques digitales sans réseau d'agences,KBC,KBC,en,2025-07-20,54
marque_generique_digitales,Marques — banques digitales sans réseau d'agences,KBC,KBC,en,2025-07-27,57
marque_generique_digitales,Marques — banques digitales sans réseau d'agences,KBC,KBC,en,2025-08-03,62
marque_generique_digitales,Marques — banques digitales sans réseau d'agences,KBC,KBC,en,2025-08-10,58
marque_generique_digitales,Marques — banques digitales sans réseau d'agences,KBC,KBC,en,2025-08-17,59
marque_generique_digitales,Marques — banques digitales sans réseau d'agences,KBC,KBC,en,2025-08-24,61
marque_generique_digitales,Marques — banques digitales sans réseau d'agences,KBC,KBC,en,2025-08-31,60
marque_generique_digitales,Marques — banques digitales sans réseau d'agences,KBC,KBC,en,2025-09-07,56
marque_generique_digitales,Marques — banques digitales sans réseau d'agences,KBC,KBC,en,2025-09-14,59
marque_generique_digitales,Marques — banques digitales sans réseau d'agences,KBC,KBC,en,2025-09-21,59
marque_generique_digitales,Marques — banques digitales sans réseau d'agences,KBC,KBC,en,2025-09-28,65
marque_generique_digitales,Marques — banques digitales sans réseau d'agences,KBC,KBC,en,2025-10-05,60
marque_generique_digitales,Marques — banques digitales sans réseau d'agences,KBC,KBC,en,2025-10-12,60
marque_generique_digitales,Marques — banques digitales sans réseau d'agences,KBC,KBC,en,2025-10-19,64
marque_generique_digitales,Marques — banques digitales sans réseau d'agences,KBC,KBC,en,2025-10-26,62
marque_generique_digitales,Marques — banques digitales sans réseau d'agences,KBC,KBC,en,2025-11-02,55
marque_generique_digitales,Marques — banques digitales sans réseau d'agences,KBC,KBC,en,2025-11-09,56
marque_generique_digitales,Marques — banques digitales sans réseau d'agences,KBC,KBC,en,2025-11-16,60
marque_generique_digitales,Marques — banques digitales sans réseau d'agences,KBC,KBC,en,2025-11-23,55
marque_generique_digitales,Marques — banques digitales sans réseau d'agences,KBC,KBC,en,2025-11-30,58
marque_generique_digitales,Marques — banques digitales sans réseau d'agences,KBC,KBC,en,2025-12-07,66
marque_generique_digitales,Marques — banques digitales sans réseau d'agences,KBC,KBC,en,2025-12-14,61
marque_generique_digitales,Marques — banques digitales sans réseau d'agences,KBC,KBC,en,2025-12-21,50
marque_generique_digitales,Marques — banques digitales sans réseau d'agences,KBC,KBC,en,2025-12-28,56
marque_generique_digitales,Marques — banques digitales sans réseau d'agences,KBC,KBC,en,2026-01-04,65
marque_generique_digitales,Marques — banques digitales sans réseau d'agences,KBC,KBC,en,2026-01-11,65
marque_generique_digitales,Marques — banques digitales sans réseau d'agences,KBC,KBC,en,2026-01-18,55
marque_generique_digitales,Marques — banques digitales sans réseau d'agences,KBC,KBC,en,2026-01-25,58
marque_generique_digitales,Marques — banques digitales sans réseau d'agences,KBC,KBC,en,2026-02-01,60
marque_generique_digitales,Marques — banques digitales sans réseau d'agences,KBC,KBC,en,2026-02-08,55
marque_generique_digitales,Marques — banques digitales sans réseau d'agences,KBC,KBC,en,2026-02-15,51
marque_generique_digitales,Marques — banques digitales sans réseau d'agences,KBC,KBC,en,2026-02-22,58
marque_generique_digitales,Marques — banques digitales sans réseau d'agences,KBC,KBC,en,2026-03-01,56
marque_generique_digitales,Marques — banques digitales sans réseau d'agences,KBC,KBC,en,2026-03-08,57
marque_generique_digitales,Marques — banques digitales sans réseau d'agences,KBC,KBC,en,2026-03-15,53
marque_generique_digitales,Marques — banques digitales sans réseau d'agences,KBC,KBC,en,2026-03-22,56
marque_generique_digitales,Marques — banques digitales sans réseau d'agences,KBC,KBC,en,2026-03-29,60
marque_generique_digitales,Marques — banques digitales sans réseau d'agences,KBC,KBC,en,2026-04-05,52
marque_generique_digitales,Marques — banques digitales sans réseau d'agences,KBC,KBC,en,2026-04-12,57
marque_generique_digitales,Marques — banques digitales sans réseau d'agences,KBC,KBC,en,2026-04-19,53
marque_generique_digitales,Marques — banques digitales sans réseau d'agences,KBC,KBC,en,2026-04-26,49
marque_generique_digitales,Marques — banques digitales sans réseau d'agences,KBC,KBC,en,2026-05-03,53
marque_generique_digitales,Marques — banques digitales sans réseau d'agences,KBC,KBC,en,2026-05-10,49
marque_generique_digitales,Marques — banques digitales sans réseau d'agences,KBC,KBC,en,2026-05-17,55
marque_generique_digitales,Marques — banques digitales sans réseau d'agences,KBC,KBC,en,2026-05-24,52
marque_generique_digitales,Marques — banques digitales sans réseau d'agences,KBC,KBC,en,2026-05-31,53
marque_generique_digitales,Marques — banques digitales sans réseau d'agences,KBC,KBC,en,2026-06-07,53
marque_generique_digitales,Marques — banques digitales sans réseau d'agences,KBC,KBC,en,2026-06-14,47
marque_generique_digitales,Marques — banques digitales sans réseau d'agences,KBC,KBC,en,2026-06-21,49
marque_generique_digitales,Marques — banques digitales sans réseau d'agences,KBC,KBC,en,2026-06-28,55
marque_generique_digitales,Marques — banques digitales sans réseau d'agences,KBC,KBC,en,2026-07-05,50
marque_generique_digitales,Marques — banques digitales sans réseau d'agences,KBC,KBC,en,2026-07-12,65
marque_generique_digitales,Marques — banques digitales sans réseau d'agences,KBC,KBC,en,2026-07-19,47
marque_generique_digitales,Marques — banques digitales sans réseau d'agences,KBC,KBC,en,2026-07-26,56
marque_generique_digitales,Marques — banques digitales sans réseau d'agences,KBC,KBC,en,2026-08-02,49
marque_generique_digitales,Marques — banques digitales sans réseau d'agences,KBC,KBC,en,2026-08-09,45
marque_generique_digitales,Marques — banques digitales sans réseau d'agences,KBC,KBC,en,2026-08-16,49
marque_generique_digitales,Marques — banques digitales sans réseau d'agences,KBC,KBC,en,2026-08-23,47
marque_generique_digitales,Marques — banques digitales sans réseau d'agences,KBC,KBC,en,2026-08-30,50
marque_generique_digitales,Marques — banques digitales sans réseau d'agences,KBC,KBC,en,2026-09-06,49
marque_generique_digitales,Marques — banques digitales sans réseau d'agences,KBC,KBC,en,2026-09-13,43
marque_generique_digitales,Marques — banques digitales sans réseau d'agences,KBC,KBC,en,2026-09-20,43
marque_generique_digitales,Marques — banques digitales sans réseau d'agences,Keytrade Bank,KEYTRADE,multi,2021-09-19,1
marque_generique_digitales,Marques — banques digitales sans réseau d'agences,Keytrade Bank,KEYTRADE,multi,2021-09-26,1
marque_generique_digitales,Marques — banques digitales sans réseau d'agences,Keytrade Bank,KEYTRADE,multi,2021-10-03,1
marque_generique_digitales,Marques — banques digitales sans réseau d'agences,Keytrade Bank,KEYTRADE,multi,2021-10-10,1
marque_generique_digitales,Marques — banques digitales sans réseau d'agences,Keytrade Bank,KEYTRADE,multi,2021-10-17,1
marque_generique_digitales,Marques — banques digitales sans réseau d'agences,Keytrade Bank,KEYTRADE,multi,2021-10-24,1
marque_generique_digitales,Marques — banques digitales sans réseau d'agences,Keytrade Bank,KEYTRADE,multi,2021-10-31,1
marque_generique_digitales,Marques — banques digitales sans réseau d'agences,Keytrade Bank,KEYTRADE,multi,2021-11-07,1
marque_generique_digitales,Marques — banques digitales sans réseau d'agences,Keytrade Bank,KEYTRADE,multi,2021-11-14,2
marque_generique_digitales,Marques — banques digitales sans réseau d'agences,Keytrade Bank,KEYTRADE,multi,2021-11-21,1
marque_generique_digitales,Marques — banques digitales sans réseau d'agences,Keytrade Bank,KEYTRADE,multi,2021-11-28,1
marque_generique_digitales,Marques — banques digitales sans réseau d'agences,Keytrade Bank,KEYTRADE,multi,2021-12-05,1
marque_generique_digitales,Marques — banques digitales sans réseau d'agences,Keytrade Bank,KEYTRADE,multi,2021-12-12,1
marque_generique_digitales,Marques — banques digitales sans réseau d'agences,Keytrade Bank,KEYTRADE,multi,2021-12-19,1
marque_generique_digitales,Marques — banques digitales sans réseau d'agences,Keytrade Bank,KEYTRADE,multi,2021-12-26,1
marque_generique_digitales,Marques — banques digitales sans réseau d'agences,Keytrade Bank,KEYTRADE,multi,2022-01-02,2
marque_generique_digitales,Marques — banques digitales sans réseau d'agences,Keytrade Bank,KEYTRADE,multi,2022-01-09,1
marque_generique_digitales,Marques — banques digitales sans réseau d'agences,Keytrade Bank,KEYTRADE,multi,2022-01-16,1
marque_generique_digitales,Marques — banques digitales sans réseau d'agences,Keytrade Bank,KEYTRADE,multi,2022-01-23,1
marque_generique_digitales,Marques — banques digitales sans réseau d'agences,Keytrade Bank,KEYTRADE,multi,2022-01-30,1
marque_generique_digitales,Marques — banques digitales sans réseau d'agences,Keytrade Bank,KEYTRADE,multi,2022-02-06,1
marque_generique_digitales,Marques — banques digitales sans réseau d'agences,Keytrade Bank,KEYTRADE,multi,2022-02-13,1
marque_generique_digitales,Marques — banques digitales sans réseau d'agences,Keytrade Bank,KEYTRADE,multi,2022-02-20,1
marque_generique_digitales,Marques — banques digitales sans réseau d'agences,Keytrade Bank,KEYTRADE,multi,2022-02-27,1
marque_generique_digitales,Marques — banques digitales sans réseau d'agences,Keytrade Bank,KEYTRADE,multi,2022-03-06,1
marque_generique_digitales,Marques — banques digitales sans réseau d'agences,Keytrade Bank,KEYTRADE,multi,2022-03-13,1
marque_generique_digitales,Marques — banques digitales sans réseau d'agences,Keytrade Bank,KEYTRADE,multi,2022-03-20,1
marque_generique_digitales,Marques — banques digitales sans réseau d'agences,Keytrade Bank,KEYTRADE,multi,2022-03-27,1
marque_generique_digitales,Marques — banques digitales sans réseau d'agences,Keytrade Bank,KEYTRADE,multi,2022-04-03,1
marque_generique_digitales,Marques — banques digitales sans réseau d'agences,Keytrade Bank,KEYTRADE,multi,2022-04-10,1
marque_generique_digitales,Marques — banques digitales sans réseau d'agences,Keytrade Bank,KEYTRADE,multi,2022-04-17,1
marque_generique_digitales,Marques — banques digitales sans réseau d'agences,Keytrade Bank,KEYTRADE,multi,2022-04-24,1
marque_generique_digitales,Marques — banques digitales sans réseau d'agences,Keytrade Bank,KEYTRADE,multi,2022-05-01,1
marque_generique_digitales,Marques — banques digitales sans réseau d'agences,Keytrade Bank,KEYTRADE,multi,2022-05-08,1
marque_generique_digitales,Marques — banques digitales sans réseau d'agences,Keytrade Bank,KEYTRADE,multi,2022-05-15,1
marque_generique_digitales,Marques — banques digitales sans réseau d'agences,Keytrade Bank,KEYTRADE,multi,2022-05-22,1
marque_generique_digitales,Marques — banques digitales sans réseau d'agences,Keytrade Bank,KEYTRADE,multi,2022-05-29,1
marque_generique_digitales,Marques — banques digitales sans réseau d'agences,Keytrade Bank,KEYTRADE,multi,2022-06-05,1
marque_generique_digitales,Marques — banques digitales sans réseau d'agences,Keytrade Bank,KEYTRADE,multi,2022-06-12,1
marque_generique_digitales,Marques — banques digitales sans réseau d'agences,Keytrade Bank,KEYTRADE,multi,2022-06-19,1
marque_generique_digitales,Marques — banques digitales sans réseau d'agences,Keytrade Bank,KEYTRADE,multi,2022-06-26,1
marque_generique_digitales,Marques — banques digitales sans réseau d'agences,Keytrade Bank,KEYTRADE,multi,2022-07-03,1
marque_generique_digitales,Marques — banques digitales sans réseau d'agences,Keytrade Bank,KEYTRADE,multi,2022-07-10,1
marque_generique_digitales,Marques — banques digitales sans réseau d'agences,Keytrade Bank,KEYTRADE,multi,2022-07-17,1
marque_generique_digitales,Marques — banques digitales sans réseau d'agences,Keytrade Bank,KEYTRADE,multi,2022-07-24,1
marque_generique_digitales,Marques — banques digitales sans réseau d'agences,Keytrade Bank,KEYTRADE,multi,2022-07-31,1
marque_generique_digitales,Marques — banques digitales sans réseau d'agences,Keytrade Bank,KEYTRADE,multi,2022-08-07,1
marque_generique_digitales,Marques — banques digitales sans réseau d'agences,Keytrade Bank,KEYTRADE,multi,2022-08-14,1
marque_generique_digitales,Marques — banques digitales sans réseau d'agences,Keytrade Bank,KEYTRADE,multi,2022-08-21,1
marque_generique_digitales,Marques — banques digitales sans réseau d'agences,Keytrade Bank,KEYTRADE,multi,2022-08-28,1
marque_generique_digitales,Marques — banques digitales sans réseau d'agences,Keytrade Bank,KEYTRADE,multi,2022-09-04,1
marque_generique_digitales,Marques — banques digitales sans réseau d'agences,Keytrade Bank,KEYTRADE,multi,2022-09-11,1
marque_generique_digitales,Marques — banques digitales sans réseau d'agences,Keytrade Bank,KEYTRADE,multi,2022-09-18,1
marque_generique_digitales,Marques — banques digitales sans réseau d'agences,Keytrade Bank,KEYTRADE,multi,2022-09-25,1
marque_generique_digitales,Marques — banques digitales sans réseau d'agences,Keytrade Bank,KEYTRADE,multi,2022-10-02,1
marque_generique_digitales,Marques — banques digitales sans réseau d'agences,Keytrade Bank,KEYTRADE,multi,2022-10-09,1
marque_generique_digitales,Marques — banques digitales sans réseau d'agences,Keytrade Bank,KEYTRADE,multi,2022-10-16,1
marque_generique_digitales,Marques — banques digitales sans réseau d'agences,Keytrade Bank,KEYTRADE,multi,2022-10-23,1
marque_generique_digitales,Marques — banques digitales sans réseau d'agences,Keytrade Bank,KEYTRADE,multi,2022-10-30,1
marque_generique_digitales,Marques — banques digitales sans réseau d'agences,Keytrade Bank,KEYTRADE,multi,2022-11-06,1
marque_generique_digitales,Marques — banques digitales sans réseau d'agences,Keytrade Bank,KEYTRADE,multi,2022-11-13,1
marque_generique_digitales,Marques — banques digitales sans réseau d'agences,Keytrade Bank,KEYTRADE,multi,2022-11-20,2
marque_generique_digitales,Marques — banques digitales sans réseau d'agences,Keytrade Bank,KEYTRADE,multi,2022-11-27,2
marque_generique_digitales,Marques — banques digitales sans réseau d'agences,Keytrade Bank,KEYTRADE,multi,2022-12-04,1
marque_generique_digitales,Marques — banques digitales sans réseau d'agences,Keytrade Bank,KEYTRADE,multi,2022-12-11,1
marque_generique_digitales,Marques — banques digitales sans réseau d'agences,Keytrade Bank,KEYTRADE,multi,2022-12-18,2
marque_generique_digitales,Marques — banques digitales sans réseau d'agences,Keytrade Bank,KEYTRADE,multi,2022-12-25,1
marque_generique_digitales,Marques — banques digitales sans réseau d'agences,Keytrade Bank,KEYTRADE,multi,2023-01-01,1
marque_generique_digitales,Marques — banques digitales sans réseau d'agences,Keytrade Bank,KEYTRADE,multi,2023-01-08,1
marque_generique_digitales,Marques — banques digitales sans réseau d'agences,Keytrade Bank,KEYTRADE,multi,2023-01-15,1
marque_generique_digitales,Marques — banques digitales sans réseau d'agences,Keytrade Bank,KEYTRADE,multi,2023-01-22,1
marque_generique_digitales,Marques — banques digitales sans réseau d'agences,Keytrade Bank,KEYTRADE,multi,2023-01-29,1
marque_generique_digitales,Marques — banques digitales sans réseau d'agences,Keytrade Bank,KEYTRADE,multi,2023-02-05,1
marque_generique_digitales,Marques — banques digitales sans réseau d'agences,Keytrade Bank,KEYTRADE,multi,2023-02-12,1
marque_generique_digitales,Marques — banques digitales sans réseau d'agences,Keytrade Bank,KEYTRADE,multi,2023-02-19,2
marque_generique_digitales,Marques — banques digitales sans réseau d'agences,Keytrade Bank,KEYTRADE,multi,2023-02-26,1
marque_generique_digitales,Marques — banques digitales sans réseau d'agences,Keytrade Bank,KEYTRADE,multi,2023-03-05,1
marque_generique_digitales,Marques — banques digitales sans réseau d'agences,Keytrade Bank,KEYTRADE,multi,2023-03-12,1
marque_generique_digitales,Marques — banques digitales sans réseau d'agences,Keytrade Bank,KEYTRADE,multi,2023-03-19,1
marque_generique_digitales,Marques — banques digitales sans réseau d'agences,Keytrade Bank,KEYTRADE,multi,2023-03-26,1
marque_generique_digitales,Marques — banques digitales sans réseau d'agences,Keytrade Bank,KEYTRADE,multi,2023-04-02,1
marque_generique_digitales,Marques — banques digitales sans réseau d'agences,Keytrade Bank,KEYTRADE,multi,2023-04-09,1
marque_generique_digitales,Marques — banques digitales sans réseau d'agences,Keytrade Bank,KEYTRADE,multi,2023-04-16,1
marque_generique_digitales,Marques — banques digitales sans réseau d'agences,Keytrade Bank,KEYTRADE,multi,2023-04-23,1
marque_generique_digitales,Marques — banques digitales sans réseau d'agences,Keytrade Bank,KEYTRADE,multi,2023-04-30,1
marque_generique_digitales,Marques — banques digitales sans réseau d'agences,Keytrade Bank,KEYTRADE,multi,2023-05-07,1
marque_generique_digitales,Marques — banques digitales sans réseau d'agences,Keytrade Bank,KEYTRADE,multi,2023-05-14,1
marque_generique_digitales,Marques — banques digitales sans réseau d'agences,Keytrade Bank,KEYTRADE,multi,2023-05-21,1
marque_generique_digitales,Marques — banques digitales sans réseau d'agences,Keytrade Bank,KEYTRADE,multi,2023-05-28,1
marque_generique_digitales,Marques — banques digitales sans réseau d'agences,Keytrade Bank,KEYTRADE,multi,2023-06-04,1
marque_generique_digitales,Marques — banques digitales sans réseau d'agences,Keytrade Bank,KEYTRADE,multi,2023-06-11,1
marque_generique_digitales,Marques — banques digitales sans réseau d'agences,Keytrade Bank,KEYTRADE,multi,2023-06-18,1
marque_generique_digitales,Marques — banques digitales sans réseau d'agences,Keytrade Bank,KEYTRADE,multi,2023-06-25,1
marque_generique_digitales,Marques — banques digitales sans réseau d'agences,Keytrade Bank,KEYTRADE,multi,2023-07-02,1
marque_generique_digitales,Marques — banques digitales sans réseau d'agences,Keytrade Bank,KEYTRADE,multi,2023-07-09,1
marque_generique_digitales,Marques — banques digitales sans réseau d'agences,Keytrade Bank,KEYTRADE,multi,2023-07-16,1
marque_generique_digitales,Marques — banques digitales sans réseau d'agences,Keytrade Bank,KEYTRADE,multi,2023-07-23,1
marque_generique_digitales,Marques — banques digitales sans réseau d'agences,Keytrade Bank,KEYTRADE,multi,2023-07-30,1
marque_generique_digitales,Marques — banques digitales sans réseau d'agences,Keytrade Bank,KEYTRADE,multi,2023-08-06,1
marque_generique_digitales,Marques — banques digitales sans réseau d'agences,Keytrade Bank,KEYTRADE,multi,2023-08-13,1
marque_generique_digitales,Marques — banques digitales sans réseau d'agences,Keytrade Bank,KEYTRADE,multi,2023-08-20,2
marque_generique_digitales,Marques — banques digitales sans réseau d'agences,Keytrade Bank,KEYTRADE,multi,2023-08-27,2
marque_generique_digitales,Marques — banques digitales sans réseau d'agences,Keytrade Bank,KEYTRADE,multi,2023-09-03,1
marque_generique_digitales,Marques — banques digitales sans réseau d'agences,Keytrade Bank,KEYTRADE,multi,2023-09-10,1
marque_generique_digitales,Marques — banques digitales sans réseau d'agences,Keytrade Bank,KEYTRADE,multi,2023-09-17,1
marque_generique_digitales,Marques — banques digitales sans réseau d'agences,Keytrade Bank,KEYTRADE,multi,2023-09-24,2
marque_generique_digitales,Marques — banques digitales sans réseau d'agences,Keytrade Bank,KEYTRADE,multi,2023-10-01,2
marque_generique_digitales,Marques — banques digitales sans réseau d'agences,Keytrade Bank,KEYTRADE,multi,2023-10-08,2
marque_generique_digitales,Marques — banques digitales sans réseau d'agences,Keytrade Bank,KEYTRADE,multi,2023-10-15,1
marque_generique_digitales,Marques — banques digitales sans réseau d'agences,Keytrade Bank,KEYTRADE,multi,2023-10-22,2
marque_generique_digitales,Marques — banques digitales sans réseau d'agences,Keytrade Bank,KEYTRADE,multi,2023-10-29,1
marque_generique_digitales,Marques — banques digitales sans réseau d'agences,Keytrade Bank,KEYTRADE,multi,2023-11-05,1
marque_generique_digitales,Marques — banques digitales sans réseau d'agences,Keytrade Bank,KEYTRADE,multi,2023-11-12,1
marque_generique_digitales,Marques — banques digitales sans réseau d'agences,Keytrade Bank,KEYTRADE,multi,2023-11-19,1
marque_generique_digitales,Marques — banques digitales sans réseau d'agences,Keytrade Bank,KEYTRADE,multi,2023-11-26,2
marque_generique_digitales,Marques — banques digitales sans réseau d'agences,Keytrade Bank,KEYTRADE,multi,2023-12-03,2
marque_generique_digitales,Marques — banques digitales sans réseau d'agences,Keytrade Bank,KEYTRADE,multi,2023-12-10,2
marque_generique_digitales,Marques — banques digitales sans réseau d'agences,Keytrade Bank,KEYTRADE,multi,2023-12-17,1
marque_generique_digitales,Marques — banques digitales sans réseau d'agences,Keytrade Bank,KEYTRADE,multi,2023-12-24,1
marque_generique_digitales,Marques — banques digitales sans réseau d'agences,Keytrade Bank,KEYTRADE,multi,2023-12-31,2
marque_generique_digitales,Marques — banques digitales sans réseau d'agences,Keytrade Bank,KEYTRADE,multi,2024-01-07,2
marque_generique_digitales,Marques — banques digitales sans réseau d'agences,Keytrade Bank,KEYTRADE,multi,2024-01-14,1
marque_generique_digitales,Marques — banques digitales sans réseau d'agences,Keytrade Bank,KEYTRADE,multi,2024-01-21,1
marque_generique_digitales,Marques — banques digitales sans réseau d'agences,Keytrade Bank,KEYTRADE,multi,2024-01-28,2
marque_generique_digitales,Marques — banques digitales sans réseau d'agences,Keytrade Bank,KEYTRADE,multi,2024-02-04,1
marque_generique_digitales,Marques — banques digitales sans réseau d'agences,Keytrade Bank,KEYTRADE,multi,2024-02-11,1
marque_generique_digitales,Marques — banques digitales sans réseau d'agences,Keytrade Bank,KEYTRADE,multi,2024-02-18,1
marque_generique_digitales,Marques — banques digitales sans réseau d'agences,Keytrade Bank,KEYTRADE,multi,2024-02-25,1
marque_generique_digitales,Marques — banques digitales sans réseau d'agences,Keytrade Bank,KEYTRADE,multi,2024-03-03,1
marque_generique_digitales,Marques — banques digitales sans réseau d'agences,Keytrade Bank,KEYTRADE,multi,2024-03-10,1
marque_generique_digitales,Marques — banques digitales sans réseau d'agences,Keytrade Bank,KEYTRADE,multi,2024-03-17,2
marque_generique_digitales,Marques — banques digitales sans réseau d'agences,Keytrade Bank,KEYTRADE,multi,2024-03-24,1
marque_generique_digitales,Marques — banques digitales sans réseau d'agences,Keytrade Bank,KEYTRADE,multi,2024-03-31,1
marque_generique_digitales,Marques — banques digitales sans réseau d'agences,Keytrade Bank,KEYTRADE,multi,2024-04-07,2
marque_generique_digitales,Marques — banques digitales sans réseau d'agences,Keytrade Bank,KEYTRADE,multi,2024-04-14,1
marque_generique_digitales,Marques — banques digitales sans réseau d'agences,Keytrade Bank,KEYTRADE,multi,2024-04-21,1
marque_generique_digitales,Marques — banques digitales sans réseau d'agences,Keytrade Bank,KEYTRADE,multi,2024-04-28,1
marque_generique_digitales,Marques — banques digitales sans réseau d'agences,Keytrade Bank,KEYTRADE,multi,2024-05-05,2
marque_generique_digitales,Marques — banques digitales sans réseau d'agences,Keytrade Bank,KEYTRADE,multi,2024-05-12,1
marque_generique_digitales,Marques — banques digitales sans réseau d'agences,Keytrade Bank,KEYTRADE,multi,2024-05-19,1
marque_generique_digitales,Marques — banques digitales sans réseau d'agences,Keytrade Bank,KEYTRADE,multi,2024-05-26,1
marque_generique_digitales,Marques — banques digitales sans réseau d'agences,Keytrade Bank,KEYTRADE,multi,2024-06-02,1
marque_generique_digitales,Marques — banques digitales sans réseau d'agences,Keytrade Bank,KEYTRADE,multi,2024-06-09,1
marque_generique_digitales,Marques — banques digitales sans réseau d'agences,Keytrade Bank,KEYTRADE,multi,2024-06-16,1
marque_generique_digitales,Marques — banques digitales sans réseau d'agences,Keytrade Bank,KEYTRADE,multi,2024-06-23,1
marque_generique_digitales,Marques — banques digitales sans réseau d'agences,Keytrade Bank,KEYTRADE,multi,2024-06-30,1
marque_generique_digitales,Marques — banques digitales sans réseau d'agences,Keytrade Bank,KEYTRADE,multi,2024-07-07,1
marque_generique_digitales,Marques — banques digitales sans réseau d'agences,Keytrade Bank,KEYTRADE,multi,2024-07-14,1
marque_generique_digitales,Marques — banques digitales sans réseau d'agences,Keytrade Bank,KEYTRADE,multi,2024-07-21,1
marque_generique_digitales,Marques — banques digitales sans réseau d'agences,Keytrade Bank,KEYTRADE,multi,2024-07-28,1
marque_generique_digitales,Marques — banques digitales sans réseau d'agences,Keytrade Bank,KEYTRADE,multi,2024-08-04,2
marque_generique_digitales,Marques — banques digitales sans réseau d'agences,Keytrade Bank,KEYTRADE,multi,2024-08-11,1
marque_generique_digitales,Marques — banques digitales sans réseau d'agences,Keytrade Bank,KEYTRADE,multi,2024-08-18,1
marque_generique_digitales,Marques — banques digitales sans réseau d'agences,Keytrade Bank,KEYTRADE,multi,2024-08-25,1
marque_generique_digitales,Marques — banques digitales sans réseau d'agences,Keytrade Bank,KEYTRADE,multi,2024-09-01,2
marque_generique_digitales,Marques — banques digitales sans réseau d'agences,Keytrade Bank,KEYTRADE,multi,2024-09-08,2
marque_generique_digitales,Marques — banques digitales sans réseau d'agences,Keytrade Bank,KEYTRADE,multi,2024-09-15,1
marque_generique_digitales,Marques — banques digitales sans réseau d'agences,Keytrade Bank,KEYTRADE,multi,2024-09-22,1
marque_generique_digitales,Marques — banques digitales sans réseau d'agences,Keytrade Bank,KEYTRADE,multi,2024-09-29,1
marque_generique_digitales,Marques — banques digitales sans réseau d'agences,Keytrade Bank,KEYTRADE,multi,2024-10-06,1
marque_generique_digitales,Marques — banques digitales sans réseau d'agences,Keytrade Bank,KEYTRADE,multi,2024-10-13,1
marque_generique_digitales,Marques — banques digitales sans réseau d'agences,Keytrade Bank,KEYTRADE,multi,2024-10-20,1
marque_generique_digitales,Marques — banques digitales sans réseau d'agences,Keytrade Bank,KEYTRADE,multi,2024-10-27,1
marque_generique_digitales,Marques — banques digitales sans réseau d'agences,Keytrade Bank,KEYTRADE,multi,2024-11-03,2
marque_generique_digitales,Marques — banques digitales sans réseau d'agences,Keytrade Bank,KEYTRADE,multi,2024-11-10,1
marque_generique_digitales,Marques — banques digitales sans réseau d'agences,Keytrade Bank,KEYTRADE,multi,2024-11-17,2
marque_generique_digitales,Marques — banques digitales sans réseau d'agences,Keytrade Bank,KEYTRADE,multi,2024-11-24,1
marque_generique_digitales,Marques — banques digitales sans réseau d'agences,Keytrade Bank,KEYTRADE,multi,2024-12-01,2
marque_generique_digitales,Marques — banques digitales sans réseau d'agences,Keytrade Bank,KEYTRADE,multi,2024-12-08,1
marque_generique_digitales,Marques — banques digitales sans réseau d'agences,Keytrade Bank,KEYTRADE,multi,2024-12-15,2
marque_generique_digitales,Marques — banques digitales sans réseau d'agences,Keytrade Bank,KEYTRADE,multi,2024-12-22,2
marque_generique_digitales,Marques — banques digitales sans réseau d'agences,Keytrade Bank,KEYTRADE,multi,2024-12-29,2
marque_generique_digitales,Marques — banques digitales sans réseau d'agences,Keytrade Bank,KEYTRADE,multi,2025-01-05,2
marque_generique_digitales,Marques — banques digitales sans réseau d'agences,Keytrade Bank,KEYTRADE,multi,2025-01-12,1
marque_generique_digitales,Marques — banques digitales sans réseau d'agences,Keytrade Bank,KEYTRADE,multi,2025-01-19,1
marque_generique_digitales,Marques — banques digitales sans réseau d'agences,Keytrade Bank,KEYTRADE,multi,2025-01-26,2
marque_generique_digitales,Marques — banques digitales sans réseau d'agences,Keytrade Bank,KEYTRADE,multi,2025-02-02,1
marque_generique_digitales,Marques — banques digitales sans réseau d'agences,Keytrade Bank,KEYTRADE,multi,2025-02-09,1
marque_generique_digitales,Marques — banques digitales sans réseau d'agences,Keytrade Bank,KEYTRADE,multi,2025-02-16,1
marque_generique_digitales,Marques — banques digitales sans réseau d'agences,Keytrade Bank,KEYTRADE,multi,2025-02-23,1
marque_generique_digitales,Marques — banques digitales sans réseau d'agences,Keytrade Bank,KEYTRADE,multi,2025-03-02,1
marque_generique_digitales,Marques — banques digitales sans réseau d'agences,Keytrade Bank,KEYTRADE,multi,2025-03-09,1
marque_generique_digitales,Marques — banques digitales sans réseau d'agences,Keytrade Bank,KEYTRADE,multi,2025-03-16,1
marque_generique_digitales,Marques — banques digitales sans réseau d'agences,Keytrade Bank,KEYTRADE,multi,2025-03-23,1
marque_generique_digitales,Marques — banques digitales sans réseau d'agences,Keytrade Bank,KEYTRADE,multi,2025-03-30,1
marque_generique_digitales,Marques — banques digitales sans réseau d'agences,Keytrade Bank,KEYTRADE,multi,2025-04-06,1
marque_generique_digitales,Marques — banques digitales sans réseau d'agences,Keytrade Bank,KEYTRADE,multi,2025-04-13,1
marque_generique_digitales,Marques — banques digitales sans réseau d'agences,Keytrade Bank,KEYTRADE,multi,2025-04-20,1
marque_generique_digitales,Marques — banques digitales sans réseau d'agences,Keytrade Bank,KEYTRADE,multi,2025-04-27,1
marque_generique_digitales,Marques — banques digitales sans réseau d'agences,Keytrade Bank,KEYTRADE,multi,2025-05-04,1
marque_generique_digitales,Marques — banques digitales sans réseau d'agences,Keytrade Bank,KEYTRADE,multi,2025-05-11,1
marque_generique_digitales,Marques — banques digitales sans réseau d'agences,Keytrade Bank,KEYTRADE,multi,2025-05-18,1
marque_generique_digitales,Marques — banques digitales sans réseau d'agences,Keytrade Bank,KEYTRADE,multi,2025-05-25,1
marque_generique_digitales,Marques — banques digitales sans réseau d'agences,Keytrade Bank,KEYTRADE,multi,2025-06-01,1
marque_generique_digitales,Marques — banques digitales sans réseau d'agences,Keytrade Bank,KEYTRADE,multi,2025-06-08,1
marque_generique_digitales,Marques — banques digitales sans réseau d'agences,Keytrade Bank,KEYTRADE,multi,2025-06-15,1
marque_generique_digitales,Marques — banques digitales sans réseau d'agences,Keytrade Bank,KEYTRADE,multi,2025-06-22,1
marque_generique_digitales,Marques — banques digitales sans réseau d'agences,Keytrade Bank,KEYTRADE,multi,2025-06-29,1
marque_generique_digitales,Marques — banques digitales sans réseau d'agences,Keytrade Bank,KEYTRADE,multi,2025-07-06,1
marque_generique_digitales,Marques — banques digitales sans réseau d'agences,Keytrade Bank,KEYTRADE,multi,2025-07-13,1
marque_generique_digitales,Marques — banques digitales sans réseau d'agences,Keytrade Bank,KEYTRADE,multi,2025-07-20,1
marque_generique_digitales,Marques — banques digitales sans réseau d'agences,Keytrade Bank,KEYTRADE,multi,2025-07-27,1
marque_generique_digitales,Marques — banques digitales sans réseau d'agences,Keytrade Bank,KEYTRADE,multi,2025-08-03,2
marque_generique_digitales,Marques — banques digitales sans réseau d'agences,Keytrade Bank,KEYTRADE,multi,2025-08-10,1
marque_generique_digitales,Marques — banques digitales sans réseau d'agences,Keytrade Bank,KEYTRADE,multi,2025-08-17,1
marque_generique_digitales,Marques — banques digitales sans réseau d'agences,Keytrade Bank,KEYTRADE,multi,2025-08-24,1
marque_generique_digitales,Marques — banques digitales sans réseau d'agences,Keytrade Bank,KEYTRADE,multi,2025-08-31,2
marque_generique_digitales,Marques — banques digitales sans réseau d'agences,Keytrade Bank,KEYTRADE,multi,2025-09-07,1
marque_generique_digitales,Marques — banques digitales sans réseau d'agences,Keytrade Bank,KEYTRADE,multi,2025-09-14,2
marque_generique_digitales,Marques — banques digitales sans réseau d'agences,Keytrade Bank,KEYTRADE,multi,2025-09-21,2
marque_generique_digitales,Marques — banques digitales sans réseau d'agences,Keytrade Bank,KEYTRADE,multi,2025-09-28,2
marque_generique_digitales,Marques — banques digitales sans réseau d'agences,Keytrade Bank,KEYTRADE,multi,2025-10-05,1
marque_generique_digitales,Marques — banques digitales sans réseau d'agences,Keytrade Bank,KEYTRADE,multi,2025-10-12,2
marque_generique_digitales,Marques — banques digitales sans réseau d'agences,Keytrade Bank,KEYTRADE,multi,2025-10-19,1
marque_generique_digitales,Marques — banques digitales sans réseau d'agences,Keytrade Bank,KEYTRADE,multi,2025-10-26,1
marque_generique_digitales,Marques — banques digitales sans réseau d'agences,Keytrade Bank,KEYTRADE,multi,2025-11-02,1
marque_generique_digitales,Marques — banques digitales sans réseau d'agences,Keytrade Bank,KEYTRADE,multi,2025-11-09,1
marque_generique_digitales,Marques — banques digitales sans réseau d'agences,Keytrade Bank,KEYTRADE,multi,2025-11-16,1
marque_generique_digitales,Marques — banques digitales sans réseau d'agences,Keytrade Bank,KEYTRADE,multi,2025-11-23,1
marque_generique_digitales,Marques — banques digitales sans réseau d'agences,Keytrade Bank,KEYTRADE,multi,2025-11-30,1
marque_generique_digitales,Marques — banques digitales sans réseau d'agences,Keytrade Bank,KEYTRADE,multi,2025-12-07,2
marque_generique_digitales,Marques — banques digitales sans réseau d'agences,Keytrade Bank,KEYTRADE,multi,2025-12-14,1
marque_generique_digitales,Marques — banques digitales sans réseau d'agences,Keytrade Bank,KEYTRADE,multi,2025-12-21,1
marque_generique_digitales,Marques — banques digitales sans réseau d'agences,Keytrade Bank,KEYTRADE,multi,2025-12-28,2
marque_generique_digitales,Marques — banques digitales sans réseau d'agences,Keytrade Bank,KEYTRADE,multi,2026-01-04,1
marque_generique_digitales,Marques — banques digitales sans réseau d'agences,Keytrade Bank,KEYTRADE,multi,2026-01-11,1
marque_generique_digitales,Marques — banques digitales sans réseau d'agences,Keytrade Bank,KEYTRADE,multi,2026-01-18,1
marque_generique_digitales,Marques — banques digitales sans réseau d'agences,Keytrade Bank,KEYTRADE,multi,2026-01-25,2
marque_generique_digitales,Marques — banques digitales sans réseau d'agences,Keytrade Bank,KEYTRADE,multi,2026-02-01,2
marque_generique_digitales,Marques — banques digitales sans réseau d'agences,Keytrade Bank,KEYTRADE,multi,2026-02-08,1
marque_generique_digitales,Marques — banques digitales sans réseau d'agences,Keytrade Bank,KEYTRADE,multi,2026-02-15,1
marque_generique_digitales,Marques — banques digitales sans réseau d'agences,Keytrade Bank,KEYTRADE,multi,2026-02-22,1
marque_generique_digitales,Marques — banques digitales sans réseau d'agences,Keytrade Bank,KEYTRADE,multi,2026-03-01,1
marque_generique_digitales,Marques — banques digitales sans réseau d'agences,Keytrade Bank,KEYTRADE,multi,2026-03-08,2
marque_generique_digitales,Marques — banques digitales sans réseau d'agences,Keytrade Bank,KEYTRADE,multi,2026-03-15,2
marque_generique_digitales,Marques — banques digitales sans réseau d'agences,Keytrade Bank,KEYTRADE,multi,2026-03-22,2
marque_generique_digitales,Marques — banques digitales sans réseau d'agences,Keytrade Bank,KEYTRADE,multi,2026-03-29,2
marque_generique_digitales,Marques — banques digitales sans réseau d'agences,Keytrade Bank,KEYTRADE,multi,2026-04-05,1
marque_generique_digitales,Marques — banques digitales sans réseau d'agences,Keytrade Bank,KEYTRADE,multi,2026-04-12,1
marque_generique_digitales,Marques — banques digitales sans réseau d'agences,Keytrade Bank,KEYTRADE,multi,2026-04-19,1
marque_generique_digitales,Marques — banques digitales sans réseau d'agences,Keytrade Bank,KEYTRADE,multi,2026-04-26,1
marque_generique_digitales,Marques — banques digitales sans réseau d'agences,Keytrade Bank,KEYTRADE,multi,2026-05-03,2
marque_generique_digitales,Marques — banques digitales sans réseau d'agences,Keytrade Bank,KEYTRADE,multi,2026-05-10,2
marque_generique_digitales,Marques — banques digitales sans réseau d'agences,Keytrade Bank,KEYTRADE,multi,2026-05-17,2
marque_generique_digitales,Marques — banques digitales sans réseau d'agences,Keytrade Bank,KEYTRADE,multi,2026-05-24,2
marque_generique_digitales,Marques — banques digitales sans réseau d'agences,Keytrade Bank,KEYTRADE,multi,2026-05-31,1
marque_generique_digitales,Marques — banques digitales sans réseau d'agences,Keytrade Bank,KEYTRADE,multi,2026-06-07,2
marque_generique_digitales,Marques — banques digitales sans réseau d'agences,Keytrade Bank,KEYTRADE,multi,2026-06-14,2
marque_generique_digitales,Marques — banques digitales sans réseau d'agences,Keytrade Bank,KEYTRADE,multi,2026-06-21,2
marque_generique_digitales,Marques — banques digitales sans réseau d'agences,Keytrade Bank,KEYTRADE,multi,2026-06-28,2
marque_generique_digitales,Marques — banques digitales sans réseau d'agences,Keytrade Bank,KEYTRADE,multi,2026-07-05,2
marque_generique_digitales,Marques — banques digitales sans réseau d'agences,Keytrade Bank,KEYTRADE,multi,2026-07-12,2
marque_generique_digitales,Marques — banques digitales sans réseau d'agences,Keytrade Bank,KEYTRADE,multi,2026-07-19,2
marque_generique_digitales,Marques — banques digitales sans réseau d'agences,Keytrade Bank,KEYTRADE,multi,2026-07-26,1
marque_generique_digitales,Marques — banques digitales sans réseau d'agences,Keytrade Bank,KEYTRADE,multi,2026-08-02,2
marque_generique_digitales,Marques — banques digitales sans réseau d'agences,Keytrade Bank,KEYTRADE,multi,2026-08-09,1
marque_generique_digitales,Marques — banques digitales sans réseau d'agences,Keytrade Bank,KEYTRADE,multi,2026-08-16,1
marque_generique_digitales,Marques — banques digitales sans réseau d'agences,Keytrade Bank,KEYTRADE,multi,2026-08-23,1
marque_generique_digitales,Marques — banques digitales sans réseau d'agences,Keytrade Bank,KEYTRADE,multi,2026-08-30,1
marque_generique_digitales,Marques — banques digitales sans réseau d'agences,Keytrade Bank,KEYTRADE,multi,2026-09-06,1
marque_generique_digitales,Marques — banques digitales sans réseau d'agences,Keytrade Bank,KEYTRADE,multi,2026-09-13,1
marque_generique_digitales,Marques — banques digitales sans réseau d'agences,Keytrade Bank,KEYTRADE,multi,2026-09-20,1
marque_generique_neobanques,Marques — néobanques,bunq,BUNQ,multi,2021-09-12,0
marque_generique_neobanques,Marques — néobanques,bunq,BUNQ,multi,2021-09-19,0
marque_generique_neobanques,Marques — néobanques,bunq,BUNQ,multi,2021-09-26,0
marque_generique_neobanques,Marques — néobanques,bunq,BUNQ,multi,2021-10-03,0
marque_generique_neobanques,Marques — néobanques,bunq,BUNQ,multi,2021-10-10,0
marque_generique_neobanques,Marques — néobanques,bunq,BUNQ,multi,2021-10-17,0
marque_generique_neobanques,Marques — néobanques,bunq,BUNQ,multi,2021-10-24,0
marque_generique_neobanques,Marques — néobanques,bunq,BUNQ,multi,2021-10-31,0
marque_generique_neobanques,Marques — néobanques,bunq,BUNQ,multi,2021-11-07,0
marque_generique_neobanques,Marques — néobanques,bunq,BUNQ,multi,2021-11-14,0
marque_generique_neobanques,Marques — néobanques,bunq,BUNQ,multi,2021-11-21,0
marque_generique_neobanques,Marques — néobanques,bunq,BUNQ,multi,2021-11-28,0
marque_generique_neobanques,Marques — néobanques,bunq,BUNQ,multi,2021-12-05,0
marque_generique_neobanques,Marques — néobanques,bunq,BUNQ,multi,2021-12-12,0
marque_generique_neobanques,Marques — néobanques,bunq,BUNQ,multi,2021-12-19,0
marque_generique_neobanques,Marques — néobanques,bunq,BUNQ,multi,2021-12-26,0
marque_generique_neobanques,Marques — néobanques,bunq,BUNQ,multi,2022-01-02,0
marque_generique_neobanques,Marques — néobanques,bunq,BUNQ,multi,2022-01-09,0
marque_generique_neobanques,Marques — néobanques,bunq,BUNQ,multi,2022-01-16,0
marque_generique_neobanques,Marques — néobanques,bunq,BUNQ,multi,2022-01-23,0
marque_generique_neobanques,Marques — néobanques,bunq,BUNQ,multi,2022-01-30,0
marque_generique_neobanques,Marques — néobanques,bunq,BUNQ,multi,2022-02-06,0
marque_generique_neobanques,Marques — néobanques,bunq,BUNQ,multi,2022-02-13,0
marque_generique_neobanques,Marques — néobanques,bunq,BUNQ,multi,2022-02-20,0
marque_generique_neobanques,Marques — néobanques,bunq,BUNQ,multi,2022-02-27,1
marque_generique_neobanques,Marques — néobanques,bunq,BUNQ,multi,2022-03-06,0
marque_generique_neobanques,Marques — néobanques,bunq,BUNQ,multi,2022-03-13,0
marque_generique_neobanques,Marques — néobanques,bunq,BUNQ,multi,2022-03-20,0
marque_generique_neobanques,Marques — néobanques,bunq,BUNQ,multi,2022-03-27,0
marque_generique_neobanques,Marques — néobanques,bunq,BUNQ,multi,2022-04-03,0
marque_generique_neobanques,Marques — néobanques,bunq,BUNQ,multi,2022-04-10,0
marque_generique_neobanques,Marques — néobanques,bunq,BUNQ,multi,2022-04-17,0
marque_generique_neobanques,Marques — néobanques,bunq,BUNQ,multi,2022-04-24,0
marque_generique_neobanques,Marques — néobanques,bunq,BUNQ,multi,2022-05-01,0
marque_generique_neobanques,Marques — néobanques,bunq,BUNQ,multi,2022-05-08,0
marque_generique_neobanques,Marques — néobanques,bunq,BUNQ,multi,2022-05-15,0
marque_generique_neobanques,Marques — néobanques,bunq,BUNQ,multi,2022-05-22,0
marque_generique_neobanques,Marques — néobanques,bunq,BUNQ,multi,2022-05-29,0
marque_generique_neobanques,Marques — néobanques,bunq,BUNQ,multi,2022-06-05,0
marque_generique_neobanques,Marques — néobanques,bunq,BUNQ,multi,2022-06-12,0
marque_generique_neobanques,Marques — néobanques,bunq,BUNQ,multi,2022-06-19,0
marque_generique_neobanques,Marques — néobanques,bunq,BUNQ,multi,2022-06-26,0
marque_generique_neobanques,Marques — néobanques,bunq,BUNQ,multi,2022-07-03,0
marque_generique_neobanques,Marques — néobanques,bunq,BUNQ,multi,2022-07-10,0
marque_generique_neobanques,Marques — néobanques,bunq,BUNQ,multi,2022-07-17,0
marque_generique_neobanques,Marques — néobanques,bunq,BUNQ,multi,2022-07-24,0
marque_generique_neobanques,Marques — néobanques,bunq,BUNQ,multi,2022-07-31,0
marque_generique_neobanques,Marques — néobanques,bunq,BUNQ,multi,2022-08-07,0
marque_generique_neobanques,Marques — néobanques,bunq,BUNQ,multi,2022-08-14,0
marque_generique_neobanques,Marques — néobanques,bunq,BUNQ,multi,2022-08-21,0
marque_generique_neobanques,Marques — néobanques,bunq,BUNQ,multi,2022-08-28,0
marque_generique_neobanques,Marques — néobanques,bunq,BUNQ,multi,2022-09-04,0
marque_generique_neobanques,Marques — néobanques,bunq,BUNQ,multi,2022-09-11,0
marque_generique_neobanques,Marques — néobanques,bunq,BUNQ,multi,2022-09-18,0
marque_generique_neobanques,Marques — néobanques,bunq,BUNQ,multi,2022-09-25,0
marque_generique_neobanques,Marques — néobanques,bunq,BUNQ,multi,2022-10-02,0
marque_generique_neobanques,Marques — néobanques,bunq,BUNQ,multi,2022-10-09,0
marque_generique_neobanques,Marques — néobanques,bunq,BUNQ,multi,2022-10-16,0
marque_generique_neobanques,Marques — néobanques,bunq,BUNQ,multi,2022-10-23,0
marque_generique_neobanques,Marques — néobanques,bunq,BUNQ,multi,2022-10-30,0
marque_generique_neobanques,Marques — néobanques,bunq,BUNQ,multi,2022-11-06,0
marque_generique_neobanques,Marques — néobanques,bunq,BUNQ,multi,2022-11-13,0
marque_generique_neobanques,Marques — néobanques,bunq,BUNQ,multi,2022-11-20,0
marque_generique_neobanques,Marques — néobanques,bunq,BUNQ,multi,2022-11-27,0
marque_generique_neobanques,Marques — néobanques,bunq,BUNQ,multi,2022-12-04,0
marque_generique_neobanques,Marques — néobanques,bunq,BUNQ,multi,2022-12-11,0
marque_generique_neobanques,Marques — néobanques,bunq,BUNQ,multi,2022-12-18,0
marque_generique_neobanques,Marques — néobanques,bunq,BUNQ,multi,2022-12-25,0
marque_generique_neobanques,Marques — néobanques,bunq,BUNQ,multi,2023-01-01,0
marque_generique_neobanques,Marques — néobanques,bunq,BUNQ,multi,2023-01-08,0
marque_generique_neobanques,Marques — néobanques,bunq,BUNQ,multi,2023-01-15,0
marque_generique_neobanques,Marques — néobanques,bunq,BUNQ,multi,2023-01-22,0
marque_generique_neobanques,Marques — néobanques,bunq,BUNQ,multi,2023-01-29,0
marque_generique_neobanques,Marques — néobanques,bunq,BUNQ,multi,2023-02-05,0
marque_generique_neobanques,Marques — néobanques,bunq,BUNQ,multi,2023-02-12,0
marque_generique_neobanques,Marques — néobanques,bunq,BUNQ,multi,2023-02-19,0
marque_generique_neobanques,Marques — néobanques,bunq,BUNQ,multi,2023-02-26,0
marque_generique_neobanques,Marques — néobanques,bunq,BUNQ,multi,2023-03-05,0
marque_generique_neobanques,Marques — néobanques,bunq,BUNQ,multi,2023-03-12,0
marque_generique_neobanques,Marques — néobanques,bunq,BUNQ,multi,2023-03-19,0
marque_generique_neobanques,Marques — néobanques,bunq,BUNQ,multi,2023-03-26,0
marque_generique_neobanques,Marques — néobanques,bunq,BUNQ,multi,2023-04-02,1
marque_generique_neobanques,Marques — néobanques,bunq,BUNQ,multi,2023-04-09,0
marque_generique_neobanques,Marques — néobanques,bunq,BUNQ,multi,2023-04-16,0
marque_generique_neobanques,Marques — néobanques,bunq,BUNQ,multi,2023-04-23,0
marque_generique_neobanques,Marques — néobanques,bunq,BUNQ,multi,2023-04-30,0
marque_generique_neobanques,Marques — néobanques,bunq,BUNQ,multi,2023-05-07,0
marque_generique_neobanques,Marques — néobanques,bunq,BUNQ,multi,2023-05-14,0
marque_generique_neobanques,Marques — néobanques,bunq,BUNQ,multi,2023-05-21,0
marque_generique_neobanques,Marques — néobanques,bunq,BUNQ,multi,2023-05-28,0
marque_generique_neobanques,Marques — néobanques,bunq,BUNQ,multi,2023-06-04,0
marque_generique_neobanques,Marques — néobanques,bunq,BUNQ,multi,2023-06-11,0
marque_generique_neobanques,Marques — néobanques,bunq,BUNQ,multi,2023-06-18,0
marque_generique_neobanques,Marques — néobanques,bunq,BUNQ,multi,2023-06-25,0
marque_generique_neobanques,Marques — néobanques,bunq,BUNQ,multi,2023-07-02,0
marque_generique_neobanques,Marques — néobanques,bunq,BUNQ,multi,2023-07-09,0
marque_generique_neobanques,Marques — néobanques,bunq,BUNQ,multi,2023-07-16,0
marque_generique_neobanques,Marques — néobanques,bunq,BUNQ,multi,2023-07-23,0
marque_generique_neobanques,Marques — néobanques,bunq,BUNQ,multi,2023-07-30,0
marque_generique_neobanques,Marques — néobanques,bunq,BUNQ,multi,2023-08-06,0
marque_generique_neobanques,Marques — néobanques,bunq,BUNQ,multi,2023-08-13,0
marque_generique_neobanques,Marques — néobanques,bunq,BUNQ,multi,2023-08-20,0
marque_generique_neobanques,Marques — néobanques,bunq,BUNQ,multi,2023-08-27,0
marque_generique_neobanques,Marques — néobanques,bunq,BUNQ,multi,2023-09-03,0
marque_generique_neobanques,Marques — néobanques,bunq,BUNQ,multi,2023-09-10,0
marque_generique_neobanques,Marques — néobanques,bunq,BUNQ,multi,2023-09-17,0
marque_generique_neobanques,Marques — néobanques,bunq,BUNQ,multi,2023-09-24,0
marque_generique_neobanques,Marques — néobanques,bunq,BUNQ,multi,2023-10-01,0
marque_generique_neobanques,Marques — néobanques,bunq,BUNQ,multi,2023-10-08,0
marque_generique_neobanques,Marques — néobanques,bunq,BUNQ,multi,2023-10-15,0
marque_generique_neobanques,Marques — néobanques,bunq,BUNQ,multi,2023-10-22,0
marque_generique_neobanques,Marques — néobanques,bunq,BUNQ,multi,2023-10-29,0
marque_generique_neobanques,Marques — néobanques,bunq,BUNQ,multi,2023-11-05,0
marque_generique_neobanques,Marques — néobanques,bunq,BUNQ,multi,2023-11-12,0
marque_generique_neobanques,Marques — néobanques,bunq,BUNQ,multi,2023-11-19,0
marque_generique_neobanques,Marques — néobanques,bunq,BUNQ,multi,2023-11-26,0
marque_generique_neobanques,Marques — néobanques,bunq,BUNQ,multi,2023-12-03,0
marque_generique_neobanques,Marques — néobanques,bunq,BUNQ,multi,2023-12-10,0
marque_generique_neobanques,Marques — néobanques,bunq,BUNQ,multi,2023-12-17,0
marque_generique_neobanques,Marques — néobanques,bunq,BUNQ,multi,2023-12-24,0
marque_generique_neobanques,Marques — néobanques,bunq,BUNQ,multi,2023-12-31,0
marque_generique_neobanques,Marques — néobanques,bunq,BUNQ,multi,2024-01-07,0
marque_generique_neobanques,Marques — néobanques,bunq,BUNQ,multi,2024-01-14,0
marque_generique_neobanques,Marques — néobanques,bunq,BUNQ,multi,2024-01-21,0
marque_generique_neobanques,Marques — néobanques,bunq,BUNQ,multi,2024-01-28,0
marque_generique_neobanques,Marques — néobanques,bunq,BUNQ,multi,2024-02-04,0
marque_generique_neobanques,Marques — néobanques,bunq,BUNQ,multi,2024-02-11,0
marque_generique_neobanques,Marques — néobanques,bunq,BUNQ,multi,2024-02-18,0
marque_generique_neobanques,Marques — néobanques,bunq,BUNQ,multi,2024-02-25,0
marque_generique_neobanques,Marques — néobanques,bunq,BUNQ,multi,2024-03-03,0
marque_generique_neobanques,Marques — néobanques,bunq,BUNQ,multi,2024-03-10,0
marque_generique_neobanques,Marques — néobanques,bunq,BUNQ,multi,2024-03-17,0
marque_generique_neobanques,Marques — néobanques,bunq,BUNQ,multi,2024-03-24,0
marque_generique_neobanques,Marques — néobanques,bunq,BUNQ,multi,2024-03-31,0
marque_generique_neobanques,Marques — néobanques,bunq,BUNQ,multi,2024-04-07,0
marque_generique_neobanques,Marques — néobanques,bunq,BUNQ,multi,2024-04-14,0
marque_generique_neobanques,Marques — néobanques,bunq,BUNQ,multi,2024-04-21,0
marque_generique_neobanques,Marques — néobanques,bunq,BUNQ,multi,2024-04-28,0
marque_generique_neobanques,Marques — néobanques,bunq,BUNQ,multi,2024-05-05,0
marque_generique_neobanques,Marques — néobanques,bunq,BUNQ,multi,2024-05-12,0
marque_generique_neobanques,Marques — néobanques,bunq,BUNQ,multi,2024-05-19,0
marque_generique_neobanques,Marques — néobanques,bunq,BUNQ,multi,2024-05-26,0
marque_generique_neobanques,Marques — néobanques,bunq,BUNQ,multi,2024-06-02,0
marque_generique_neobanques,Marques — néobanques,bunq,BUNQ,multi,2024-06-09,0
marque_generique_neobanques,Marques — néobanques,bunq,BUNQ,multi,2024-06-16,0
marque_generique_neobanques,Marques — néobanques,bunq,BUNQ,multi,2024-06-23,0
marque_generique_neobanques,Marques — néobanques,bunq,BUNQ,multi,2024-06-30,0
marque_generique_neobanques,Marques — néobanques,bunq,BUNQ,multi,2024-07-07,0
marque_generique_neobanques,Marques — néobanques,bunq,BUNQ,multi,2024-07-14,0
marque_generique_neobanques,Marques — néobanques,bunq,BUNQ,multi,2024-07-21,0
marque_generique_neobanques,Marques — néobanques,bunq,BUNQ,multi,2024-07-28,0
marque_generique_neobanques,Marques — néobanques,bunq,BUNQ,multi,2024-08-04,0
marque_generique_neobanques,Marques — néobanques,bunq,BUNQ,multi,2024-08-11,0
marque_generique_neobanques,Marques — néobanques,bunq,BUNQ,multi,2024-08-18,0
marque_generique_neobanques,Marques — néobanques,bunq,BUNQ,multi,2024-08-25,0
marque_generique_neobanques,Marques — néobanques,bunq,BUNQ,multi,2024-09-01,0
marque_generique_neobanques,Marques — néobanques,bunq,BUNQ,multi,2024-09-08,0
marque_generique_neobanques,Marques — néobanques,bunq,BUNQ,multi,2024-09-15,0
marque_generique_neobanques,Marques — néobanques,bunq,BUNQ,multi,2024-09-22,0
marque_generique_neobanques,Marques — néobanques,bunq,BUNQ,multi,2024-09-29,0
marque_generique_neobanques,Marques — néobanques,bunq,BUNQ,multi,2024-10-06,0
marque_generique_neobanques,Marques — néobanques,bunq,BUNQ,multi,2024-10-13,0
marque_generique_neobanques,Marques — néobanques,bunq,BUNQ,multi,2024-10-20,0
marque_generique_neobanques,Marques — néobanques,bunq,BUNQ,multi,2024-10-27,0
marque_generique_neobanques,Marques — néobanques,bunq,BUNQ,multi,2024-11-03,0
marque_generique_neobanques,Marques — néobanques,bunq,BUNQ,multi,2024-11-10,0
marque_generique_neobanques,Marques — néobanques,bunq,BUNQ,multi,2024-11-17,0
marque_generique_neobanques,Marques — néobanques,bunq,BUNQ,multi,2024-11-24,0
marque_generique_neobanques,Marques — néobanques,bunq,BUNQ,multi,2024-12-01,0
marque_generique_neobanques,Marques — néobanques,bunq,BUNQ,multi,2024-12-08,0
marque_generique_neobanques,Marques — néobanques,bunq,BUNQ,multi,2024-12-15,1
marque_generique_neobanques,Marques — néobanques,bunq,BUNQ,multi,2024-12-22,0
marque_generique_neobanques,Marques — néobanques,bunq,BUNQ,multi,2024-12-29,0
marque_generique_neobanques,Marques — néobanques,bunq,BUNQ,multi,2025-01-05,0
marque_generique_neobanques,Marques — néobanques,bunq,BUNQ,multi,2025-01-12,0
marque_generique_neobanques,Marques — néobanques,bunq,BUNQ,multi,2025-01-19,0
marque_generique_neobanques,Marques — néobanques,bunq,BUNQ,multi,2025-01-26,0
marque_generique_neobanques,Marques — néobanques,bunq,BUNQ,multi,2025-02-02,0
marque_generique_neobanques,Marques — néobanques,bunq,BUNQ,multi,2025-02-09,0
marque_generique_neobanques,Marques — néobanques,bunq,BUNQ,multi,2025-02-16,0
marque_generique_neobanques,Marques — néobanques,bunq,BUNQ,multi,2025-02-23,0
marque_generique_neobanques,Marques — néobanques,bunq,BUNQ,multi,2025-03-02,0
marque_generique_neobanques,Marques — néobanques,bunq,BUNQ,multi,2025-03-09,0
marque_generique_neobanques,Marques — néobanques,bunq,BUNQ,multi,2025-03-16,1
marque_generique_neobanques,Marques — néobanques,bunq,BUNQ,multi,2025-03-23,0
marque_generique_neobanques,Marques — néobanques,bunq,BUNQ,multi,2025-03-30,0
marque_generique_neobanques,Marques — néobanques,bunq,BUNQ,multi,2025-04-06,0
marque_generique_neobanques,Marques — néobanques,bunq,BUNQ,multi,2025-04-13,0
marque_generique_neobanques,Marques — néobanques,bunq,BUNQ,multi,2025-04-20,0
marque_generique_neobanques,Marques — néobanques,bunq,BUNQ,multi,2025-04-27,0
marque_generique_neobanques,Marques — néobanques,bunq,BUNQ,multi,2025-05-04,0
marque_generique_neobanques,Marques — néobanques,bunq,BUNQ,multi,2025-05-11,0
marque_generique_neobanques,Marques — néobanques,bunq,BUNQ,multi,2025-05-18,0
marque_generique_neobanques,Marques — néobanques,bunq,BUNQ,multi,2025-05-25,1
marque_generique_neobanques,Marques — néobanques,bunq,BUNQ,multi,2025-06-01,0
marque_generique_neobanques,Marques — néobanques,bunq,BUNQ,multi,2025-06-08,0
marque_generique_neobanques,Marques — néobanques,bunq,BUNQ,multi,2025-06-15,0
marque_generique_neobanques,Marques — néobanques,bunq,BUNQ,multi,2025-06-22,0
marque_generique_neobanques,Marques — néobanques,bunq,BUNQ,multi,2025-06-29,0
marque_generique_neobanques,Marques — néobanques,bunq,BUNQ,multi,2025-07-06,0
marque_generique_neobanques,Marques — néobanques,bunq,BUNQ,multi,2025-07-13,0
marque_generique_neobanques,Marques — néobanques,bunq,BUNQ,multi,2025-07-20,0
marque_generique_neobanques,Marques — néobanques,bunq,BUNQ,multi,2025-07-27,0
marque_generique_neobanques,Marques — néobanques,bunq,BUNQ,multi,2025-08-03,0
marque_generique_neobanques,Marques — néobanques,bunq,BUNQ,multi,2025-08-10,0
marque_generique_neobanques,Marques — néobanques,bunq,BUNQ,multi,2025-08-17,0
marque_generique_neobanques,Marques — néobanques,bunq,BUNQ,multi,2025-08-24,0
marque_generique_neobanques,Marques — néobanques,bunq,BUNQ,multi,2025-08-31,0
marque_generique_neobanques,Marques — néobanques,bunq,BUNQ,multi,2025-09-07,0
marque_generique_neobanques,Marques — néobanques,bunq,BUNQ,multi,2025-09-14,1
marque_generique_neobanques,Marques — néobanques,bunq,BUNQ,multi,2025-09-21,0
marque_generique_neobanques,Marques — néobanques,bunq,BUNQ,multi,2025-09-28,0
marque_generique_neobanques,Marques — néobanques,bunq,BUNQ,multi,2025-10-05,0
marque_generique_neobanques,Marques — néobanques,bunq,BUNQ,multi,2025-10-12,0
marque_generique_neobanques,Marques — néobanques,bunq,BUNQ,multi,2025-10-19,0
marque_generique_neobanques,Marques — néobanques,bunq,BUNQ,multi,2025-10-26,0
marque_generique_neobanques,Marques — néobanques,bunq,BUNQ,multi,2025-11-02,0
marque_generique_neobanques,Marques — néobanques,bunq,BUNQ,multi,2025-11-09,0
marque_generique_neobanques,Marques — néobanques,bunq,BUNQ,multi,2025-11-16,0
marque_generique_neobanques,Marques — néobanques,bunq,BUNQ,multi,2025-11-23,1
marque_generique_neobanques,Marques — néobanques,bunq,BUNQ,multi,2025-11-30,0
marque_generique_neobanques,Marques — néobanques,bunq,BUNQ,multi,2025-12-07,0
marque_generique_neobanques,Marques — néobanques,bunq,BUNQ,multi,2025-12-14,0
marque_generique_neobanques,Marques — néobanques,bunq,BUNQ,multi,2025-12-21,0
marque_generique_neobanques,Marques — néobanques,bunq,BUNQ,multi,2025-12-28,0
marque_generique_neobanques,Marques — néobanques,bunq,BUNQ,multi,2026-01-04,0
marque_generique_neobanques,Marques — néobanques,bunq,BUNQ,multi,2026-01-11,0
marque_generique_neobanques,Marques — néobanques,bunq,BUNQ,multi,2026-01-18,0
marque_generique_neobanques,Marques — néobanques,bunq,BUNQ,multi,2026-01-25,0
marque_generique_neobanques,Marques — néobanques,bunq,BUNQ,multi,2026-02-01,0
marque_generique_neobanques,Marques — néobanques,bunq,BUNQ,multi,2026-02-08,0
marque_generique_neobanques,Marques — néobanques,bunq,BUNQ,multi,2026-02-15,1
marque_generique_neobanques,Marques — néobanques,bunq,BUNQ,multi,2026-02-22,0
marque_generique_neobanques,Marques — néobanques,bunq,BUNQ,multi,2026-03-01,0
marque_generique_neobanques,Marques — néobanques,bunq,BUNQ,multi,2026-03-08,0
marque_generique_neobanques,Marques — néobanques,bunq,BUNQ,multi,2026-03-15,0
marque_generique_neobanques,Marques — néobanques,bunq,BUNQ,multi,2026-03-22,0
marque_generique_neobanques,Marques — néobanques,bunq,BUNQ,multi,2026-03-29,0
marque_generique_neobanques,Marques — néobanques,bunq,BUNQ,multi,2026-04-05,0
marque_generique_neobanques,Marques — néobanques,bunq,BUNQ,multi,2026-04-12,0
marque_generique_neobanques,Marques — néobanques,bunq,BUNQ,multi,2026-04-19,0
marque_generique_neobanques,Marques — néobanques,bunq,BUNQ,multi,2026-04-26,0
marque_generique_neobanques,Marques — néobanques,bunq,BUNQ,multi,2026-05-03,0
marque_generique_neobanques,Marques — néobanques,bunq,BUNQ,multi,2026-05-10,0
marque_generique_neobanques,Marques — néobanques,bunq,BUNQ,multi,2026-05-17,0
marque_generique_neobanques,Marques — néobanques,bunq,BUNQ,multi,2026-05-24,0
marque_generique_neobanques,Marques — néobanques,bunq,BUNQ,multi,2026-05-31,0
marque_generique_neobanques,Marques — néobanques,bunq,BUNQ,multi,2026-06-07,0
marque_generique_neobanques,Marques — néobanques,bunq,BUNQ,multi,2026-06-14,0
marque_generique_neobanques,Marques — néobanques,bunq,BUNQ,multi,2026-06-21,0
marque_generique_neobanques,Marques — néobanques,bunq,BUNQ,multi,2026-06-28,0
marque_generique_neobanques,Marques — néobanques,bunq,BUNQ,multi,2026-07-05,0
marque_generique_neobanques,Marques — néobanques,bunq,BUNQ,multi,2026-07-12,0
marque_generique_neobanques,Marques — néobanques,bunq,BUNQ,multi,2026-07-19,0
marque_generique_neobanques,Marques — néobanques,bunq,BUNQ,multi,2026-07-26,1
marque_generique_neobanques,Marques — néobanques,bunq,BUNQ,multi,2026-08-02,0
marque_generique_neobanques,Marques — néobanques,bunq,BUNQ,multi,2026-08-09,0
marque_generique_neobanques,Marques — néobanques,bunq,BUNQ,multi,2026-08-16,0
marque_generique_neobanques,Marques — néobanques,bunq,BUNQ,multi,2026-08-23,0
marque_generique_neobanques,Marques — néobanques,bunq,BUNQ,multi,2026-08-30,0
marque_generique_neobanques,Marques — néobanques,bunq,BUNQ,multi,2026-09-06,0
marque_generique_neobanques,Marques — néobanques,bunq,BUNQ,multi,2026-09-13,0
marque_generique_neobanques,Marques — néobanques,ING,ING,en,2021-09-12,63
marque_generique_neobanques,Marques — néobanques,ING,ING,en,2021-09-19,66
marque_generique_neobanques,Marques — néobanques,ING,ING,en,2021-09-26,76
marque_generique_neobanques,Marques — néobanques,ING,ING,en,2021-10-03,74
marque_generique_neobanques,Marques — néobanques,ING,ING,en,2021-10-10,70
marque_generique_neobanques,Marques — néobanques,ING,ING,en,2021-10-17,63
marque_generique_neobanques,Marques — néobanques,ING,ING,en,2021-10-24,70
marque_generique_neobanques,Marques — néobanques,ING,ING,en,2021-10-31,65
marque_generique_neobanques,Marques — néobanques,ING,ING,en,2021-11-07,62
marque_generique_neobanques,Marques — néobanques,ING,ING,en,2021-11-14,65
marque_generique_neobanques,Marques — néobanques,ING,ING,en,2021-11-21,61
marque_generique_neobanques,Marques — néobanques,ING,ING,en,2021-11-28,67
marque_generique_neobanques,Marques — néobanques,ING,ING,en,2021-12-05,65
marque_generique_neobanques,Marques — néobanques,ING,ING,en,2021-12-12,65
marque_generique_neobanques,Marques — néobanques,ING,ING,en,2021-12-19,66
marque_generique_neobanques,Marques — néobanques,ING,ING,en,2021-12-26,63
marque_generique_neobanques,Marques — néobanques,ING,ING,en,2022-01-02,71
marque_generique_neobanques,Marques — néobanques,ING,ING,en,2022-01-09,63
marque_generique_neobanques,Marques — néobanques,ING,ING,en,2022-01-16,58
marque_generique_neobanques,Marques — néobanques,ING,ING,en,2022-01-23,62
marque_generique_neobanques,Marques — néobanques,ING,ING,en,2022-01-30,70
marque_generique_neobanques,Marques — néobanques,ING,ING,en,2022-02-06,69
marque_generique_neobanques,Marques — néobanques,ING,ING,en,2022-02-13,62
marque_generique_neobanques,Marques — néobanques,ING,ING,en,2022-02-20,64
marque_generique_neobanques,Marques — néobanques,ING,ING,en,2022-02-27,76
marque_generique_neobanques,Marques — néobanques,ING,ING,en,2022-03-06,70
marque_generique_neobanques,Marques — néobanques,ING,ING,en,2022-03-13,65
marque_generique_neobanques,Marques — néobanques,ING,ING,en,2022-03-20,61
marque_generique_neobanques,Marques — néobanques,ING,ING,en,2022-03-27,66
marque_generique_neobanques,Marques — néobanques,ING,ING,en,2022-04-03,65
marque_generique_neobanques,Marques — néobanques,ING,ING,en,2022-04-10,55
marque_generique_neobanques,Marques — néobanques,ING,ING,en,2022-04-17,56
marque_generique_neobanques,Marques — néobanques,ING,ING,en,2022-04-24,65
marque_generique_neobanques,Marques — néobanques,ING,ING,en,2022-05-01,73
marque_generique_neobanques,Marques — néobanques,ING,ING,en,2022-05-08,66
marque_generique_neobanques,Marques — néobanques,ING,ING,en,2022-05-15,56
marque_generique_neobanques,Marques — néobanques,ING,ING,en,2022-05-22,51
marque_generique_neobanques,Marques — néobanques,ING,ING,en,2022-05-29,67
marque_generique_neobanques,Marques — néobanques,ING,ING,en,2022-06-05,57
marque_generique_neobanques,Marques — néobanques,ING,ING,en,2022-06-12,60
marque_generique_neobanques,Marques — néobanques,ING,ING,en,2022-06-19,63
marque_generique_neobanques,Marques — néobanques,ING,ING,en,2022-06-26,66
marque_generique_neobanques,Marques — néobanques,ING,ING,en,2022-07-03,68
marque_generique_neobanques,Marques — néobanques,ING,ING,en,2022-07-10,62
marque_generique_neobanques,Marques — néobanques,ING,ING,en,2022-07-17,57
marque_generique_neobanques,Marques — néobanques,ING,ING,en,2022-07-24,58
marque_generique_neobanques,Marques — néobanques,ING,ING,en,2022-07-31,63
marque_generique_neobanques,Marques — néobanques,ING,ING,en,2022-08-07,55
marque_generique_neobanques,Marques — néobanques,ING,ING,en,2022-08-14,56
marque_generique_neobanques,Marques — néobanques,ING,ING,en,2022-08-21,57
marque_generique_neobanques,Marques — néobanques,ING,ING,en,2022-08-28,61
marque_generique_neobanques,Marques — néobanques,ING,ING,en,2022-09-04,58
marque_generique_neobanques,Marques — néobanques,ING,ING,en,2022-09-11,62
marque_generique_neobanques,Marques — néobanques,ING,ING,en,2022-09-18,58
marque_generique_neobanques,Marques — néobanques,ING,ING,en,2022-09-25,66
marque_generique_neobanques,Marques — néobanques,ING,ING,en,2022-10-02,65
marque_generique_neobanques,Marques — néobanques,ING,ING,en,2022-10-09,58
marque_generique_neobanques,Marques — néobanques,ING,ING,en,2022-10-16,59
marque_generique_neobanques,Marques — néobanques,ING,ING,en,2022-10-23,58
marque_generique_neobanques,Marques — néobanques,ING,ING,en,2022-10-30,61
marque_generique_neobanques,Marques — néobanques,ING,ING,en,2022-11-06,55
marque_generique_neobanques,Marques — néobanques,ING,ING,en,2022-11-13,60
marque_generique_neobanques,Marques — néobanques,ING,ING,en,2022-11-20,55
marque_generique_neobanques,Marques — néobanques,ING,ING,en,2022-11-27,57
marque_generique_neobanques,Marques — néobanques,ING,ING,en,2022-12-04,58
marque_generique_neobanques,Marques — néobanques,ING,ING,en,2022-12-11,50
marque_generique_neobanques,Marques — néobanques,ING,ING,en,2022-12-18,52
marque_generique_neobanques,Marques — néobanques,ING,ING,en,2022-12-25,51
marque_generique_neobanques,Marques — néobanques,ING,ING,en,2023-01-01,60
marque_generique_neobanques,Marques — néobanques,ING,ING,en,2023-01-08,62
marque_generique_neobanques,Marques — néobanques,ING,ING,en,2023-01-15,53
marque_generique_neobanques,Marques — néobanques,ING,ING,en,2023-01-22,55
marque_generique_neobanques,Marques — néobanques,ING,ING,en,2023-01-29,65
marque_generique_neobanques,Marques — néobanques,ING,ING,en,2023-02-05,55
marque_generique_neobanques,Marques — néobanques,ING,ING,en,2023-02-12,51
marque_generique_neobanques,Marques — néobanques,ING,ING,en,2023-02-19,55
marque_generique_neobanques,Marques — néobanques,ING,ING,en,2023-02-26,58
marque_generique_neobanques,Marques — néobanques,ING,ING,en,2023-03-05,59
marque_generique_neobanques,Marques — néobanques,ING,ING,en,2023-03-12,61
marque_generique_neobanques,Marques — néobanques,ING,ING,en,2023-03-19,64
marque_generique_neobanques,Marques — néobanques,ING,ING,en,2023-03-26,57
marque_generique_neobanques,Marques — néobanques,ING,ING,en,2023-04-02,58
marque_generique_neobanques,Marques — néobanques,ING,ING,en,2023-04-09,55
marque_generique_neobanques,Marques — néobanques,ING,ING,en,2023-04-16,51
marque_generique_neobanques,Marques — néobanques,ING,ING,en,2023-04-23,57
marque_generique_neobanques,Marques — néobanques,ING,ING,en,2023-04-30,49
marque_generique_neobanques,Marques — néobanques,ING,ING,en,2023-05-07,55
marque_generique_neobanques,Marques — néobanques,ING,ING,en,2023-05-14,47
marque_generique_neobanques,Marques — néobanques,ING,ING,en,2023-05-21,54
marque_generique_neobanques,Marques — néobanques,ING,ING,en,2023-05-28,54
marque_generique_neobanques,Marques — néobanques,ING,ING,en,2023-06-04,57
marque_generique_neobanques,Marques — néobanques,ING,ING,en,2023-06-11,48
marque_generique_neobanques,Marques — néobanques,ING,ING,en,2023-06-18,54
marque_generique_neobanques,Marques — néobanques,ING,ING,en,2023-06-25,56
marque_generique_neobanques,Marques — néobanques,ING,ING,en,2023-07-02,64
marque_generique_neobanques,Marques — néobanques,ING,ING,en,2023-07-09,58
marque_generique_neobanques,Marques — néobanques,ING,ING,en,2023-07-16,52
marque_generique_neobanques,Marques — néobanques,ING,ING,en,2023-07-23,51
marque_generique_neobanques,Marques — néobanques,ING,ING,en,2023-07-30,58
marque_generique_neobanques,Marques — néobanques,ING,ING,en,2023-08-06,55
marque_generique_neobanques,Marques — néobanques,ING,ING,en,2023-08-13,48
marque_generique_neobanques,Marques — néobanques,ING,ING,en,2023-08-20,62
marque_generique_neobanques,Marques — néobanques,ING,ING,en,2023-08-27,69
marque_generique_neobanques,Marques — néobanques,ING,ING,en,2023-09-03,56
marque_generique_neobanques,Marques — néobanques,ING,ING,en,2023-09-10,51
marque_generique_neobanques,Marques — néobanques,ING,ING,en,2023-09-17,53
marque_generique_neobanques,Marques — néobanques,ING,ING,en,2023-09-24,59
marque_generique_neobanques,Marques — néobanques,ING,ING,en,2023-10-01,59
marque_generique_neobanques,Marques — néobanques,ING,ING,en,2023-10-08,55
marque_generique_neobanques,Marques — néobanques,ING,ING,en,2023-10-15,54
marque_generique_neobanques,Marques — néobanques,ING,ING,en,2023-10-22,52
marque_generique_neobanques,Marques — néobanques,ING,ING,en,2023-10-29,54
marque_generique_neobanques,Marques — néobanques,ING,ING,en,2023-11-05,58
marque_generique_neobanques,Marques — néobanques,ING,ING,en,2023-11-12,53
marque_generique_neobanques,Marques — néobanques,ING,ING,en,2023-11-19,52
marque_generique_neobanques,Marques — néobanques,ING,ING,en,2023-11-26,53
marque_generique_neobanques,Marques — néobanques,ING,ING,en,2023-12-03,55
marque_generique_neobanques,Marques — néobanques,ING,ING,en,2023-12-10,51
marque_generique_neobanques,Marques — néobanques,ING,ING,en,2023-12-17,54
marque_generique_neobanques,Marques — néobanques,ING,ING,en,2023-12-24,53
marque_generique_neobanques,Marques — néobanques,ING,ING,en,2023-12-31,50
marque_generique_neobanques,Marques — néobanques,ING,ING,en,2024-01-07,54
marque_generique_neobanques,Marques — néobanques,ING,ING,en,2024-01-14,57
marque_generique_neobanques,Marques — néobanques,ING,ING,en,2024-01-21,53
marque_generique_neobanques,Marques — néobanques,ING,ING,en,2024-01-28,57
marque_generique_neobanques,Marques — néobanques,ING,ING,en,2024-02-04,54
marque_generique_neobanques,Marques — néobanques,ING,ING,en,2024-02-11,53
marque_generique_neobanques,Marques — néobanques,ING,ING,en,2024-02-18,52
marque_generique_neobanques,Marques — néobanques,ING,ING,en,2024-02-25,56
marque_generique_neobanques,Marques — néobanques,ING,ING,en,2024-03-03,54
marque_generique_neobanques,Marques — néobanques,ING,ING,en,2024-03-10,53
marque_generique_neobanques,Marques — néobanques,ING,ING,en,2024-03-17,49
marque_generique_neobanques,Marques — néobanques,ING,ING,en,2024-03-24,87
marque_generique_neobanques,Marques — néobanques,ING,ING,en,2024-03-31,60
marque_generique_neobanques,Marques — néobanques,ING,ING,en,2024-04-07,55
marque_generique_neobanques,Marques — néobanques,ING,ING,en,2024-04-14,54
marque_generique_neobanques,Marques — néobanques,ING,ING,en,2024-04-21,50
marque_generique_neobanques,Marques — néobanques,ING,ING,en,2024-04-28,51
marque_generique_neobanques,Marques — néobanques,ING,ING,en,2024-05-05,48
marque_generique_neobanques,Marques — néobanques,ING,ING,en,2024-05-12,59
marque_generique_neobanques,Marques — néobanques,ING,ING,en,2024-05-19,51
marque_generique_neobanques,Marques — néobanques,ING,ING,en,2024-05-26,53
marque_generique_neobanques,Marques — néobanques,ING,ING,en,2024-06-02,55
marque_generique_neobanques,Marques — néobanques,ING,ING,en,2024-06-09,48
marque_generique_neobanques,Marques — néobanques,ING,ING,en,2024-06-16,51
marque_generique_neobanques,Marques — néobanques,ING,ING,en,2024-06-23,51
marque_generique_neobanques,Marques — néobanques,ING,ING,en,2024-06-30,55
marque_generique_neobanques,Marques — néobanques,ING,ING,en,2024-07-07,59
marque_generique_neobanques,Marques — néobanques,ING,ING,en,2024-07-14,52
marque_generique_neobanques,Marques — néobanques,ING,ING,en,2024-07-21,52
marque_generique_neobanques,Marques — néobanques,ING,ING,en,2024-07-28,53
marque_generique_neobanques,Marques — néobanques,ING,ING,en,2024-08-04,51
marque_generique_neobanques,Marques — néobanques,ING,ING,en,2024-08-11,46
marque_generique_neobanques,Marques — néobanques,ING,ING,en,2024-08-18,51
marque_generique_neobanques,Marques — néobanques,ING,ING,en,2024-08-25,74
marque_generique_neobanques,Marques — néobanques,ING,ING,en,2024-09-01,74
marque_generique_neobanques,Marques — néobanques,ING,ING,en,2024-09-08,64
marque_generique_neobanques,Marques — néobanques,ING,ING,en,2024-09-15,55
marque_generique_neobanques,Marques — néobanques,ING,ING,en,2024-09-22,56
marque_generique_neobanques,Marques — néobanques,ING,ING,en,2024-09-29,56
marque_generique_neobanques,Marques — néobanques,ING,ING,en,2024-10-06,54
marque_generique_neobanques,Marques — néobanques,ING,ING,en,2024-10-13,55
marque_generique_neobanques,Marques — néobanques,ING,ING,en,2024-10-20,52
marque_generique_neobanques,Marques — néobanques,ING,ING,en,2024-10-27,51
marque_generique_neobanques,Marques — néobanques,ING,ING,en,2024-11-03,55
marque_generique_neobanques,Marques — néobanques,ING,ING,en,2024-11-10,58
marque_generique_neobanques,Marques — néobanques,ING,ING,en,2024-11-17,52
marque_generique_neobanques,Marques — néobanques,ING,ING,en,2024-11-24,51
marque_generique_neobanques,Marques — néobanques,ING,ING,en,2024-12-01,51
marque_generique_neobanques,Marques — néobanques,ING,ING,en,2024-12-08,52
marque_generique_neobanques,Marques — néobanques,ING,ING,en,2024-12-15,53
marque_generique_neobanques,Marques — néobanques,ING,ING,en,2024-12-22,45
marque_generique_neobanques,Marques — néobanques,ING,ING,en,2024-12-29,52
marque_generique_neobanques,Marques — néobanques,ING,ING,en,2025-01-05,53
marque_generique_neobanques,Marques — néobanques,ING,ING,en,2025-01-12,50
marque_generique_neobanques,Marques — néobanques,ING,ING,en,2025-01-19,49
marque_generique_neobanques,Marques — néobanques,ING,ING,en,2025-01-26,48
marque_generique_neobanques,Marques — néobanques,ING,ING,en,2025-02-02,51
marque_generique_neobanques,Marques — néobanques,ING,ING,en,2025-02-09,47
marque_generique_neobanques,Marques — néobanques,ING,ING,en,2025-02-16,47
marque_generique_neobanques,Marques — néobanques,ING,ING,en,2025-02-23,48
marque_generique_neobanques,Marques — néobanques,ING,ING,en,2025-03-02,52
marque_generique_neobanques,Marques — néobanques,ING,ING,en,2025-03-09,47
marque_generique_neobanques,Marques — néobanques,ING,ING,en,2025-03-16,50
marque_generique_neobanques,Marques — néobanques,ING,ING,en,2025-03-23,48
marque_generique_neobanques,Marques — néobanques,ING,ING,en,2025-03-30,55
marque_generique_neobanques,Marques — néobanques,ING,ING,en,2025-04-06,55
marque_generique_neobanques,Marques — néobanques,ING,ING,en,2025-04-13,53
marque_generique_neobanques,Marques — néobanques,ING,ING,en,2025-04-20,49
marque_generique_neobanques,Marques — néobanques,ING,ING,en,2025-04-27,45
marque_generique_neobanques,Marques — néobanques,ING,ING,en,2025-05-04,48
marque_generique_neobanques,Marques — néobanques,ING,ING,en,2025-05-11,48
marque_generique_neobanques,Marques — néobanques,ING,ING,en,2025-05-18,53
marque_generique_neobanques,Marques — néobanques,ING,ING,en,2025-05-25,46
marque_generique_neobanques,Marques — néobanques,ING,ING,en,2025-06-01,53
marque_generique_neobanques,Marques — néobanques,ING,ING,en,2025-06-08,44
marque_generique_neobanques,Marques — néobanques,ING,ING,en,2025-06-15,46
marque_generique_neobanques,Marques — néobanques,ING,ING,en,2025-06-22,52
marque_generique_neobanques,Marques — néobanques,ING,ING,en,2025-06-29,50
marque_generique_neobanques,Marques — néobanques,ING,ING,en,2025-07-06,48
marque_generique_neobanques,Marques — néobanques,ING,ING,en,2025-07-13,48
marque_generique_neobanques,Marques — néobanques,ING,ING,en,2025-07-20,45
marque_generique_neobanques,Marques — néobanques,ING,ING,en,2025-07-27,46
marque_generique_neobanques,Marques — néobanques,ING,ING,en,2025-08-03,45
marque_generique_neobanques,Marques — néobanques,ING,ING,en,2025-08-10,43
marque_generique_neobanques,Marques — néobanques,ING,ING,en,2025-08-17,46
marque_generique_neobanques,Marques — néobanques,ING,ING,en,2025-08-24,48
marque_generique_neobanques,Marques — néobanques,ING,ING,en,2025-08-31,50
marque_generique_neobanques,Marques — néobanques,ING,ING,en,2025-09-07,50
marque_generique_neobanques,Marques — néobanques,ING,ING,en,2025-09-14,49
marque_generique_neobanques,Marques — néobanques,ING,ING,en,2025-09-21,50
marque_generique_neobanques,Marques — néobanques,ING,ING,en,2025-09-28,53
marque_generique_neobanques,Marques — néobanques,ING,ING,en,2025-10-05,48
marque_generique_neobanques,Marques — néobanques,ING,ING,en,2025-10-12,46
marque_generique_neobanques,Marques — néobanques,ING,ING,en,2025-10-19,49
marque_generique_neobanques,Marques — néobanques,ING,ING,en,2025-10-26,49
marque_generique_neobanques,Marques — néobanques,ING,ING,en,2025-11-02,53
marque_generique_neobanques,Marques — néobanques,ING,ING,en,2025-11-09,45
marque_generique_neobanques,Marques — néobanques,ING,ING,en,2025-11-16,48
marque_generique_neobanques,Marques — néobanques,ING,ING,en,2025-11-23,46
marque_generique_neobanques,Marques — néobanques,ING,ING,en,2025-11-30,51
marque_generique_neobanques,Marques — néobanques,ING,ING,en,2025-12-07,46
marque_generique_neobanques,Marques — néobanques,ING,ING,en,2025-12-14,50
marque_generique_neobanques,Marques — néobanques,ING,ING,en,2025-12-21,43
marque_generique_neobanques,Marques — néobanques,ING,ING,en,2025-12-28,43
marque_generique_neobanques,Marques — néobanques,ING,ING,en,2026-01-04,49
marque_generique_neobanques,Marques — néobanques,ING,ING,en,2026-01-11,46
marque_generique_neobanques,Marques — néobanques,ING,ING,en,2026-01-18,46
marque_generique_neobanques,Marques — néobanques,ING,ING,en,2026-01-25,47
marque_generique_neobanques,Marques — néobanques,ING,ING,en,2026-02-01,50
marque_generique_neobanques,Marques — néobanques,ING,ING,en,2026-02-08,44
marque_generique_neobanques,Marques — néobanques,ING,ING,en,2026-02-15,42
marque_generique_neobanques,Marques — néobanques,ING,ING,en,2026-02-22,48
marque_generique_neobanques,Marques — néobanques,ING,ING,en,2026-03-01,45
marque_generique_neobanques,Marques — néobanques,ING,ING,en,2026-03-08,48
marque_generique_neobanques,Marques — néobanques,ING,ING,en,2026-03-15,45
marque_generique_neobanques,Marques — néobanques,ING,ING,en,2026-03-22,45
marque_generique_neobanques,Marques — néobanques,ING,ING,en,2026-03-29,47
marque_generique_neobanques,Marques — néobanques,ING,ING,en,2026-04-05,43
marque_generique_neobanques,Marques — néobanques,ING,ING,en,2026-04-12,42
marque_generique_neobanques,Marques — néobanques,ING,ING,en,2026-04-19,42
marque_generique_neobanques,Marques — néobanques,ING,ING,en,2026-04-26,43
marque_generique_neobanques,Marques — néobanques,ING,ING,en,2026-05-03,49
marque_generique_neobanques,Marques — néobanques,ING,ING,en,2026-05-10,44
marque_generique_neobanques,Marques — néobanques,ING,ING,en,2026-05-17,52
marque_generique_neobanques,Marques — néobanques,ING,ING,en,2026-05-24,41
marque_generique_neobanques,Marques — néobanques,ING,ING,en,2026-05-31,45
marque_generique_neobanques,Marques — néobanques,ING,ING,en,2026-06-07,41
marque_generique_neobanques,Marques — néobanques,ING,ING,en,2026-06-14,39
marque_generique_neobanques,Marques — néobanques,ING,ING,en,2026-06-21,39
marque_generique_neobanques,Marques — néobanques,ING,ING,en,2026-06-28,45
marque_generique_neobanques,Marques — néobanques,ING,ING,en,2026-07-05,39
marque_generique_neobanques,Marques — néobanques,ING,ING,en,2026-07-12,39
marque_generique_neobanques,Marques — néobanques,ING,ING,en,2026-07-19,34
marque_generique_neobanques,Marques — néobanques,ING,ING,en,2026-07-26,38
marque_generique_neobanques,Marques — néobanques,ING,ING,en,2026-08-02,40
marque_generique_neobanques,Marques — néobanques,ING,ING,en,2026-08-09,35
marque_generique_neobanques,Marques — néobanques,ING,ING,en,2026-08-16,37
marque_generique_neobanques,Marques — néobanques,ING,ING,en,2026-08-23,47
marque_generique_neobanques,Marques — néobanques,ING,ING,en,2026-08-30,44
marque_generique_neobanques,Marques — néobanques,ING,ING,en,2026-09-06,38
marque_generique_neobanques,Marques — néobanques,ING,ING,en,2026-09-13,36
marque_generique_neobanques,Marques — néobanques,KBC,KBC,en,2021-09-12,64
marque_generique_neobanques,Marques — néobanques,KBC,KBC,en,2021-09-19,71
marque_generique_neobanques,Marques — néobanques,KBC,KBC,en,2021-09-26,75
marque_generique_neobanques,Marques — néobanques,KBC,KBC,en,2021-10-03,73
marque_generique_neobanques,Marques — néobanques,KBC,KBC,en,2021-10-10,82
marque_generique_neobanques,Marques — néobanques,KBC,KBC,en,2021-10-17,66
marque_generique_neobanques,Marques — néobanques,KBC,KBC,en,2021-10-24,67
marque_generique_neobanques,Marques — néobanques,KBC,KBC,en,2021-10-31,66
marque_generique_neobanques,Marques — néobanques,KBC,KBC,en,2021-11-07,61
marque_generique_neobanques,Marques — néobanques,KBC,KBC,en,2021-11-14,68
marque_generique_neobanques,Marques — néobanques,KBC,KBC,en,2021-11-21,66
marque_generique_neobanques,Marques — néobanques,KBC,KBC,en,2021-11-28,71
marque_generique_neobanques,Marques — néobanques,KBC,KBC,en,2021-12-05,73
marque_generique_neobanques,Marques — néobanques,KBC,KBC,en,2021-12-12,72
marque_generique_neobanques,Marques — néobanques,KBC,KBC,en,2021-12-19,70
marque_generique_neobanques,Marques — néobanques,KBC,KBC,en,2021-12-26,61
marque_generique_neobanques,Marques — néobanques,KBC,KBC,en,2022-01-02,81
marque_generique_neobanques,Marques — néobanques,KBC,KBC,en,2022-01-09,75
marque_generique_neobanques,Marques — néobanques,KBC,KBC,en,2022-01-16,66
marque_generique_neobanques,Marques — néobanques,KBC,KBC,en,2022-01-23,67
marque_generique_neobanques,Marques — néobanques,KBC,KBC,en,2022-01-30,77
marque_generique_neobanques,Marques — néobanques,KBC,KBC,en,2022-02-06,66
marque_generique_neobanques,Marques — néobanques,KBC,KBC,en,2022-02-13,70
marque_generique_neobanques,Marques — néobanques,KBC,KBC,en,2022-02-20,76
marque_generique_neobanques,Marques — néobanques,KBC,KBC,en,2022-02-27,76
marque_generique_neobanques,Marques — néobanques,KBC,KBC,en,2022-03-06,80
marque_generique_neobanques,Marques — néobanques,KBC,KBC,en,2022-03-13,73
marque_generique_neobanques,Marques — néobanques,KBC,KBC,en,2022-03-20,74
marque_generique_neobanques,Marques — néobanques,KBC,KBC,en,2022-03-27,80
marque_generique_neobanques,Marques — néobanques,KBC,KBC,en,2022-04-03,75
marque_generique_neobanques,Marques — néobanques,KBC,KBC,en,2022-04-10,65
marque_generique_neobanques,Marques — néobanques,KBC,KBC,en,2022-04-17,65
marque_generique_neobanques,Marques — néobanques,KBC,KBC,en,2022-04-24,69
marque_generique_neobanques,Marques — néobanques,KBC,KBC,en,2022-05-01,73
marque_generique_neobanques,Marques — néobanques,KBC,KBC,en,2022-05-08,75
marque_generique_neobanques,Marques — néobanques,KBC,KBC,en,2022-05-15,68
marque_generique_neobanques,Marques — néobanques,KBC,KBC,en,2022-05-22,64
marque_generique_neobanques,Marques — néobanques,KBC,KBC,en,2022-05-29,73
marque_generique_neobanques,Marques — néobanques,KBC,KBC,en,2022-06-05,72
marque_generique_neobanques,Marques — néobanques,KBC,KBC,en,2022-06-12,68
marque_generique_neobanques,Marques — néobanques,KBC,KBC,en,2022-06-19,76
marque_generique_neobanques,Marques — néobanques,KBC,KBC,en,2022-06-26,78
marque_generique_neobanques,Marques — néobanques,KBC,KBC,en,2022-07-03,83
marque_generique_neobanques,Marques — néobanques,KBC,KBC,en,2022-07-10,77
marque_generique_neobanques,Marques — néobanques,KBC,KBC,en,2022-07-17,60
marque_generique_neobanques,Marques — néobanques,KBC,KBC,en,2022-07-24,63
marque_generique_neobanques,Marques — néobanques,KBC,KBC,en,2022-07-31,72
marque_generique_neobanques,Marques — néobanques,KBC,KBC,en,2022-08-07,61
marque_generique_neobanques,Marques — néobanques,KBC,KBC,en,2022-08-14,62
marque_generique_neobanques,Marques — néobanques,KBC,KBC,en,2022-08-21,72
marque_generique_neobanques,Marques — néobanques,KBC,KBC,en,2022-08-28,69
marque_generique_neobanques,Marques — néobanques,KBC,KBC,en,2022-09-04,73
marque_generique_neobanques,Marques — néobanques,KBC,KBC,en,2022-09-11,73
marque_generique_neobanques,Marques — néobanques,KBC,KBC,en,2022-09-18,71
marque_generique_neobanques,Marques — néobanques,KBC,KBC,en,2022-09-25,74
marque_generique_neobanques,Marques — néobanques,KBC,KBC,en,2022-10-02,74
marque_generique_neobanques,Marques — néobanques,KBC,KBC,en,2022-10-09,73
marque_generique_neobanques,Marques — néobanques,KBC,KBC,en,2022-10-16,68
marque_generique_neobanques,Marques — néobanques,KBC,KBC,en,2022-10-23,69
marque_generique_neobanques,Marques — néobanques,KBC,KBC,en,2022-10-30,58
marque_generique_neobanques,Marques — néobanques,KBC,KBC,en,2022-11-06,62
marque_generique_neobanques,Marques — néobanques,KBC,KBC,en,2022-11-13,75
marque_generique_neobanques,Marques — néobanques,KBC,KBC,en,2022-11-20,62
marque_generique_neobanques,Marques — néobanques,KBC,KBC,en,2022-11-27,68
marque_generique_neobanques,Marques — néobanques,KBC,KBC,en,2022-12-04,69
marque_generique_neobanques,Marques — néobanques,KBC,KBC,en,2022-12-11,68
marque_generique_neobanques,Marques — néobanques,KBC,KBC,en,2022-12-18,74
marque_generique_neobanques,Marques — néobanques,KBC,KBC,en,2022-12-25,66
marque_generique_neobanques,Marques — néobanques,KBC,KBC,en,2023-01-01,79
marque_generique_neobanques,Marques — néobanques,KBC,KBC,en,2023-01-08,76
marque_generique_neobanques,Marques — néobanques,KBC,KBC,en,2023-01-15,71
marque_generique_neobanques,Marques — néobanques,KBC,KBC,en,2023-01-22,74
marque_generique_neobanques,Marques — néobanques,KBC,KBC,en,2023-01-29,75
marque_generique_neobanques,Marques — néobanques,KBC,KBC,en,2023-02-05,74
marque_generique_neobanques,Marques — néobanques,KBC,KBC,en,2023-02-12,72
marque_generique_neobanques,Marques — néobanques,KBC,KBC,en,2023-02-19,66
marque_generique_neobanques,Marques — néobanques,KBC,KBC,en,2023-02-26,74
marque_generique_neobanques,Marques — néobanques,KBC,KBC,en,2023-03-05,75
marque_generique_neobanques,Marques — néobanques,KBC,KBC,en,2023-03-12,75
marque_generique_neobanques,Marques — néobanques,KBC,KBC,en,2023-03-19,70
marque_generique_neobanques,Marques — néobanques,KBC,KBC,en,2023-03-26,73
marque_generique_neobanques,Marques — néobanques,KBC,KBC,en,2023-04-02,68
marque_generique_neobanques,Marques — néobanques,KBC,KBC,en,2023-04-09,63
marque_generique_neobanques,Marques — néobanques,KBC,KBC,en,2023-04-16,65
marque_generique_neobanques,Marques — néobanques,KBC,KBC,en,2023-04-23,64
marque_generique_neobanques,Marques — néobanques,KBC,KBC,en,2023-04-30,58
marque_generique_neobanques,Marques — néobanques,KBC,KBC,en,2023-05-07,65
marque_generique_neobanques,Marques — néobanques,KBC,KBC,en,2023-05-14,55
marque_generique_neobanques,Marques — néobanques,KBC,KBC,en,2023-05-21,72
marque_generique_neobanques,Marques — néobanques,KBC,KBC,en,2023-05-28,63
marque_generique_neobanques,Marques — néobanques,KBC,KBC,en,2023-06-04,63
marque_generique_neobanques,Marques — néobanques,KBC,KBC,en,2023-06-11,62
marque_generique_neobanques,Marques — néobanques,KBC,KBC,en,2023-06-18,61
marque_generique_neobanques,Marques — néobanques,KBC,KBC,en,2023-06-25,69
marque_generique_neobanques,Marques — néobanques,KBC,KBC,en,2023-07-02,72
marque_generique_neobanques,Marques — néobanques,KBC,KBC,en,2023-07-09,69
marque_generique_neobanques,Marques — néobanques,KBC,KBC,en,2023-07-16,58
marque_generique_neobanques,Marques — néobanques,KBC,KBC,en,2023-07-23,67
marque_generique_neobanques,Marques — néobanques,KBC,KBC,en,2023-07-30,64
marque_generique_neobanques,Marques — néobanques,KBC,KBC,en,2023-08-06,62
marque_generique_neobanques,Marques — néobanques,KBC,KBC,en,2023-08-13,56
marque_generique_neobanques,Marques — néobanques,KBC,KBC,en,2023-08-20,86
marque_generique_neobanques,Marques — néobanques,KBC,KBC,en,2023-08-27,94
marque_generique_neobanques,Marques — néobanques,KBC,KBC,en,2023-09-03,66
marque_generique_neobanques,Marques — néobanques,KBC,KBC,en,2023-09-10,60
marque_generique_neobanques,Marques — néobanques,KBC,KBC,en,2023-09-17,61
marque_generique_neobanques,Marques — néobanques,KBC,KBC,en,2023-09-24,63
marque_generique_neobanques,Marques — néobanques,KBC,KBC,en,2023-10-01,64
marque_generique_neobanques,Marques — néobanques,KBC,KBC,en,2023-10-08,62
marque_generique_neobanques,Marques — néobanques,KBC,KBC,en,2023-10-15,66
marque_generique_neobanques,Marques — néobanques,KBC,KBC,en,2023-10-22,65
marque_generique_neobanques,Marques — néobanques,KBC,KBC,en,2023-10-29,60
marque_generique_neobanques,Marques — néobanques,KBC,KBC,en,2023-11-05,63
marque_generique_neobanques,Marques — néobanques,KBC,KBC,en,2023-11-12,64
marque_generique_neobanques,Marques — néobanques,KBC,KBC,en,2023-11-19,68
marque_generique_neobanques,Marques — néobanques,KBC,KBC,en,2023-11-26,62
marque_generique_neobanques,Marques — néobanques,KBC,KBC,en,2023-12-03,68
marque_generique_neobanques,Marques — néobanques,KBC,KBC,en,2023-12-10,76
marque_generique_neobanques,Marques — néobanques,KBC,KBC,en,2023-12-17,68
marque_generique_neobanques,Marques — néobanques,KBC,KBC,en,2023-12-24,56
marque_generique_neobanques,Marques — néobanques,KBC,KBC,en,2023-12-31,68
marque_generique_neobanques,Marques — néobanques,KBC,KBC,en,2024-01-07,72
marque_generique_neobanques,Marques — néobanques,KBC,KBC,en,2024-01-14,67
marque_generique_neobanques,Marques — néobanques,KBC,KBC,en,2024-01-21,67
marque_generique_neobanques,Marques — néobanques,KBC,KBC,en,2024-01-28,66
marque_generique_neobanques,Marques — néobanques,KBC,KBC,en,2024-02-04,64
marque_generique_neobanques,Marques — néobanques,KBC,KBC,en,2024-02-11,62
marque_generique_neobanques,Marques — néobanques,KBC,KBC,en,2024-02-18,61
marque_generique_neobanques,Marques — néobanques,KBC,KBC,en,2024-02-25,70
marque_generique_neobanques,Marques — néobanques,KBC,KBC,en,2024-03-03,63
marque_generique_neobanques,Marques — néobanques,KBC,KBC,en,2024-03-10,60
marque_generique_neobanques,Marques — néobanques,KBC,KBC,en,2024-03-17,59
marque_generique_neobanques,Marques — néobanques,KBC,KBC,en,2024-03-24,67
marque_generique_neobanques,Marques — néobanques,KBC,KBC,en,2024-03-31,62
marque_generique_neobanques,Marques — néobanques,KBC,KBC,en,2024-04-07,56
marque_generique_neobanques,Marques — néobanques,KBC,KBC,en,2024-04-14,58
marque_generique_neobanques,Marques — néobanques,KBC,KBC,en,2024-04-21,59
marque_generique_neobanques,Marques — néobanques,KBC,KBC,en,2024-04-28,55
marque_generique_neobanques,Marques — néobanques,KBC,KBC,en,2024-05-05,53
marque_generique_neobanques,Marques — néobanques,KBC,KBC,en,2024-05-12,68
marque_generique_neobanques,Marques — néobanques,KBC,KBC,en,2024-05-19,56
marque_generique_neobanques,Marques — néobanques,KBC,KBC,en,2024-05-26,58
marque_generique_neobanques,Marques — néobanques,KBC,KBC,en,2024-06-02,56
marque_generique_neobanques,Marques — néobanques,KBC,KBC,en,2024-06-09,54
marque_generique_neobanques,Marques — néobanques,KBC,KBC,en,2024-06-16,54
marque_generique_neobanques,Marques — néobanques,KBC,KBC,en,2024-06-23,57
marque_generique_neobanques,Marques — néobanques,KBC,KBC,en,2024-06-30,61
marque_generique_neobanques,Marques — néobanques,KBC,KBC,en,2024-07-07,60
marque_generique_neobanques,Marques — néobanques,KBC,KBC,en,2024-07-14,56
marque_generique_neobanques,Marques — néobanques,KBC,KBC,en,2024-07-21,57
marque_generique_neobanques,Marques — néobanques,KBC,KBC,en,2024-07-28,61
marque_generique_neobanques,Marques — néobanques,KBC,KBC,en,2024-08-04,62
marque_generique_neobanques,Marques — néobanques,KBC,KBC,en,2024-08-11,50
marque_generique_neobanques,Marques — néobanques,KBC,KBC,en,2024-08-18,58
marque_generique_neobanques,Marques — néobanques,KBC,KBC,en,2024-08-25,69
marque_generique_neobanques,Marques — néobanques,KBC,KBC,en,2024-09-01,100
marque_generique_neobanques,Marques — néobanques,KBC,KBC,en,2024-09-08,77
marque_generique_neobanques,Marques — néobanques,KBC,KBC,en,2024-09-15,67
marque_generique_neobanques,Marques — néobanques,KBC,KBC,en,2024-09-22,63
marque_generique_neobanques,Marques — néobanques,KBC,KBC,en,2024-09-29,63
marque_generique_neobanques,Marques — néobanques,KBC,KBC,en,2024-10-06,58
marque_generique_neobanques,Marques — néobanques,KBC,KBC,en,2024-10-13,56
marque_generique_neobanques,Marques — néobanques,KBC,KBC,en,2024-10-20,56
marque_generique_neobanques,Marques — néobanques,KBC,KBC,en,2024-10-27,55
marque_generique_neobanques,Marques — néobanques,KBC,KBC,en,2024-11-03,68
marque_generique_neobanques,Marques — néobanques,KBC,KBC,en,2024-11-10,54
marque_generique_neobanques,Marques — néobanques,KBC,KBC,en,2024-11-17,55
marque_generique_neobanques,Marques — néobanques,KBC,KBC,en,2024-11-24,59
marque_generique_neobanques,Marques — néobanques,KBC,KBC,en,2024-12-01,57
marque_generique_neobanques,Marques — néobanques,KBC,KBC,en,2024-12-08,58
marque_generique_neobanques,Marques — néobanques,KBC,KBC,en,2024-12-15,63
marque_generique_neobanques,Marques — néobanques,KBC,KBC,en,2024-12-22,56
marque_generique_neobanques,Marques — néobanques,KBC,KBC,en,2024-12-29,62
marque_generique_neobanques,Marques — néobanques,KBC,KBC,en,2025-01-05,65
marque_generique_neobanques,Marques — néobanques,KBC,KBC,en,2025-01-12,62
marque_generique_neobanques,Marques — néobanques,KBC,KBC,en,2025-01-19,61
marque_generique_neobanques,Marques — néobanques,KBC,KBC,en,2025-01-26,59
marque_generique_neobanques,Marques — néobanques,KBC,KBC,en,2025-02-02,54
marque_generique_neobanques,Marques — néobanques,KBC,KBC,en,2025-02-09,60
marque_generique_neobanques,Marques — néobanques,KBC,KBC,en,2025-02-16,56
marque_generique_neobanques,Marques — néobanques,KBC,KBC,en,2025-02-23,62
marque_generique_neobanques,Marques — néobanques,KBC,KBC,en,2025-03-02,60
marque_generique_neobanques,Marques — néobanques,KBC,KBC,en,2025-03-09,61
marque_generique_neobanques,Marques — néobanques,KBC,KBC,en,2025-03-16,53
marque_generique_neobanques,Marques — néobanques,KBC,KBC,en,2025-03-23,57
marque_generique_neobanques,Marques — néobanques,KBC,KBC,en,2025-03-30,62
marque_generique_neobanques,Marques — néobanques,KBC,KBC,en,2025-04-06,64
marque_generique_neobanques,Marques — néobanques,KBC,KBC,en,2025-04-13,56
marque_generique_neobanques,Marques — néobanques,KBC,KBC,en,2025-04-20,56
marque_generique_neobanques,Marques — néobanques,KBC,KBC,en,2025-04-27,58
marque_generique_neobanques,Marques — néobanques,KBC,KBC,en,2025-05-04,60
marque_generique_neobanques,Marques — néobanques,KBC,KBC,en,2025-05-11,55
marque_generique_neobanques,Marques — néobanques,KBC,KBC,en,2025-05-18,61
marque_generique_neobanques,Marques — néobanques,KBC,KBC,en,2025-05-25,55
marque_generique_neobanques,Marques — néobanques,KBC,KBC,en,2025-06-01,56
marque_generique_neobanques,Marques — néobanques,KBC,KBC,en,2025-06-08,50
marque_generique_neobanques,Marques — néobanques,KBC,KBC,en,2025-06-15,58
marque_generique_neobanques,Marques — néobanques,KBC,KBC,en,2025-06-22,57
marque_generique_neobanques,Marques — néobanques,KBC,KBC,en,2025-06-29,63
marque_generique_neobanques,Marques — néobanques,KBC,KBC,en,2025-07-06,62
marque_generique_neobanques,Marques — néobanques,KBC,KBC,en,2025-07-13,58
marque_generique_neobanques,Marques — néobanques,KBC,KBC,en,2025-07-20,54
marque_generique_neobanques,Marques — néobanques,KBC,KBC,en,2025-07-27,59
marque_generique_neobanques,Marques — néobanques,KBC,KBC,en,2025-08-03,62
marque_generique_neobanques,Marques — néobanques,KBC,KBC,en,2025-08-10,60
marque_generique_neobanques,Marques — néobanques,KBC,KBC,en,2025-08-17,59
marque_generique_neobanques,Marques — néobanques,KBC,KBC,en,2025-08-24,60
marque_generique_neobanques,Marques — néobanques,KBC,KBC,en,2025-08-31,62
marque_generique_neobanques,Marques — néobanques,KBC,KBC,en,2025-09-07,59
marque_generique_neobanques,Marques — néobanques,KBC,KBC,en,2025-09-14,60
marque_generique_neobanques,Marques — néobanques,KBC,KBC,en,2025-09-21,60
marque_generique_neobanques,Marques — néobanques,KBC,KBC,en,2025-09-28,66
marque_generique_neobanques,Marques — néobanques,KBC,KBC,en,2025-10-05,64
marque_generique_neobanques,Marques — néobanques,KBC,KBC,en,2025-10-12,56
marque_generique_neobanques,Marques — néobanques,KBC,KBC,en,2025-10-19,59
marque_generique_neobanques,Marques — néobanques,KBC,KBC,en,2025-10-26,61
marque_generique_neobanques,Marques — néobanques,KBC,KBC,en,2025-11-02,57
marque_generique_neobanques,Marques — néobanques,KBC,KBC,en,2025-11-09,54
marque_generique_neobanques,Marques — néobanques,KBC,KBC,en,2025-11-16,59
marque_generique_neobanques,Marques — néobanques,KBC,KBC,en,2025-11-23,57
marque_generique_neobanques,Marques — néobanques,KBC,KBC,en,2025-11-30,60
marque_generique_neobanques,Marques — néobanques,KBC,KBC,en,2025-12-07,65
marque_generique_neobanques,Marques — néobanques,KBC,KBC,en,2025-12-14,60
marque_generique_neobanques,Marques — néobanques,KBC,KBC,en,2025-12-21,52
marque_generique_neobanques,Marques — néobanques,KBC,KBC,en,2025-12-28,58
marque_generique_neobanques,Marques — néobanques,KBC,KBC,en,2026-01-04,66
marque_generique_neobanques,Marques — néobanques,KBC,KBC,en,2026-01-11,62
marque_generique_neobanques,Marques — néobanques,KBC,KBC,en,2026-01-18,58
marque_generique_neobanques,Marques — néobanques,KBC,KBC,en,2026-01-25,59
marque_generique_neobanques,Marques — néobanques,KBC,KBC,en,2026-02-01,56
marque_generique_neobanques,Marques — néobanques,KBC,KBC,en,2026-02-08,54
marque_generique_neobanques,Marques — néobanques,KBC,KBC,en,2026-02-15,50
marque_generique_neobanques,Marques — néobanques,KBC,KBC,en,2026-02-22,55
marque_generique_neobanques,Marques — néobanques,KBC,KBC,en,2026-03-01,57
marque_generique_neobanques,Marques — néobanques,KBC,KBC,en,2026-03-08,57
marque_generique_neobanques,Marques — néobanques,KBC,KBC,en,2026-03-15,54
marque_generique_neobanques,Marques — néobanques,KBC,KBC,en,2026-03-22,56
marque_generique_neobanques,Marques — néobanques,KBC,KBC,en,2026-03-29,58
marque_generique_neobanques,Marques — néobanques,KBC,KBC,en,2026-04-05,56
marque_generique_neobanques,Marques — néobanques,KBC,KBC,en,2026-04-12,55
marque_generique_neobanques,Marques — néobanques,KBC,KBC,en,2026-04-19,54
marque_generique_neobanques,Marques — néobanques,KBC,KBC,en,2026-04-26,51
marque_generique_neobanques,Marques — néobanques,KBC,KBC,en,2026-05-03,51
marque_generique_neobanques,Marques — néobanques,KBC,KBC,en,2026-05-10,59
marque_generique_neobanques,Marques — néobanques,KBC,KBC,en,2026-05-17,54
marque_generique_neobanques,Marques — néobanques,KBC,KBC,en,2026-05-24,50
marque_generique_neobanques,Marques — néobanques,KBC,KBC,en,2026-05-31,54
marque_generique_neobanques,Marques — néobanques,KBC,KBC,en,2026-06-07,46
marque_generique_neobanques,Marques — néobanques,KBC,KBC,en,2026-06-14,48
marque_generique_neobanques,Marques — néobanques,KBC,KBC,en,2026-06-21,48
marque_generique_neobanques,Marques — néobanques,KBC,KBC,en,2026-06-28,53
marque_generique_neobanques,Marques — néobanques,KBC,KBC,en,2026-07-05,49
marque_generique_neobanques,Marques — néobanques,KBC,KBC,en,2026-07-12,50
marque_generique_neobanques,Marques — néobanques,KBC,KBC,en,2026-07-19,46
marque_generique_neobanques,Marques — néobanques,KBC,KBC,en,2026-07-26,46
marque_generique_neobanques,Marques — néobanques,KBC,KBC,en,2026-08-02,49
marque_generique_neobanques,Marques — néobanques,KBC,KBC,en,2026-08-09,51
marque_generique_neobanques,Marques — néobanques,KBC,KBC,en,2026-08-16,47
marque_generique_neobanques,Marques — néobanques,KBC,KBC,en,2026-08-23,48
marque_generique_neobanques,Marques — néobanques,KBC,KBC,en,2026-08-30,56
marque_generique_neobanques,Marques — néobanques,KBC,KBC,en,2026-09-06,46
marque_generique_neobanques,Marques — néobanques,KBC,KBC,en,2026-09-13,43
marque_generique_neobanques,Marques — néobanques,/g/11c1p5t9vb,N26,multi,2021-09-12,1
marque_generique_neobanques,Marques — néobanques,/g/11c1p5t9vb,N26,multi,2021-09-19,1
marque_generique_neobanques,Marques — néobanques,/g/11c1p5t9vb,N26,multi,2021-09-26,1
marque_generique_neobanques,Marques — néobanques,/g/11c1p5t9vb,N26,multi,2021-10-03,1
marque_generique_neobanques,Marques — néobanques,/g/11c1p5t9vb,N26,multi,2021-10-10,1
marque_generique_neobanques,Marques — néobanques,/g/11c1p5t9vb,N26,multi,2021-10-17,1
marque_generique_neobanques,Marques — néobanques,/g/11c1p5t9vb,N26,multi,2021-10-24,1
marque_generique_neobanques,Marques — néobanques,/g/11c1p5t9vb,N26,multi,2021-10-31,1
marque_generique_neobanques,Marques — néobanques,/g/11c1p5t9vb,N26,multi,2021-11-07,1
marque_generique_neobanques,Marques — néobanques,/g/11c1p5t9vb,N26,multi,2021-11-14,1
marque_generique_neobanques,Marques — néobanques,/g/11c1p5t9vb,N26,multi,2021-11-21,1
marque_generique_neobanques,Marques — néobanques,/g/11c1p5t9vb,N26,multi,2021-11-28,1
marque_generique_neobanques,Marques — néobanques,/g/11c1p5t9vb,N26,multi,2021-12-05,1
marque_generique_neobanques,Marques — néobanques,/g/11c1p5t9vb,N26,multi,2021-12-12,1
marque_generique_neobanques,Marques — néobanques,/g/11c1p5t9vb,N26,multi,2021-12-19,1
marque_generique_neobanques,Marques — néobanques,/g/11c1p5t9vb,N26,multi,2021-12-26,1
marque_generique_neobanques,Marques — néobanques,/g/11c1p5t9vb,N26,multi,2022-01-02,1
marque_generique_neobanques,Marques — néobanques,/g/11c1p5t9vb,N26,multi,2022-01-09,1
marque_generique_neobanques,Marques — néobanques,/g/11c1p5t9vb,N26,multi,2022-01-16,1
marque_generique_neobanques,Marques — néobanques,/g/11c1p5t9vb,N26,multi,2022-01-23,1
marque_generique_neobanques,Marques — néobanques,/g/11c1p5t9vb,N26,multi,2022-01-30,1
marque_generique_neobanques,Marques — néobanques,/g/11c1p5t9vb,N26,multi,2022-02-06,1
marque_generique_neobanques,Marques — néobanques,/g/11c1p5t9vb,N26,multi,2022-02-13,1
marque_generique_neobanques,Marques — néobanques,/g/11c1p5t9vb,N26,multi,2022-02-20,1
marque_generique_neobanques,Marques — néobanques,/g/11c1p5t9vb,N26,multi,2022-02-27,1
marque_generique_neobanques,Marques — néobanques,/g/11c1p5t9vb,N26,multi,2022-03-06,1
marque_generique_neobanques,Marques — néobanques,/g/11c1p5t9vb,N26,multi,2022-03-13,1
marque_generique_neobanques,Marques — néobanques,/g/11c1p5t9vb,N26,multi,2022-03-20,1
marque_generique_neobanques,Marques — néobanques,/g/11c1p5t9vb,N26,multi,2022-03-27,1
marque_generique_neobanques,Marques — néobanques,/g/11c1p5t9vb,N26,multi,2022-04-03,1
marque_generique_neobanques,Marques — néobanques,/g/11c1p5t9vb,N26,multi,2022-04-10,1
marque_generique_neobanques,Marques — néobanques,/g/11c1p5t9vb,N26,multi,2022-04-17,1
marque_generique_neobanques,Marques — néobanques,/g/11c1p5t9vb,N26,multi,2022-04-24,5
marque_generique_neobanques,Marques — néobanques,/g/11c1p5t9vb,N26,multi,2022-05-01,1
marque_generique_neobanques,Marques — néobanques,/g/11c1p5t9vb,N26,multi,2022-05-08,1
marque_generique_neobanques,Marques — néobanques,/g/11c1p5t9vb,N26,multi,2022-05-15,1
marque_generique_neobanques,Marques — néobanques,/g/11c1p5t9vb,N26,multi,2022-05-22,0
marque_generique_neobanques,Marques — néobanques,/g/11c1p5t9vb,N26,multi,2022-05-29,1
marque_generique_neobanques,Marques — néobanques,/g/11c1p5t9vb,N26,multi,2022-06-05,1
marque_generique_neobanques,Marques — néobanques,/g/11c1p5t9vb,N26,multi,2022-06-12,1
marque_generique_neobanques,Marques — néobanques,/g/11c1p5t9vb,N26,multi,2022-06-19,1
marque_generique_neobanques,Marques — néobanques,/g/11c1p5t9vb,N26,multi,2022-06-26,1
marque_generique_neobanques,Marques — néobanques,/g/11c1p5t9vb,N26,multi,2022-07-03,1
marque_generique_neobanques,Marques — néobanques,/g/11c1p5t9vb,N26,multi,2022-07-10,1
marque_generique_neobanques,Marques — néobanques,/g/11c1p5t9vb,N26,multi,2022-07-17,0
marque_generique_neobanques,Marques — néobanques,/g/11c1p5t9vb,N26,multi,2022-07-24,1
marque_generique_neobanques,Marques — néobanques,/g/11c1p5t9vb,N26,multi,2022-07-31,1
marque_generique_neobanques,Marques — néobanques,/g/11c1p5t9vb,N26,multi,2022-08-07,1
marque_generique_neobanques,Marques — néobanques,/g/11c1p5t9vb,N26,multi,2022-08-14,1
marque_generique_neobanques,Marques — néobanques,/g/11c1p5t9vb,N26,multi,2022-08-21,1
marque_generique_neobanques,Marques — néobanques,/g/11c1p5t9vb,N26,multi,2022-08-28,1
marque_generique_neobanques,Marques — néobanques,/g/11c1p5t9vb,N26,multi,2022-09-04,1
marque_generique_neobanques,Marques — néobanques,/g/11c1p5t9vb,N26,multi,2022-09-11,1
marque_generique_neobanques,Marques — néobanques,/g/11c1p5t9vb,N26,multi,2022-09-18,1
marque_generique_neobanques,Marques — néobanques,/g/11c1p5t9vb,N26,multi,2022-09-25,1
marque_generique_neobanques,Marques — néobanques,/g/11c1p5t9vb,N26,multi,2022-10-02,1
marque_generique_neobanques,Marques — néobanques,/g/11c1p5t9vb,N26,multi,2022-10-09,1
marque_generique_neobanques,Marques — néobanques,/g/11c1p5t9vb,N26,multi,2022-10-16,1
marque_generique_neobanques,Marques — néobanques,/g/11c1p5t9vb,N26,multi,2022-10-23,1
marque_generique_neobanques,Marques — néobanques,/g/11c1p5t9vb,N26,multi,2022-10-30,1
marque_generique_neobanques,Marques — néobanques,/g/11c1p5t9vb,N26,multi,2022-11-06,1
marque_generique_neobanques,Marques — néobanques,/g/11c1p5t9vb,N26,multi,2022-11-13,1
marque_generique_neobanques,Marques — néobanques,/g/11c1p5t9vb,N26,multi,2022-11-20,1
marque_generique_neobanques,Marques — néobanques,/g/11c1p5t9vb,N26,multi,2022-11-27,1
marque_generique_neobanques,Marques — néobanques,/g/11c1p5t9vb,N26,multi,2022-12-04,0
marque_generique_neobanques,Marques — néobanques,/g/11c1p5t9vb,N26,multi,2022-12-11,1
marque_generique_neobanques,Marques — néobanques,/g/11c1p5t9vb,N26,multi,2022-12-18,1
marque_generique_neobanques,Marques — néobanques,/g/11c1p5t9vb,N26,multi,2022-12-25,0
marque_generique_neobanques,Marques — néobanques,/g/11c1p5t9vb,N26,multi,2023-01-01,1
marque_generique_neobanques,Marques — néobanques,/g/11c1p5t9vb,N26,multi,2023-01-08,1
marque_generique_neobanques,Marques — néobanques,/g/11c1p5t9vb,N26,multi,2023-01-15,1
marque_generique_neobanques,Marques — néobanques,/g/11c1p5t9vb,N26,multi,2023-01-22,1
marque_generique_neobanques,Marques — néobanques,/g/11c1p5t9vb,N26,multi,2023-01-29,1
marque_generique_neobanques,Marques — néobanques,/g/11c1p5t9vb,N26,multi,2023-02-05,1
marque_generique_neobanques,Marques — néobanques,/g/11c1p5t9vb,N26,multi,2023-02-12,1
marque_generique_neobanques,Marques — néobanques,/g/11c1p5t9vb,N26,multi,2023-02-19,1
marque_generique_neobanques,Marques — néobanques,/g/11c1p5t9vb,N26,multi,2023-02-26,1
marque_generique_neobanques,Marques — néobanques,/g/11c1p5t9vb,N26,multi,2023-03-05,1
marque_generique_neobanques,Marques — néobanques,/g/11c1p5t9vb,N26,multi,2023-03-12,1
marque_generique_neobanques,Marques — néobanques,/g/11c1p5t9vb,N26,multi,2023-03-19,1
marque_generique_neobanques,Marques — néobanques,/g/11c1p5t9vb,N26,multi,2023-03-26,1
marque_generique_neobanques,Marques — néobanques,/g/11c1p5t9vb,N26,multi,2023-04-02,1
marque_generique_neobanques,Marques — néobanques,/g/11c1p5t9vb,N26,multi,2023-04-09,1
marque_generique_neobanques,Marques — néobanques,/g/11c1p5t9vb,N26,multi,2023-04-16,1
marque_generique_neobanques,Marques — néobanques,/g/11c1p5t9vb,N26,multi,2023-04-23,1
marque_generique_neobanques,Marques — néobanques,/g/11c1p5t9vb,N26,multi,2023-04-30,1
marque_generique_neobanques,Marques — néobanques,/g/11c1p5t9vb,N26,multi,2023-05-07,1
marque_generique_neobanques,Marques — néobanques,/g/11c1p5t9vb,N26,multi,2023-05-14,1
marque_generique_neobanques,Marques — néobanques,/g/11c1p5t9vb,N26,multi,2023-05-21,0
marque_generique_neobanques,Marques — néobanques,/g/11c1p5t9vb,N26,multi,2023-05-28,1
marque_generique_neobanques,Marques — néobanques,/g/11c1p5t9vb,N26,multi,2023-06-04,0
marque_generique_neobanques,Marques — néobanques,/g/11c1p5t9vb,N26,multi,2023-06-11,1
marque_generique_neobanques,Marques — néobanques,/g/11c1p5t9vb,N26,multi,2023-06-18,0
marque_generique_neobanques,Marques — néobanques,/g/11c1p5t9vb,N26,multi,2023-06-25,1
marque_generique_neobanques,Marques — néobanques,/g/11c1p5t9vb,N26,multi,2023-07-02,1
marque_generique_neobanques,Marques — néobanques,/g/11c1p5t9vb,N26,multi,2023-07-09,1
marque_generique_neobanques,Marques — néobanques,/g/11c1p5t9vb,N26,multi,2023-07-16,1
marque_generique_neobanques,Marques — néobanques,/g/11c1p5t9vb,N26,multi,2023-07-23,1
marque_generique_neobanques,Marques — néobanques,/g/11c1p5t9vb,N26,multi,2023-07-30,1
marque_generique_neobanques,Marques — néobanques,/g/11c1p5t9vb,N26,multi,2023-08-06,1
marque_generique_neobanques,Marques — néobanques,/g/11c1p5t9vb,N26,multi,2023-08-13,1
marque_generique_neobanques,Marques — néobanques,/g/11c1p5t9vb,N26,multi,2023-08-20,1
marque_generique_neobanques,Marques — néobanques,/g/11c1p5t9vb,N26,multi,2023-08-27,1
marque_generique_neobanques,Marques — néobanques,/g/11c1p5t9vb,N26,multi,2023-09-03,1
marque_generique_neobanques,Marques — néobanques,/g/11c1p5t9vb,N26,multi,2023-09-10,1
marque_generique_neobanques,Marques — néobanques,/g/11c1p5t9vb,N26,multi,2023-09-17,1
marque_generique_neobanques,Marques — néobanques,/g/11c1p5t9vb,N26,multi,2023-09-24,0
marque_generique_neobanques,Marques — néobanques,/g/11c1p5t9vb,N26,multi,2023-10-01,1
marque_generique_neobanques,Marques — néobanques,/g/11c1p5t9vb,N26,multi,2023-10-08,0
marque_generique_neobanques,Marques — néobanques,/g/11c1p5t9vb,N26,multi,2023-10-15,1
marque_generique_neobanques,Marques — néobanques,/g/11c1p5t9vb,N26,multi,2023-10-22,0
marque_generique_neobanques,Marques — néobanques,/g/11c1p5t9vb,N26,multi,2023-10-29,1
marque_generique_neobanques,Marques — néobanques,/g/11c1p5t9vb,N26,multi,2023-11-05,0
marque_generique_neobanques,Marques — néobanques,/g/11c1p5t9vb,N26,multi,2023-11-12,0
marque_generique_neobanques,Marques — néobanques,/g/11c1p5t9vb,N26,multi,2023-11-19,0
marque_generique_neobanques,Marques — néobanques,/g/11c1p5t9vb,N26,multi,2023-11-26,0
marque_generique_neobanques,Marques — néobanques,/g/11c1p5t9vb,N26,multi,2023-12-03,1
marque_generique_neobanques,Marques — néobanques,/g/11c1p5t9vb,N26,multi,2023-12-10,1
marque_generique_neobanques,Marques — néobanques,/g/11c1p5t9vb,N26,multi,2023-12-17,1
marque_generique_neobanques,Marques — néobanques,/g/11c1p5t9vb,N26,multi,2023-12-24,1
marque_generique_neobanques,Marques — néobanques,/g/11c1p5t9vb,N26,multi,2023-12-31,1
marque_generique_neobanques,Marques — néobanques,/g/11c1p5t9vb,N26,multi,2024-01-07,1
marque_generique_neobanques,Marques — néobanques,/g/11c1p5t9vb,N26,multi,2024-01-14,1
marque_generique_neobanques,Marques — néobanques,/g/11c1p5t9vb,N26,multi,2024-01-21,1
marque_generique_neobanques,Marques — néobanques,/g/11c1p5t9vb,N26,multi,2024-01-28,1
marque_generique_neobanques,Marques — néobanques,/g/11c1p5t9vb,N26,multi,2024-02-04,1
marque_generique_neobanques,Marques — néobanques,/g/11c1p5t9vb,N26,multi,2024-02-11,1
marque_generique_neobanques,Marques — néobanques,/g/11c1p5t9vb,N26,multi,2024-02-18,1
marque_generique_neobanques,Marques — néobanques,/g/11c1p5t9vb,N26,multi,2024-02-25,1
marque_generique_neobanques,Marques — néobanques,/g/11c1p5t9vb,N26,multi,2024-03-03,1
marque_generique_neobanques,Marques — néobanques,/g/11c1p5t9vb,N26,multi,2024-03-10,1
marque_generique_neobanques,Marques — néobanques,/g/11c1p5t9vb,N26,multi,2024-03-17,1
marque_generique_neobanques,Marques — néobanques,/g/11c1p5t9vb,N26,multi,2024-03-24,1
marque_generique_neobanques,Marques — néobanques,/g/11c1p5t9vb,N26,multi,2024-03-31,0
marque_generique_neobanques,Marques — néobanques,/g/11c1p5t9vb,N26,multi,2024-04-07,1
marque_generique_neobanques,Marques — néobanques,/g/11c1p5t9vb,N26,multi,2024-04-14,0
marque_generique_neobanques,Marques — néobanques,/g/11c1p5t9vb,N26,multi,2024-04-21,1
marque_generique_neobanques,Marques — néobanques,/g/11c1p5t9vb,N26,multi,2024-04-28,1
marque_generique_neobanques,Marques — néobanques,/g/11c1p5t9vb,N26,multi,2024-05-05,1
marque_generique_neobanques,Marques — néobanques,/g/11c1p5t9vb,N26,multi,2024-05-12,1
marque_generique_neobanques,Marques — néobanques,/g/11c1p5t9vb,N26,multi,2024-05-19,1
marque_generique_neobanques,Marques — néobanques,/g/11c1p5t9vb,N26,multi,2024-05-26,1
marque_generique_neobanques,Marques — néobanques,/g/11c1p5t9vb,N26,multi,2024-06-02,1
marque_generique_neobanques,Marques — néobanques,/g/11c1p5t9vb,N26,multi,2024-06-09,1
marque_generique_neobanques,Marques — néobanques,/g/11c1p5t9vb,N26,multi,2024-06-16,1
marque_generique_neobanques,Marques — néobanques,/g/11c1p5t9vb,N26,multi,2024-06-23,0
marque_generique_neobanques,Marques — néobanques,/g/11c1p5t9vb,N26,multi,2024-06-30,1
marque_generique_neobanques,Marques — néobanques,/g/11c1p5t9vb,N26,multi,2024-07-07,1
marque_generique_neobanques,Marques — néobanques,/g/11c1p5t9vb,N26,multi,2024-07-14,1
marque_generique_neobanques,Marques — néobanques,/g/11c1p5t9vb,N26,multi,2024-07-21,1
marque_generique_neobanques,Marques — néobanques,/g/11c1p5t9vb,N26,multi,2024-07-28,1
marque_generique_neobanques,Marques — néobanques,/g/11c1p5t9vb,N26,multi,2024-08-04,1
marque_generique_neobanques,Marques — néobanques,/g/11c1p5t9vb,N26,multi,2024-08-11,1
marque_generique_neobanques,Marques — néobanques,/g/11c1p5t9vb,N26,multi,2024-08-18,1
marque_generique_neobanques,Marques — néobanques,/g/11c1p5t9vb,N26,multi,2024-08-25,1
marque_generique_neobanques,Marques — néobanques,/g/11c1p5t9vb,N26,multi,2024-09-01,1
marque_generique_neobanques,Marques — néobanques,/g/11c1p5t9vb,N26,multi,2024-09-08,1
marque_generique_neobanques,Marques — néobanques,/g/11c1p5t9vb,N26,multi,2024-09-15,1
marque_generique_neobanques,Marques — néobanques,/g/11c1p5t9vb,N26,multi,2024-09-22,1
marque_generique_neobanques,Marques — néobanques,/g/11c1p5t9vb,N26,multi,2024-09-29,1
marque_generique_neobanques,Marques — néobanques,/g/11c1p5t9vb,N26,multi,2024-10-06,1
marque_generique_neobanques,Marques — néobanques,/g/11c1p5t9vb,N26,multi,2024-10-13,1
marque_generique_neobanques,Marques — néobanques,/g/11c1p5t9vb,N26,multi,2024-10-20,1
marque_generique_neobanques,Marques — néobanques,/g/11c1p5t9vb,N26,multi,2024-10-27,1
marque_generique_neobanques,Marques — néobanques,/g/11c1p5t9vb,N26,multi,2024-11-03,1
marque_generique_neobanques,Marques — néobanques,/g/11c1p5t9vb,N26,multi,2024-11-10,1
marque_generique_neobanques,Marques — néobanques,/g/11c1p5t9vb,N26,multi,2024-11-17,1
marque_generique_neobanques,Marques — néobanques,/g/11c1p5t9vb,N26,multi,2024-11-24,1
marque_generique_neobanques,Marques — néobanques,/g/11c1p5t9vb,N26,multi,2024-12-01,1
marque_generique_neobanques,Marques — néobanques,/g/11c1p5t9vb,N26,multi,2024-12-08,1
marque_generique_neobanques,Marques — néobanques,/g/11c1p5t9vb,N26,multi,2024-12-15,1
marque_generique_neobanques,Marques — néobanques,/g/11c1p5t9vb,N26,multi,2024-12-22,1
marque_generique_neobanques,Marques — néobanques,/g/11c1p5t9vb,N26,multi,2024-12-29,1
marque_generique_neobanques,Marques — néobanques,/g/11c1p5t9vb,N26,multi,2025-01-05,1
marque_generique_neobanques,Marques — néobanques,/g/11c1p5t9vb,N26,multi,2025-01-12,1
marque_generique_neobanques,Marques — néobanques,/g/11c1p5t9vb,N26,multi,2025-01-19,1
marque_generique_neobanques,Marques — néobanques,/g/11c1p5t9vb,N26,multi,2025-01-26,1
marque_generique_neobanques,Marques — néobanques,/g/11c1p5t9vb,N26,multi,2025-02-02,0
marque_generique_neobanques,Marques — néobanques,/g/11c1p5t9vb,N26,multi,2025-02-09,1
marque_generique_neobanques,Marques — néobanques,/g/11c1p5t9vb,N26,multi,2025-02-16,1
marque_generique_neobanques,Marques — néobanques,/g/11c1p5t9vb,N26,multi,2025-02-23,1
marque_generique_neobanques,Marques — néobanques,/g/11c1p5t9vb,N26,multi,2025-03-02,1
marque_generique_neobanques,Marques — néobanques,/g/11c1p5t9vb,N26,multi,2025-03-09,1
marque_generique_neobanques,Marques — néobanques,/g/11c1p5t9vb,N26,multi,2025-03-16,1
marque_generique_neobanques,Marques — néobanques,/g/11c1p5t9vb,N26,multi,2025-03-23,1
marque_generique_neobanques,Marques — néobanques,/g/11c1p5t9vb,N26,multi,2025-03-30,1
marque_generique_neobanques,Marques — néobanques,/g/11c1p5t9vb,N26,multi,2025-04-06,1
marque_generique_neobanques,Marques — néobanques,/g/11c1p5t9vb,N26,multi,2025-04-13,1
marque_generique_neobanques,Marques — néobanques,/g/11c1p5t9vb,N26,multi,2025-04-20,1
marque_generique_neobanques,Marques — néobanques,/g/11c1p5t9vb,N26,multi,2025-04-27,1
marque_generique_neobanques,Marques — néobanques,/g/11c1p5t9vb,N26,multi,2025-05-04,1
marque_generique_neobanques,Marques — néobanques,/g/11c1p5t9vb,N26,multi,2025-05-11,1
marque_generique_neobanques,Marques — néobanques,/g/11c1p5t9vb,N26,multi,2025-05-18,1
marque_generique_neobanques,Marques — néobanques,/g/11c1p5t9vb,N26,multi,2025-05-25,1
marque_generique_neobanques,Marques — néobanques,/g/11c1p5t9vb,N26,multi,2025-06-01,1
marque_generique_neobanques,Marques — néobanques,/g/11c1p5t9vb,N26,multi,2025-06-08,1
marque_generique_neobanques,Marques — néobanques,/g/11c1p5t9vb,N26,multi,2025-06-15,1
marque_generique_neobanques,Marques — néobanques,/g/11c1p5t9vb,N26,multi,2025-06-22,1
marque_generique_neobanques,Marques — néobanques,/g/11c1p5t9vb,N26,multi,2025-06-29,1
marque_generique_neobanques,Marques — néobanques,/g/11c1p5t9vb,N26,multi,2025-07-06,1
marque_generique_neobanques,Marques — néobanques,/g/11c1p5t9vb,N26,multi,2025-07-13,1
marque_generique_neobanques,Marques — néobanques,/g/11c1p5t9vb,N26,multi,2025-07-20,1
marque_generique_neobanques,Marques — néobanques,/g/11c1p5t9vb,N26,multi,2025-07-27,1
marque_generique_neobanques,Marques — néobanques,/g/11c1p5t9vb,N26,multi,2025-08-03,1
marque_generique_neobanques,Marques — néobanques,/g/11c1p5t9vb,N26,multi,2025-08-10,1
marque_generique_neobanques,Marques — néobanques,/g/11c1p5t9vb,N26,multi,2025-08-17,1
marque_generique_neobanques,Marques — néobanques,/g/11c1p5t9vb,N26,multi,2025-08-24,0
marque_generique_neobanques,Marques — néobanques,/g/11c1p5t9vb,N26,multi,2025-08-31,1
marque_generique_neobanques,Marques — néobanques,/g/11c1p5t9vb,N26,multi,2025-09-07,1
marque_generique_neobanques,Marques — néobanques,/g/11c1p5t9vb,N26,multi,2025-09-14,1
marque_generique_neobanques,Marques — néobanques,/g/11c1p5t9vb,N26,multi,2025-09-21,0
marque_generique_neobanques,Marques — néobanques,/g/11c1p5t9vb,N26,multi,2025-09-28,1
marque_generique_neobanques,Marques — néobanques,/g/11c1p5t9vb,N26,multi,2025-10-05,1
marque_generique_neobanques,Marques — néobanques,/g/11c1p5t9vb,N26,multi,2025-10-12,1
marque_generique_neobanques,Marques — néobanques,/g/11c1p5t9vb,N26,multi,2025-10-19,1
marque_generique_neobanques,Marques — néobanques,/g/11c1p5t9vb,N26,multi,2025-10-26,1
marque_generique_neobanques,Marques — néobanques,/g/11c1p5t9vb,N26,multi,2025-11-02,1
marque_generique_neobanques,Marques — néobanques,/g/11c1p5t9vb,N26,multi,2025-11-09,1
marque_generique_neobanques,Marques — néobanques,/g/11c1p5t9vb,N26,multi,2025-11-16,1
marque_generique_neobanques,Marques — néobanques,/g/11c1p5t9vb,N26,multi,2025-11-23,1
marque_generique_neobanques,Marques — néobanques,/g/11c1p5t9vb,N26,multi,2025-11-30,1
marque_generique_neobanques,Marques — néobanques,/g/11c1p5t9vb,N26,multi,2025-12-07,1
marque_generique_neobanques,Marques — néobanques,/g/11c1p5t9vb,N26,multi,2025-12-14,1
marque_generique_neobanques,Marques — néobanques,/g/11c1p5t9vb,N26,multi,2025-12-21,0
marque_generique_neobanques,Marques — néobanques,/g/11c1p5t9vb,N26,multi,2025-12-28,1
marque_generique_neobanques,Marques — néobanques,/g/11c1p5t9vb,N26,multi,2026-01-04,1
marque_generique_neobanques,Marques — néobanques,/g/11c1p5t9vb,N26,multi,2026-01-11,1
marque_generique_neobanques,Marques — néobanques,/g/11c1p5t9vb,N26,multi,2026-01-18,1
marque_generique_neobanques,Marques — néobanques,/g/11c1p5t9vb,N26,multi,2026-01-25,0
marque_generique_neobanques,Marques — néobanques,/g/11c1p5t9vb,N26,multi,2026-02-01,0
marque_generique_neobanques,Marques — néobanques,/g/11c1p5t9vb,N26,multi,2026-02-08,1
marque_generique_neobanques,Marques — néobanques,/g/11c1p5t9vb,N26,multi,2026-02-15,0
marque_generique_neobanques,Marques — néobanques,/g/11c1p5t9vb,N26,multi,2026-02-22,0
marque_generique_neobanques,Marques — néobanques,/g/11c1p5t9vb,N26,multi,2026-03-01,1
marque_generique_neobanques,Marques — néobanques,/g/11c1p5t9vb,N26,multi,2026-03-08,0
marque_generique_neobanques,Marques — néobanques,/g/11c1p5t9vb,N26,multi,2026-03-15,0
marque_generique_neobanques,Marques — néobanques,/g/11c1p5t9vb,N26,multi,2026-03-22,1
marque_generique_neobanques,Marques — néobanques,/g/11c1p5t9vb,N26,multi,2026-03-29,1
marque_generique_neobanques,Marques — néobanques,/g/11c1p5t9vb,N26,multi,2026-04-05,1
marque_generique_neobanques,Marques — néobanques,/g/11c1p5t9vb,N26,multi,2026-04-12,1
marque_generique_neobanques,Marques — néobanques,/g/11c1p5t9vb,N26,multi,2026-04-19,1
marque_generique_neobanques,Marques — néobanques,/g/11c1p5t9vb,N26,multi,2026-04-26,1
marque_generique_neobanques,Marques — néobanques,/g/11c1p5t9vb,N26,multi,2026-05-03,0
marque_generique_neobanques,Marques — néobanques,/g/11c1p5t9vb,N26,multi,2026-05-10,1
marque_generique_neobanques,Marques — néobanques,/g/11c1p5t9vb,N26,multi,2026-05-17,1
marque_generique_neobanques,Marques — néobanques,/g/11c1p5t9vb,N26,multi,2026-05-24,1
marque_generique_neobanques,Marques — néobanques,/g/11c1p5t9vb,N26,multi,2026-05-31,0
marque_generique_neobanques,Marques — néobanques,/g/11c1p5t9vb,N26,multi,2026-06-07,0
marque_generique_neobanques,Marques — néobanques,/g/11c1p5t9vb,N26,multi,2026-06-14,0
marque_generique_neobanques,Marques — néobanques,/g/11c1p5t9vb,N26,multi,2026-06-21,0
marque_generique_neobanques,Marques — néobanques,/g/11c1p5t9vb,N26,multi,2026-06-28,0
marque_generique_neobanques,Marques — néobanques,/g/11c1p5t9vb,N26,multi,2026-07-05,0
marque_generique_neobanques,Marques — néobanques,/g/11c1p5t9vb,N26,multi,2026-07-12,1
marque_generique_neobanques,Marques — néobanques,/g/11c1p5t9vb,N26,multi,2026-07-19,0
marque_generique_neobanques,Marques — néobanques,/g/11c1p5t9vb,N26,multi,2026-07-26,0
marque_generique_neobanques,Marques — néobanques,/g/11c1p5t9vb,N26,multi,2026-08-02,0
marque_generique_neobanques,Marques — néobanques,/g/11c1p5t9vb,N26,multi,2026-08-09,0
marque_generique_neobanques,Marques — néobanques,/g/11c1p5t9vb,N26,multi,2026-08-16,0
marque_generique_neobanques,Marques — néobanques,/g/11c1p5t9vb,N26,multi,2026-08-23,1
marque_generique_neobanques,Marques — néobanques,/g/11c1p5t9vb,N26,multi,2026-08-30,0
marque_generique_neobanques,Marques — néobanques,/g/11c1p5t9vb,N26,multi,2026-09-06,0
marque_generique_neobanques,Marques — néobanques,/g/11c1p5t9vb,N26,multi,2026-09-13,1
marque_generique_neobanques,Marques — néobanques,Revolut,REVOLUT,multi,2021-09-12,1
marque_generique_neobanques,Marques — néobanques,Revolut,REVOLUT,multi,2021-09-19,1
marque_generique_neobanques,Marques — néobanques,Revolut,REVOLUT,multi,2021-09-26,1
marque_generique_neobanques,Marques — néobanques,Revolut,REVOLUT,multi,2021-10-03,1
marque_generique_neobanques,Marques — néobanques,Revolut,REVOLUT,multi,2021-10-10,1
marque_generique_neobanques,Marques — néobanques,Revolut,REVOLUT,multi,2021-10-17,1
marque_generique_neobanques,Marques — néobanques,Revolut,REVOLUT,multi,2021-10-24,2
marque_generique_neobanques,Marques — néobanques,Revolut,REVOLUT,multi,2021-10-31,2
marque_generique_neobanques,Marques — néobanques,Revolut,REVOLUT,multi,2021-11-07,1
marque_generique_neobanques,Marques — néobanques,Revolut,REVOLUT,multi,2021-11-14,2
marque_generique_neobanques,Marques — néobanques,Revolut,REVOLUT,multi,2021-11-21,2
marque_generique_neobanques,Marques — néobanques,Revolut,REVOLUT,multi,2021-11-28,1
marque_generique_neobanques,Marques — néobanques,Revolut,REVOLUT,multi,2021-12-05,1
marque_generique_neobanques,Marques — néobanques,Revolut,REVOLUT,multi,2021-12-12,1
marque_generique_neobanques,Marques — néobanques,Revolut,REVOLUT,multi,2021-12-19,1
marque_generique_neobanques,Marques — néobanques,Revolut,REVOLUT,multi,2021-12-26,2
marque_generique_neobanques,Marques — néobanques,Revolut,REVOLUT,multi,2022-01-02,2
marque_generique_neobanques,Marques — néobanques,Revolut,REVOLUT,multi,2022-01-09,2
marque_generique_neobanques,Marques — néobanques,Revolut,REVOLUT,multi,2022-01-16,2
marque_generique_neobanques,Marques — néobanques,Revolut,REVOLUT,multi,2022-01-23,2
marque_generique_neobanques,Marques — néobanques,Revolut,REVOLUT,multi,2022-01-30,2
marque_generique_neobanques,Marques — néobanques,Revolut,REVOLUT,multi,2022-02-06,2
marque_generique_neobanques,Marques — néobanques,Revolut,REVOLUT,multi,2022-02-13,2
marque_generique_neobanques,Marques — néobanques,Revolut,REVOLUT,multi,2022-02-20,2
marque_generique_neobanques,Marques — néobanques,Revolut,REVOLUT,multi,2022-02-27,2
marque_generique_neobanques,Marques — néobanques,Revolut,REVOLUT,multi,2022-03-06,2
marque_generique_neobanques,Marques — néobanques,Revolut,REVOLUT,multi,2022-03-13,2
marque_generique_neobanques,Marques — néobanques,Revolut,REVOLUT,multi,2022-03-20,2
marque_generique_neobanques,Marques — néobanques,Revolut,REVOLUT,multi,2022-03-27,2
marque_generique_neobanques,Marques — néobanques,Revolut,REVOLUT,multi,2022-04-03,2
marque_generique_neobanques,Marques — néobanques,Revolut,REVOLUT,multi,2022-04-10,2
marque_generique_neobanques,Marques — néobanques,Revolut,REVOLUT,multi,2022-04-17,2
marque_generique_neobanques,Marques — néobanques,Revolut,REVOLUT,multi,2022-04-24,3
marque_generique_neobanques,Marques — néobanques,Revolut,REVOLUT,multi,2022-05-01,3
marque_generique_neobanques,Marques — néobanques,Revolut,REVOLUT,multi,2022-05-08,2
marque_generique_neobanques,Marques — néobanques,Revolut,REVOLUT,multi,2022-05-15,2
marque_generique_neobanques,Marques — néobanques,Revolut,REVOLUT,multi,2022-05-22,2
marque_generique_neobanques,Marques — néobanques,Revolut,REVOLUT,multi,2022-05-29,2
marque_generique_neobanques,Marques — néobanques,Revolut,REVOLUT,multi,2022-06-05,2
marque_generique_neobanques,Marques — néobanques,Revolut,REVOLUT,multi,2022-06-12,2
marque_generique_neobanques,Marques — néobanques,Revolut,REVOLUT,multi,2022-06-19,3
marque_generique_neobanques,Marques — néobanques,Revolut,REVOLUT,multi,2022-06-26,3
marque_generique_neobanques,Marques — néobanques,Revolut,REVOLUT,multi,2022-07-03,2
marque_generique_neobanques,Marques — néobanques,Revolut,REVOLUT,multi,2022-07-10,3
marque_generique_neobanques,Marques — néobanques,Revolut,REVOLUT,multi,2022-07-17,2
marque_generique_neobanques,Marques — néobanques,Revolut,REVOLUT,multi,2022-07-24,2
marque_generique_neobanques,Marques — néobanques,Revolut,REVOLUT,multi,2022-07-31,2
marque_generique_neobanques,Marques — néobanques,Revolut,REVOLUT,multi,2022-08-07,2
marque_generique_neobanques,Marques — néobanques,Revolut,REVOLUT,multi,2022-08-14,3
marque_generique_neobanques,Marques — néobanques,Revolut,REVOLUT,multi,2022-08-21,2
marque_generique_neobanques,Marques — néobanques,Revolut,REVOLUT,multi,2022-08-28,2
marque_generique_neobanques,Marques — néobanques,Revolut,REVOLUT,multi,2022-09-04,2
marque_generique_neobanques,Marques — néobanques,Revolut,REVOLUT,multi,2022-09-11,2
marque_generique_neobanques,Marques — néobanques,Revolut,REVOLUT,multi,2022-09-18,2
marque_generique_neobanques,Marques — néobanques,Revolut,REVOLUT,multi,2022-09-25,3
marque_generique_neobanques,Marques — néobanques,Revolut,REVOLUT,multi,2022-10-02,3
marque_generique_neobanques,Marques — néobanques,Revolut,REVOLUT,multi,2022-10-09,2
marque_generique_neobanques,Marques — néobanques,Revolut,REVOLUT,multi,2022-10-16,2
marque_generique_neobanques,Marques — néobanques,Revolut,REVOLUT,multi,2022-10-23,3
marque_generique_neobanques,Marques — néobanques,Revolut,REVOLUT,multi,2022-10-30,3
marque_generique_neobanques,Marques — néobanques,Revolut,REVOLUT,multi,2022-11-06,2
marque_generique_neobanques,Marques — néobanques,Revolut,REVOLUT,multi,2022-11-13,2
marque_generique_neobanques,Marques — néobanques,Revolut,REVOLUT,multi,2022-11-20,2
marque_generique_neobanques,Marques — néobanques,Revolut,REVOLUT,multi,2022-11-27,2
marque_generique_neobanques,Marques — néobanques,Revolut,REVOLUT,multi,2022-12-04,2
marque_generique_neobanques,Marques — néobanques,Revolut,REVOLUT,multi,2022-12-11,2
marque_generique_neobanques,Marques — néobanques,Revolut,REVOLUT,multi,2022-12-18,2
marque_generique_neobanques,Marques — néobanques,Revolut,REVOLUT,multi,2022-12-25,2
marque_generique_neobanques,Marques — néobanques,Revolut,REVOLUT,multi,2023-01-01,2
marque_generique_neobanques,Marques — néobanques,Revolut,REVOLUT,multi,2023-01-08,2
marque_generique_neobanques,Marques — néobanques,Revolut,REVOLUT,multi,2023-01-15,3
marque_generique_neobanques,Marques — néobanques,Revolut,REVOLUT,multi,2023-01-22,3
marque_generique_neobanques,Marques — néobanques,Revolut,REVOLUT,multi,2023-01-29,3
marque_generique_neobanques,Marques — néobanques,Revolut,REVOLUT,multi,2023-02-05,3
marque_generique_neobanques,Marques — néobanques,Revolut,REVOLUT,multi,2023-02-12,2
marque_generique_neobanques,Marques — néobanques,Revolut,REVOLUT,multi,2023-02-19,3
marque_generique_neobanques,Marques — néobanques,Revolut,REVOLUT,multi,2023-02-26,3
marque_generique_neobanques,Marques — néobanques,Revolut,REVOLUT,multi,2023-03-05,3
marque_generique_neobanques,Marques — néobanques,Revolut,REVOLUT,multi,2023-03-12,3
marque_generique_neobanques,Marques — néobanques,Revolut,REVOLUT,multi,2023-03-19,3
marque_generique_neobanques,Marques — néobanques,Revolut,REVOLUT,multi,2023-03-26,3
marque_generique_neobanques,Marques — néobanques,Revolut,REVOLUT,multi,2023-04-02,3
marque_generique_neobanques,Marques — néobanques,Revolut,REVOLUT,multi,2023-04-09,3
marque_generique_neobanques,Marques — néobanques,Revolut,REVOLUT,multi,2023-04-16,3
marque_generique_neobanques,Marques — néobanques,Revolut,REVOLUT,multi,2023-04-23,3
marque_generique_neobanques,Marques — néobanques,Revolut,REVOLUT,multi,2023-04-30,3
marque_generique_neobanques,Marques — néobanques,Revolut,REVOLUT,multi,2023-05-07,3
marque_generique_neobanques,Marques — néobanques,Revolut,REVOLUT,multi,2023-05-14,3
marque_generique_neobanques,Marques — néobanques,Revolut,REVOLUT,multi,2023-05-21,3
marque_generique_neobanques,Marques — néobanques,Revolut,REVOLUT,multi,2023-05-28,3
marque_generique_neobanques,Marques — néobanques,Revolut,REVOLUT,multi,2023-06-04,3
marque_generique_neobanques,Marques — néobanques,Revolut,REVOLUT,multi,2023-06-11,3
marque_generique_neobanques,Marques — néobanques,Revolut,REVOLUT,multi,2023-06-18,3
marque_generique_neobanques,Marques — néobanques,Revolut,REVOLUT,multi,2023-06-25,3
marque_generique_neobanques,Marques — néobanques,Revolut,REVOLUT,multi,2023-07-02,4
marque_generique_neobanques,Marques — néobanques,Revolut,REVOLUT,multi,2023-07-09,4
marque_generique_neobanques,Marques — néobanques,Revolut,REVOLUT,multi,2023-07-16,3
marque_generique_neobanques,Marques — néobanques,Revolut,REVOLUT,multi,2023-07-23,4
marque_generique_neobanques,Marques — néobanques,Revolut,REVOLUT,multi,2023-07-30,4
marque_generique_neobanques,Marques — néobanques,Revolut,REVOLUT,multi,2023-08-06,4
marque_generique_neobanques,Marques — néobanques,Revolut,REVOLUT,multi,2023-08-13,4
marque_generique_neobanques,Marques — néobanques,Revolut,REVOLUT,multi,2023-08-20,3
marque_generique_neobanques,Marques — néobanques,Revolut,REVOLUT,multi,2023-08-27,4
marque_generique_neobanques,Marques — néobanques,Revolut,REVOLUT,multi,2023-09-03,4
marque_generique_neobanques,Marques — néobanques,Revolut,REVOLUT,multi,2023-09-10,4
marque_generique_neobanques,Marques — néobanques,Revolut,REVOLUT,multi,2023-09-17,4
marque_generique_neobanques,Marques — néobanques,Revolut,REVOLUT,multi,2023-09-24,4
marque_generique_neobanques,Marques — néobanques,Revolut,REVOLUT,multi,2023-10-01,4
marque_generique_neobanques,Marques — néobanques,Revolut,REVOLUT,multi,2023-10-08,4
marque_generique_neobanques,Marques — néobanques,Revolut,REVOLUT,multi,2023-10-15,4
marque_generique_neobanques,Marques — néobanques,Revolut,REVOLUT,multi,2023-10-22,4
marque_generique_neobanques,Marques — néobanques,Revolut,REVOLUT,multi,2023-10-29,3
marque_generique_neobanques,Marques — néobanques,Revolut,REVOLUT,multi,2023-11-05,3
marque_generique_neobanques,Marques — néobanques,Revolut,REVOLUT,multi,2023-11-12,4
marque_generique_neobanques,Marques — néobanques,Revolut,REVOLUT,multi,2023-11-19,4
marque_generique_neobanques,Marques — néobanques,Revolut,REVOLUT,multi,2023-11-26,4
marque_generique_neobanques,Marques — néobanques,Revolut,REVOLUT,multi,2023-12-03,4
marque_generique_neobanques,Marques — néobanques,Revolut,REVOLUT,multi,2023-12-10,4
marque_generique_neobanques,Marques — néobanques,Revolut,REVOLUT,multi,2023-12-17,4
marque_generique_neobanques,Marques — néobanques,Revolut,REVOLUT,multi,2023-12-24,4
marque_generique_neobanques,Marques — néobanques,Revolut,REVOLUT,multi,2023-12-31,4
marque_generique_neobanques,Marques — néobanques,Revolut,REVOLUT,multi,2024-01-07,4
marque_generique_neobanques,Marques — néobanques,Revolut,REVOLUT,multi,2024-01-14,4
marque_generique_neobanques,Marques — néobanques,Revolut,REVOLUT,multi,2024-01-21,4
marque_generique_neobanques,Marques — néobanques,Revolut,REVOLUT,multi,2024-01-28,4
marque_generique_neobanques,Marques — néobanques,Revolut,REVOLUT,multi,2024-02-04,4
marque_generique_neobanques,Marques — néobanques,Revolut,REVOLUT,multi,2024-02-11,5
marque_generique_neobanques,Marques — néobanques,Revolut,REVOLUT,multi,2024-02-18,4
marque_generique_neobanques,Marques — néobanques,Revolut,REVOLUT,multi,2024-02-25,5
marque_generique_neobanques,Marques — néobanques,Revolut,REVOLUT,multi,2024-03-03,5
marque_generique_neobanques,Marques — néobanques,Revolut,REVOLUT,multi,2024-03-10,5
marque_generique_neobanques,Marques — néobanques,Revolut,REVOLUT,multi,2024-03-17,5
marque_generique_neobanques,Marques — néobanques,Revolut,REVOLUT,multi,2024-03-24,6
marque_generique_neobanques,Marques — néobanques,Revolut,REVOLUT,multi,2024-03-31,5
marque_generique_neobanques,Marques — néobanques,Revolut,REVOLUT,multi,2024-04-07,5
marque_generique_neobanques,Marques — néobanques,Revolut,REVOLUT,multi,2024-04-14,4
marque_generique_neobanques,Marques — néobanques,Revolut,REVOLUT,multi,2024-04-21,5
marque_generique_neobanques,Marques — néobanques,Revolut,REVOLUT,multi,2024-04-28,5
marque_generique_neobanques,Marques — néobanques,Revolut,REVOLUT,multi,2024-05-05,5
marque_generique_neobanques,Marques — néobanques,Revolut,REVOLUT,multi,2024-05-12,5
marque_generique_neobanques,Marques — néobanques,Revolut,REVOLUT,multi,2024-05-19,4
marque_generique_neobanques,Marques — néobanques,Revolut,REVOLUT,multi,2024-05-26,5
marque_generique_neobanques,Marques — néobanques,Revolut,REVOLUT,multi,2024-06-02,5
marque_generique_neobanques,Marques — néobanques,Revolut,REVOLUT,multi,2024-06-09,4
marque_generique_neobanques,Marques — néobanques,Revolut,REVOLUT,multi,2024-06-16,5
marque_generique_neobanques,Marques — néobanques,Revolut,REVOLUT,multi,2024-06-23,5
marque_generique_neobanques,Marques — néobanques,Revolut,REVOLUT,multi,2024-06-30,6
marque_generique_neobanques,Marques — néobanques,Revolut,REVOLUT,multi,2024-07-07,6
marque_generique_neobanques,Marques — néobanques,Revolut,REVOLUT,multi,2024-07-14,5
marque_generique_neobanques,Marques — néobanques,Revolut,REVOLUT,multi,2024-07-21,5
marque_generique_neobanques,Marques — néobanques,Revolut,REVOLUT,multi,2024-07-28,5
marque_generique_neobanques,Marques — néobanques,Revolut,REVOLUT,multi,2024-08-04,6
marque_generique_neobanques,Marques — néobanques,Revolut,REVOLUT,multi,2024-08-11,6
marque_generique_neobanques,Marques — néobanques,Revolut,REVOLUT,multi,2024-08-18,6
marque_generique_neobanques,Marques — néobanques,Revolut,REVOLUT,multi,2024-08-25,6
marque_generique_neobanques,Marques — néobanques,Revolut,REVOLUT,multi,2024-09-01,6
marque_generique_neobanques,Marques — néobanques,Revolut,REVOLUT,multi,2024-09-08,5
marque_generique_neobanques,Marques — néobanques,Revolut,REVOLUT,multi,2024-09-15,5
marque_generique_neobanques,Marques — néobanques,Revolut,REVOLUT,multi,2024-09-22,5
marque_generique_neobanques,Marques — néobanques,Revolut,REVOLUT,multi,2024-09-29,5
marque_generique_neobanques,Marques — néobanques,Revolut,REVOLUT,multi,2024-10-06,5
marque_generique_neobanques,Marques — néobanques,Revolut,REVOLUT,multi,2024-10-13,5
marque_generique_neobanques,Marques — néobanques,Revolut,REVOLUT,multi,2024-10-20,5
marque_generique_neobanques,Marques — néobanques,Revolut,REVOLUT,multi,2024-10-27,5
marque_generique_neobanques,Marques — néobanques,Revolut,REVOLUT,multi,2024-11-03,6
marque_generique_neobanques,Marques — néobanques,Revolut,REVOLUT,multi,2024-11-10,6
marque_generique_neobanques,Marques — néobanques,Revolut,REVOLUT,multi,2024-11-17,6
marque_generique_neobanques,Marques — néobanques,Revolut,REVOLUT,multi,2024-11-24,5
marque_generique_neobanques,Marques — néobanques,Revolut,REVOLUT,multi,2024-12-01,6
marque_generique_neobanques,Marques — néobanques,Revolut,REVOLUT,multi,2024-12-08,5
marque_generique_neobanques,Marques — néobanques,Revolut,REVOLUT,multi,2024-12-15,5
marque_generique_neobanques,Marques — néobanques,Revolut,REVOLUT,multi,2024-12-22,5
marque_generique_neobanques,Marques — néobanques,Revolut,REVOLUT,multi,2024-12-29,7
marque_generique_neobanques,Marques — néobanques,Revolut,REVOLUT,multi,2025-01-05,6
marque_generique_neobanques,Marques — néobanques,Revolut,REVOLUT,multi,2025-01-12,7
marque_generique_neobanques,Marques — néobanques,Revolut,REVOLUT,multi,2025-01-19,7
marque_generique_neobanques,Marques — néobanques,Revolut,REVOLUT,multi,2025-01-26,6
marque_generique_neobanques,Marques — néobanques,Revolut,REVOLUT,multi,2025-02-02,6
marque_generique_neobanques,Marques — néobanques,Revolut,REVOLUT,multi,2025-02-09,6
marque_generique_neobanques,Marques — néobanques,Revolut,REVOLUT,multi,2025-02-16,5
marque_generique_neobanques,Marques — néobanques,Revolut,REVOLUT,multi,2025-02-23,5
marque_generique_neobanques,Marques — néobanques,Revolut,REVOLUT,multi,2025-03-02,7
marque_generique_neobanques,Marques — néobanques,Revolut,REVOLUT,multi,2025-03-09,6
marque_generique_neobanques,Marques — néobanques,Revolut,REVOLUT,multi,2025-03-16,5
marque_generique_neobanques,Marques — néobanques,Revolut,REVOLUT,multi,2025-03-23,5
marque_generique_neobanques,Marques — néobanques,Revolut,REVOLUT,multi,2025-03-30,5
marque_generique_neobanques,Marques — néobanques,Revolut,REVOLUT,multi,2025-04-06,7
marque_generique_neobanques,Marques — néobanques,Revolut,REVOLUT,multi,2025-04-13,6
marque_generique_neobanques,Marques — néobanques,Revolut,REVOLUT,multi,2025-04-20,5
marque_generique_neobanques,Marques — néobanques,Revolut,REVOLUT,multi,2025-04-27,6
marque_generique_neobanques,Marques — néobanques,Revolut,REVOLUT,multi,2025-05-04,7
marque_generique_neobanques,Marques — néobanques,Revolut,REVOLUT,multi,2025-05-11,6
marque_generique_neobanques,Marques — néobanques,Revolut,REVOLUT,multi,2025-05-18,6
marque_generique_neobanques,Marques — néobanques,Revolut,REVOLUT,multi,2025-05-25,6
marque_generique_neobanques,Marques — néobanques,Revolut,REVOLUT,multi,2025-06-01,6
marque_generique_neobanques,Marques — néobanques,Revolut,REVOLUT,multi,2025-06-08,6
marque_generique_neobanques,Marques — néobanques,Revolut,REVOLUT,multi,2025-06-15,6
marque_generique_neobanques,Marques — néobanques,Revolut,REVOLUT,multi,2025-06-22,6
marque_generique_neobanques,Marques — néobanques,Revolut,REVOLUT,multi,2025-06-29,7
marque_generique_neobanques,Marques — néobanques,Revolut,REVOLUT,multi,2025-07-06,7
marque_generique_neobanques,Marques — néobanques,Revolut,REVOLUT,multi,2025-07-13,7
marque_generique_neobanques,Marques — néobanques,Revolut,REVOLUT,multi,2025-07-20,6
marque_generique_neobanques,Marques — néobanques,Revolut,REVOLUT,multi,2025-07-27,8
marque_generique_neobanques,Marques — néobanques,Revolut,REVOLUT,multi,2025-08-03,8
marque_generique_neobanques,Marques — néobanques,Revolut,REVOLUT,multi,2025-08-10,7
marque_generique_neobanques,Marques — néobanques,Revolut,REVOLUT,multi,2025-08-17,12
marque_generique_neobanques,Marques — néobanques,Revolut,REVOLUT,multi,2025-08-24,9
marque_generique_neobanques,Marques — néobanques,Revolut,REVOLUT,multi,2025-08-31,8
marque_generique_neobanques,Marques — néobanques,Revolut,REVOLUT,multi,2025-09-07,8
marque_generique_neobanques,Marques — néobanques,Revolut,REVOLUT,multi,2025-09-14,7
marque_generique_neobanques,Marques — néobanques,Revolut,REVOLUT,multi,2025-09-21,7
marque_generique_neobanques,Marques — néobanques,Revolut,REVOLUT,multi,2025-09-28,8
marque_generique_neobanques,Marques — néobanques,Revolut,REVOLUT,multi,2025-10-05,8
marque_generique_neobanques,Marques — néobanques,Revolut,REVOLUT,multi,2025-10-12,7
marque_generique_neobanques,Marques — néobanques,Revolut,REVOLUT,multi,2025-10-19,7
marque_generique_neobanques,Marques — néobanques,Revolut,REVOLUT,multi,2025-10-26,7
marque_generique_neobanques,Marques — néobanques,Revolut,REVOLUT,multi,2025-11-02,9
marque_generique_neobanques,Marques — néobanques,Revolut,REVOLUT,multi,2025-11-09,8
marque_generique_neobanques,Marques — néobanques,Revolut,REVOLUT,multi,2025-11-16,7
marque_generique_neobanques,Marques — néobanques,Revolut,REVOLUT,multi,2025-11-23,9
marque_generique_neobanques,Marques — néobanques,Revolut,REVOLUT,multi,2025-11-30,9
marque_generique_neobanques,Marques — néobanques,Revolut,REVOLUT,multi,2025-12-07,8
marque_generique_neobanques,Marques — néobanques,Revolut,REVOLUT,multi,2025-12-14,9
marque_generique_neobanques,Marques — néobanques,Revolut,REVOLUT,multi,2025-12-21,8
marque_generique_neobanques,Marques — néobanques,Revolut,REVOLUT,multi,2025-12-28,9
marque_generique_neobanques,Marques — néobanques,Revolut,REVOLUT,multi,2026-01-04,8
marque_generique_neobanques,Marques — néobanques,Revolut,REVOLUT,multi,2026-01-11,9
marque_generique_neobanques,Marques — néobanques,Revolut,REVOLUT,multi,2026-01-18,9
marque_generique_neobanques,Marques — néobanques,Revolut,REVOLUT,multi,2026-01-25,8
marque_generique_neobanques,Marques — néobanques,Revolut,REVOLUT,multi,2026-02-01,8
marque_generique_neobanques,Marques — néobanques,Revolut,REVOLUT,multi,2026-02-08,8
marque_generique_neobanques,Marques — néobanques,Revolut,REVOLUT,multi,2026-02-15,7
marque_generique_neobanques,Marques — néobanques,Revolut,REVOLUT,multi,2026-02-22,8
marque_generique_neobanques,Marques — néobanques,Revolut,REVOLUT,multi,2026-03-01,8
marque_generique_neobanques,Marques — néobanques,Revolut,REVOLUT,multi,2026-03-08,8
marque_generique_neobanques,Marques — néobanques,Revolut,REVOLUT,multi,2026-03-15,10
marque_generique_neobanques,Marques — néobanques,Revolut,REVOLUT,multi,2026-03-22,9
marque_generique_neobanques,Marques — néobanques,Revolut,REVOLUT,multi,2026-03-29,8
marque_generique_neobanques,Marques — néobanques,Revolut,REVOLUT,multi,2026-04-05,9
marque_generique_neobanques,Marques — néobanques,Revolut,REVOLUT,multi,2026-04-12,9
marque_generique_neobanques,Marques — néobanques,Revolut,REVOLUT,multi,2026-04-19,9
marque_generique_neobanques,Marques — néobanques,Revolut,REVOLUT,multi,2026-04-26,8
marque_generique_neobanques,Marques — néobanques,Revolut,REVOLUT,multi,2026-05-03,9
marque_generique_neobanques,Marques — néobanques,Revolut,REVOLUT,multi,2026-05-10,9
marque_generique_neobanques,Marques — néobanques,Revolut,REVOLUT,multi,2026-05-17,9
marque_generique_neobanques,Marques — néobanques,Revolut,REVOLUT,multi,2026-05-24,8
marque_generique_neobanques,Marques — néobanques,Revolut,REVOLUT,multi,2026-05-31,9
marque_generique_neobanques,Marques — néobanques,Revolut,REVOLUT,multi,2026-06-07,10
marque_generique_neobanques,Marques — néobanques,Revolut,REVOLUT,multi,2026-06-14,8
marque_generique_neobanques,Marques — néobanques,Revolut,REVOLUT,multi,2026-06-21,8
marque_generique_neobanques,Marques — néobanques,Revolut,REVOLUT,multi,2026-06-28,8
marque_generique_neobanques,Marques — néobanques,Revolut,REVOLUT,multi,2026-07-05,9
marque_generique_neobanques,Marques — néobanques,Revolut,REVOLUT,multi,2026-07-12,8
marque_generique_neobanques,Marques — néobanques,Revolut,REVOLUT,multi,2026-07-19,8
marque_generique_neobanques,Marques — néobanques,Revolut,REVOLUT,multi,2026-07-26,8
marque_generique_neobanques,Marques — néobanques,Revolut,REVOLUT,multi,2026-08-02,9
marque_generique_neobanques,Marques — néobanques,Revolut,REVOLUT,multi,2026-08-09,9
marque_generique_neobanques,Marques — néobanques,Revolut,REVOLUT,multi,2026-08-16,10
marque_generique_neobanques,Marques — néobanques,Revolut,REVOLUT,multi,2026-08-23,8
marque_generique_neobanques,Marques — néobanques,Revolut,REVOLUT,multi,2026-08-30,9
marque_generique_neobanques,Marques — néobanques,Revolut,REVOLUT,multi,2026-09-06,9
marque_generique_neobanques,Marques — néobanques,Revolut,REVOLUT,multi,2026-09-13,19
marque_generique_traditionnelles,Marques — banques traditionnelles,/m/03lmky,ARGENTA,multi,2021-09-12,27
marque_generique_traditionnelles,Marques — banques traditionnelles,/m/03lmky,ARGENTA,multi,2021-09-19,27
marque_generique_traditionnelles,Marques — banques traditionnelles,/m/03lmky,ARGENTA,multi,2021-09-26,29
marque_generique_traditionnelles,Marques — banques traditionnelles,/m/03lmky,ARGENTA,multi,2021-10-03,27
marque_generique_traditionnelles,Marques — banques traditionnelles,/m/03lmky,ARGENTA,multi,2021-10-10,26
marque_generique_traditionnelles,Marques — banques traditionnelles,/m/03lmky,ARGENTA,multi,2021-10-17,26
marque_generique_traditionnelles,Marques — banques traditionnelles,/m/03lmky,ARGENTA,multi,2021-10-24,26
marque_generique_traditionnelles,Marques — banques traditionnelles,/m/03lmky,ARGENTA,multi,2021-10-31,26
marque_generique_traditionnelles,Marques — banques traditionnelles,/m/03lmky,ARGENTA,multi,2021-11-07,25
marque_generique_traditionnelles,Marques — banques traditionnelles,/m/03lmky,ARGENTA,multi,2021-11-14,27
marque_generique_traditionnelles,Marques — banques traditionnelles,/m/03lmky,ARGENTA,multi,2021-11-21,27
marque_generique_traditionnelles,Marques — banques traditionnelles,/m/03lmky,ARGENTA,multi,2021-11-28,26
marque_generique_traditionnelles,Marques — banques traditionnelles,/m/03lmky,ARGENTA,multi,2021-12-05,27
marque_generique_traditionnelles,Marques — banques traditionnelles,/m/03lmky,ARGENTA,multi,2021-12-12,27
marque_generique_traditionnelles,Marques — banques traditionnelles,/m/03lmky,ARGENTA,multi,2021-12-19,27
marque_generique_traditionnelles,Marques — banques traditionnelles,/m/03lmky,ARGENTA,multi,2021-12-26,30
marque_generique_traditionnelles,Marques — banques traditionnelles,/m/03lmky,ARGENTA,multi,2022-01-02,32
marque_generique_traditionnelles,Marques — banques traditionnelles,/m/03lmky,ARGENTA,multi,2022-01-09,30
marque_generique_traditionnelles,Marques — banques traditionnelles,/m/03lmky,ARGENTA,multi,2022-01-16,26
marque_generique_traditionnelles,Marques — banques traditionnelles,/m/03lmky,ARGENTA,multi,2022-01-23,26
marque_generique_traditionnelles,Marques — banques traditionnelles,/m/03lmky,ARGENTA,multi,2022-01-30,37
marque_generique_traditionnelles,Marques — banques traditionnelles,/m/03lmky,ARGENTA,multi,2022-02-06,27
marque_generique_traditionnelles,Marques — banques traditionnelles,/m/03lmky,ARGENTA,multi,2022-02-13,28
marque_generique_traditionnelles,Marques — banques traditionnelles,/m/03lmky,ARGENTA,multi,2022-02-20,29
marque_generique_traditionnelles,Marques — banques traditionnelles,/m/03lmky,ARGENTA,multi,2022-02-27,26
marque_generique_traditionnelles,Marques — banques traditionnelles,/m/03lmky,ARGENTA,multi,2022-03-06,26
marque_generique_traditionnelles,Marques — banques traditionnelles,/m/03lmky,ARGENTA,multi,2022-03-13,27
marque_generique_traditionnelles,Marques — banques traditionnelles,/m/03lmky,ARGENTA,multi,2022-03-20,25
marque_generique_traditionnelles,Marques — banques traditionnelles,/m/03lmky,ARGENTA,multi,2022-03-27,27
marque_generique_traditionnelles,Marques — banques traditionnelles,/m/03lmky,ARGENTA,multi,2022-04-03,29
marque_generique_traditionnelles,Marques — banques traditionnelles,/m/03lmky,ARGENTA,multi,2022-04-10,24
marque_generique_traditionnelles,Marques — banques traditionnelles,/m/03lmky,ARGENTA,multi,2022-04-17,25
marque_generique_traditionnelles,Marques — banques traditionnelles,/m/03lmky,ARGENTA,multi,2022-04-24,26
marque_generique_traditionnelles,Marques — banques traditionnelles,/m/03lmky,ARGENTA,multi,2022-05-01,28
marque_generique_traditionnelles,Marques — banques traditionnelles,/m/03lmky,ARGENTA,multi,2022-05-08,27
marque_generique_traditionnelles,Marques — banques traditionnelles,/m/03lmky,ARGENTA,multi,2022-05-15,27
marque_generique_traditionnelles,Marques — banques traditionnelles,/m/03lmky,ARGENTA,multi,2022-05-22,24
marque_generique_traditionnelles,Marques — banques traditionnelles,/m/03lmky,ARGENTA,multi,2022-05-29,29
marque_generique_traditionnelles,Marques — banques traditionnelles,/m/03lmky,ARGENTA,multi,2022-06-05,25
marque_generique_traditionnelles,Marques — banques traditionnelles,/m/03lmky,ARGENTA,multi,2022-06-12,27
marque_generique_traditionnelles,Marques — banques traditionnelles,/m/03lmky,ARGENTA,multi,2022-06-19,29
marque_generique_traditionnelles,Marques — banques traditionnelles,/m/03lmky,ARGENTA,multi,2022-06-26,31
marque_generique_traditionnelles,Marques — banques traditionnelles,/m/03lmky,ARGENTA,multi,2022-07-03,31
marque_generique_traditionnelles,Marques — banques traditionnelles,/m/03lmky,ARGENTA,multi,2022-07-10,29
marque_generique_traditionnelles,Marques — banques traditionnelles,/m/03lmky,ARGENTA,multi,2022-07-17,25
marque_generique_traditionnelles,Marques — banques traditionnelles,/m/03lmky,ARGENTA,multi,2022-07-24,27
marque_generique_traditionnelles,Marques — banques traditionnelles,/m/03lmky,ARGENTA,multi,2022-07-31,26
marque_generique_traditionnelles,Marques — banques traditionnelles,/m/03lmky,ARGENTA,multi,2022-08-07,26
marque_generique_traditionnelles,Marques — banques traditionnelles,/m/03lmky,ARGENTA,multi,2022-08-14,26
marque_generique_traditionnelles,Marques — banques traditionnelles,/m/03lmky,ARGENTA,multi,2022-08-21,29
marque_generique_traditionnelles,Marques — banques traditionnelles,/m/03lmky,ARGENTA,multi,2022-08-28,29
marque_generique_traditionnelles,Marques — banques traditionnelles,/m/03lmky,ARGENTA,multi,2022-09-04,27
marque_generique_traditionnelles,Marques — banques traditionnelles,/m/03lmky,ARGENTA,multi,2022-09-11,28
marque_generique_traditionnelles,Marques — banques traditionnelles,/m/03lmky,ARGENTA,multi,2022-09-18,26
marque_generique_traditionnelles,Marques — banques traditionnelles,/m/03lmky,ARGENTA,multi,2022-09-25,28
marque_generique_traditionnelles,Marques — banques traditionnelles,/m/03lmky,ARGENTA,multi,2022-10-02,24
marque_generique_traditionnelles,Marques — banques traditionnelles,/m/03lmky,ARGENTA,multi,2022-10-09,25
marque_generique_traditionnelles,Marques — banques traditionnelles,/m/03lmky,ARGENTA,multi,2022-10-16,26
marque_generique_traditionnelles,Marques — banques traditionnelles,/m/03lmky,ARGENTA,multi,2022-10-23,28
marque_generique_traditionnelles,Marques — banques traditionnelles,/m/03lmky,ARGENTA,multi,2022-10-30,27
marque_generique_traditionnelles,Marques — banques traditionnelles,/m/03lmky,ARGENTA,multi,2022-11-06,24
marque_generique_traditionnelles,Marques — banques traditionnelles,/m/03lmky,ARGENTA,multi,2022-11-13,28
marque_generique_traditionnelles,Marques — banques traditionnelles,/m/03lmky,ARGENTA,multi,2022-11-20,26
marque_generique_traditionnelles,Marques — banques traditionnelles,/m/03lmky,ARGENTA,multi,2022-11-27,27
marque_generique_traditionnelles,Marques — banques traditionnelles,/m/03lmky,ARGENTA,multi,2022-12-04,28
marque_generique_traditionnelles,Marques — banques traditionnelles,/m/03lmky,ARGENTA,multi,2022-12-11,27
marque_generique_traditionnelles,Marques — banques traditionnelles,/m/03lmky,ARGENTA,multi,2022-12-18,29
marque_generique_traditionnelles,Marques — banques traditionnelles,/m/03lmky,ARGENTA,multi,2022-12-25,31
marque_generique_traditionnelles,Marques — banques traditionnelles,/m/03lmky,ARGENTA,multi,2023-01-01,34
marque_generique_traditionnelles,Marques — banques traditionnelles,/m/03lmky,ARGENTA,multi,2023-01-08,29
marque_generique_traditionnelles,Marques — banques traditionnelles,/m/03lmky,ARGENTA,multi,2023-01-15,28
marque_generique_traditionnelles,Marques — banques traditionnelles,/m/03lmky,ARGENTA,multi,2023-01-22,28
marque_generique_traditionnelles,Marques — banques traditionnelles,/m/03lmky,ARGENTA,multi,2023-01-29,31
marque_generique_traditionnelles,Marques — banques traditionnelles,/m/03lmky,ARGENTA,multi,2023-02-05,28
marque_generique_traditionnelles,Marques — banques traditionnelles,/m/03lmky,ARGENTA,multi,2023-02-12,26
marque_generique_traditionnelles,Marques — banques traditionnelles,/m/03lmky,ARGENTA,multi,2023-02-19,27
marque_generique_traditionnelles,Marques — banques traditionnelles,/m/03lmky,ARGENTA,multi,2023-02-26,28
marque_generique_traditionnelles,Marques — banques traditionnelles,/m/03lmky,ARGENTA,multi,2023-03-05,26
marque_generique_traditionnelles,Marques — banques traditionnelles,/m/03lmky,ARGENTA,multi,2023-03-12,27
marque_generique_traditionnelles,Marques — banques traditionnelles,/m/03lmky,ARGENTA,multi,2023-03-19,28
marque_generique_traditionnelles,Marques — banques traditionnelles,/m/03lmky,ARGENTA,multi,2023-03-26,28
marque_generique_traditionnelles,Marques — banques traditionnelles,/m/03lmky,ARGENTA,multi,2023-04-02,28
marque_generique_traditionnelles,Marques — banques traditionnelles,/m/03lmky,ARGENTA,multi,2023-04-09,27
marque_generique_traditionnelles,Marques — banques traditionnelles,/m/03lmky,ARGENTA,multi,2023-04-16,26
marque_generique_traditionnelles,Marques — banques traditionnelles,/m/03lmky,ARGENTA,multi,2023-04-23,26
marque_generique_traditionnelles,Marques — banques traditionnelles,/m/03lmky,ARGENTA,multi,2023-04-30,26
marque_generique_traditionnelles,Marques — banques traditionnelles,/m/03lmky,ARGENTA,multi,2023-05-07,26
marque_generique_traditionnelles,Marques — banques traditionnelles,/m/03lmky,ARGENTA,multi,2023-05-14,23
marque_generique_traditionnelles,Marques — banques traditionnelles,/m/03lmky,ARGENTA,multi,2023-05-21,30
marque_generique_traditionnelles,Marques — banques traditionnelles,/m/03lmky,ARGENTA,multi,2023-05-28,25
marque_generique_traditionnelles,Marques — banques traditionnelles,/m/03lmky,ARGENTA,multi,2023-06-04,26
marque_generique_traditionnelles,Marques — banques traditionnelles,/m/03lmky,ARGENTA,multi,2023-06-11,27
marque_generique_traditionnelles,Marques — banques traditionnelles,/m/03lmky,ARGENTA,multi,2023-06-18,26
marque_generique_traditionnelles,Marques — banques traditionnelles,/m/03lmky,ARGENTA,multi,2023-06-25,29
marque_generique_traditionnelles,Marques — banques traditionnelles,/m/03lmky,ARGENTA,multi,2023-07-02,31
marque_generique_traditionnelles,Marques — banques traditionnelles,/m/03lmky,ARGENTA,multi,2023-07-09,30
marque_generique_traditionnelles,Marques — banques traditionnelles,/m/03lmky,ARGENTA,multi,2023-07-16,25
marque_generique_traditionnelles,Marques — banques traditionnelles,/m/03lmky,ARGENTA,multi,2023-07-23,28
marque_generique_traditionnelles,Marques — banques traditionnelles,/m/03lmky,ARGENTA,multi,2023-07-30,29
marque_generique_traditionnelles,Marques — banques traditionnelles,/m/03lmky,ARGENTA,multi,2023-08-06,30
marque_generique_traditionnelles,Marques — banques traditionnelles,/m/03lmky,ARGENTA,multi,2023-08-13,26
marque_generique_traditionnelles,Marques — banques traditionnelles,/m/03lmky,ARGENTA,multi,2023-08-20,62
marque_generique_traditionnelles,Marques — banques traditionnelles,/m/03lmky,ARGENTA,multi,2023-08-27,52
marque_generique_traditionnelles,Marques — banques traditionnelles,/m/03lmky,ARGENTA,multi,2023-09-03,30
marque_generique_traditionnelles,Marques — banques traditionnelles,/m/03lmky,ARGENTA,multi,2023-09-10,26
marque_generique_traditionnelles,Marques — banques traditionnelles,/m/03lmky,ARGENTA,multi,2023-09-17,26
marque_generique_traditionnelles,Marques — banques traditionnelles,/m/03lmky,ARGENTA,multi,2023-09-24,28
marque_generique_traditionnelles,Marques — banques traditionnelles,/m/03lmky,ARGENTA,multi,2023-10-01,28
marque_generique_traditionnelles,Marques — banques traditionnelles,/m/03lmky,ARGENTA,multi,2023-10-08,27
marque_generique_traditionnelles,Marques — banques traditionnelles,/m/03lmky,ARGENTA,multi,2023-10-15,25
marque_generique_traditionnelles,Marques — banques traditionnelles,/m/03lmky,ARGENTA,multi,2023-10-22,27
marque_generique_traditionnelles,Marques — banques traditionnelles,/m/03lmky,ARGENTA,multi,2023-10-29,25
marque_generique_traditionnelles,Marques — banques traditionnelles,/m/03lmky,ARGENTA,multi,2023-11-05,28
marque_generique_traditionnelles,Marques — banques traditionnelles,/m/03lmky,ARGENTA,multi,2023-11-12,27
marque_generique_traditionnelles,Marques — banques traditionnelles,/m/03lmky,ARGENTA,multi,2023-11-19,25
marque_generique_traditionnelles,Marques — banques traditionnelles,/m/03lmky,ARGENTA,multi,2023-11-26,28
marque_generique_traditionnelles,Marques — banques traditionnelles,/m/03lmky,ARGENTA,multi,2023-12-03,28
marque_generique_traditionnelles,Marques — banques traditionnelles,/m/03lmky,ARGENTA,multi,2023-12-10,29
marque_generique_traditionnelles,Marques — banques traditionnelles,/m/03lmky,ARGENTA,multi,2023-12-17,31
marque_generique_traditionnelles,Marques — banques traditionnelles,/m/03lmky,ARGENTA,multi,2023-12-24,31
marque_generique_traditionnelles,Marques — banques traditionnelles,/m/03lmky,ARGENTA,multi,2023-12-31,32
marque_generique_traditionnelles,Marques — banques traditionnelles,/m/03lmky,ARGENTA,multi,2024-01-07,30
marque_generique_traditionnelles,Marques — banques traditionnelles,/m/03lmky,ARGENTA,multi,2024-01-14,29
marque_generique_traditionnelles,Marques — banques traditionnelles,/m/03lmky,ARGENTA,multi,2024-01-21,30
marque_generique_traditionnelles,Marques — banques traditionnelles,/m/03lmky,ARGENTA,multi,2024-01-28,30
marque_generique_traditionnelles,Marques — banques traditionnelles,/m/03lmky,ARGENTA,multi,2024-02-04,30
marque_generique_traditionnelles,Marques — banques traditionnelles,/m/03lmky,ARGENTA,multi,2024-02-11,29
marque_generique_traditionnelles,Marques — banques traditionnelles,/m/03lmky,ARGENTA,multi,2024-02-18,30
marque_generique_traditionnelles,Marques — banques traditionnelles,/m/03lmky,ARGENTA,multi,2024-02-25,31
marque_generique_traditionnelles,Marques — banques traditionnelles,/m/03lmky,ARGENTA,multi,2024-03-03,29
marque_generique_traditionnelles,Marques — banques traditionnelles,/m/03lmky,ARGENTA,multi,2024-03-10,27
marque_generique_traditionnelles,Marques — banques traditionnelles,/m/03lmky,ARGENTA,multi,2024-03-17,27
marque_generique_traditionnelles,Marques — banques traditionnelles,/m/03lmky,ARGENTA,multi,2024-03-24,30
marque_generique_traditionnelles,Marques — banques traditionnelles,/m/03lmky,ARGENTA,multi,2024-03-31,29
marque_generique_traditionnelles,Marques — banques traditionnelles,/m/03lmky,ARGENTA,multi,2024-04-07,27
marque_generique_traditionnelles,Marques — banques traditionnelles,/m/03lmky,ARGENTA,multi,2024-04-14,27
marque_generique_traditionnelles,Marques — banques traditionnelles,/m/03lmky,ARGENTA,multi,2024-04-21,25
marque_generique_traditionnelles,Marques — banques traditionnelles,/m/03lmky,ARGENTA,multi,2024-04-28,27
marque_generique_traditionnelles,Marques — banques traditionnelles,/m/03lmky,ARGENTA,multi,2024-05-05,25
marque_generique_traditionnelles,Marques — banques traditionnelles,/m/03lmky,ARGENTA,multi,2024-05-12,30
marque_generique_traditionnelles,Marques — banques traditionnelles,/m/03lmky,ARGENTA,multi,2024-05-19,27
marque_generique_traditionnelles,Marques — banques traditionnelles,/m/03lmky,ARGENTA,multi,2024-05-26,28
marque_generique_traditionnelles,Marques — banques traditionnelles,/m/03lmky,ARGENTA,multi,2024-06-02,26
marque_generique_traditionnelles,Marques — banques traditionnelles,/m/03lmky,ARGENTA,multi,2024-06-09,25
marque_generique_traditionnelles,Marques — banques traditionnelles,/m/03lmky,ARGENTA,multi,2024-06-16,24
marque_generique_traditionnelles,Marques — banques traditionnelles,/m/03lmky,ARGENTA,multi,2024-06-23,26
marque_generique_traditionnelles,Marques — banques traditionnelles,/m/03lmky,ARGENTA,multi,2024-06-30,28
marque_generique_traditionnelles,Marques — banques traditionnelles,/m/03lmky,ARGENTA,multi,2024-07-07,29
marque_generique_traditionnelles,Marques — banques traditionnelles,/m/03lmky,ARGENTA,multi,2024-07-14,27
marque_generique_traditionnelles,Marques — banques traditionnelles,/m/03lmky,ARGENTA,multi,2024-07-21,27
marque_generique_traditionnelles,Marques — banques traditionnelles,/m/03lmky,ARGENTA,multi,2024-07-28,28
marque_generique_traditionnelles,Marques — banques traditionnelles,/m/03lmky,ARGENTA,multi,2024-08-04,30
marque_generique_traditionnelles,Marques — banques traditionnelles,/m/03lmky,ARGENTA,multi,2024-08-11,27
marque_generique_traditionnelles,Marques — banques traditionnelles,/m/03lmky,ARGENTA,multi,2024-08-18,30
marque_generique_traditionnelles,Marques — banques traditionnelles,/m/03lmky,ARGENTA,multi,2024-08-25,35
marque_generique_traditionnelles,Marques — banques traditionnelles,/m/03lmky,ARGENTA,multi,2024-09-01,45
marque_generique_traditionnelles,Marques — banques traditionnelles,/m/03lmky,ARGENTA,multi,2024-09-08,35
marque_generique_traditionnelles,Marques — banques traditionnelles,/m/03lmky,ARGENTA,multi,2024-09-15,27
marque_generique_traditionnelles,Marques — banques traditionnelles,/m/03lmky,ARGENTA,multi,2024-09-22,27
marque_generique_traditionnelles,Marques — banques traditionnelles,/m/03lmky,ARGENTA,multi,2024-09-29,27
marque_generique_traditionnelles,Marques — banques traditionnelles,/m/03lmky,ARGENTA,multi,2024-10-06,25
marque_generique_traditionnelles,Marques — banques traditionnelles,/m/03lmky,ARGENTA,multi,2024-10-13,26
marque_generique_traditionnelles,Marques — banques traditionnelles,/m/03lmky,ARGENTA,multi,2024-10-20,25
marque_generique_traditionnelles,Marques — banques traditionnelles,/m/03lmky,ARGENTA,multi,2024-10-27,24
marque_generique_traditionnelles,Marques — banques traditionnelles,/m/03lmky,ARGENTA,multi,2024-11-03,26
marque_generique_traditionnelles,Marques — banques traditionnelles,/m/03lmky,ARGENTA,multi,2024-11-10,24
marque_generique_traditionnelles,Marques — banques traditionnelles,/m/03lmky,ARGENTA,multi,2024-11-17,24
marque_generique_traditionnelles,Marques — banques traditionnelles,/m/03lmky,ARGENTA,multi,2024-11-24,25
marque_generique_traditionnelles,Marques — banques traditionnelles,/m/03lmky,ARGENTA,multi,2024-12-01,27
marque_generique_traditionnelles,Marques — banques traditionnelles,/m/03lmky,ARGENTA,multi,2024-12-08,29
marque_generique_traditionnelles,Marques — banques traditionnelles,/m/03lmky,ARGENTA,multi,2024-12-15,30
marque_generique_traditionnelles,Marques — banques traditionnelles,/m/03lmky,ARGENTA,multi,2024-12-22,26
marque_generique_traditionnelles,Marques — banques traditionnelles,/m/03lmky,ARGENTA,multi,2024-12-29,33
marque_generique_traditionnelles,Marques — banques traditionnelles,/m/03lmky,ARGENTA,multi,2025-01-05,30
marque_generique_traditionnelles,Marques — banques traditionnelles,/m/03lmky,ARGENTA,multi,2025-01-12,27
marque_generique_traditionnelles,Marques — banques traditionnelles,/m/03lmky,ARGENTA,multi,2025-01-19,28
marque_generique_traditionnelles,Marques — banques traditionnelles,/m/03lmky,ARGENTA,multi,2025-01-26,28
marque_generique_traditionnelles,Marques — banques traditionnelles,/m/03lmky,ARGENTA,multi,2025-02-02,29
marque_generique_traditionnelles,Marques — banques traditionnelles,/m/03lmky,ARGENTA,multi,2025-02-09,26
marque_generique_traditionnelles,Marques — banques traditionnelles,/m/03lmky,ARGENTA,multi,2025-02-16,26
marque_generique_traditionnelles,Marques — banques traditionnelles,/m/03lmky,ARGENTA,multi,2025-02-23,28
marque_generique_traditionnelles,Marques — banques traditionnelles,/m/03lmky,ARGENTA,multi,2025-03-02,30
marque_generique_traditionnelles,Marques — banques traditionnelles,/m/03lmky,ARGENTA,multi,2025-03-09,28
marque_generique_traditionnelles,Marques — banques traditionnelles,/m/03lmky,ARGENTA,multi,2025-03-16,26
marque_generique_traditionnelles,Marques — banques traditionnelles,/m/03lmky,ARGENTA,multi,2025-03-23,28
marque_generique_traditionnelles,Marques — banques traditionnelles,/m/03lmky,ARGENTA,multi,2025-03-30,29
marque_generique_traditionnelles,Marques — banques traditionnelles,/m/03lmky,ARGENTA,multi,2025-04-06,29
marque_generique_traditionnelles,Marques — banques traditionnelles,/m/03lmky,ARGENTA,multi,2025-04-13,26
marque_generique_traditionnelles,Marques — banques traditionnelles,/m/03lmky,ARGENTA,multi,2025-04-20,26
marque_generique_traditionnelles,Marques — banques traditionnelles,/m/03lmky,ARGENTA,multi,2025-04-27,25
marque_generique_traditionnelles,Marques — banques traditionnelles,/m/03lmky,ARGENTA,multi,2025-05-04,26
marque_generique_traditionnelles,Marques — banques traditionnelles,/m/03lmky,ARGENTA,multi,2025-05-11,26
marque_generique_traditionnelles,Marques — banques traditionnelles,/m/03lmky,ARGENTA,multi,2025-05-18,26
marque_generique_traditionnelles,Marques — banques traditionnelles,/m/03lmky,ARGENTA,multi,2025-05-25,23
marque_generique_traditionnelles,Marques — banques traditionnelles,/m/03lmky,ARGENTA,multi,2025-06-01,28
marque_generique_traditionnelles,Marques — banques traditionnelles,/m/03lmky,ARGENTA,multi,2025-06-08,23
marque_generique_traditionnelles,Marques — banques traditionnelles,/m/03lmky,ARGENTA,multi,2025-06-15,25
marque_generique_traditionnelles,Marques — banques traditionnelles,/m/03lmky,ARGENTA,multi,2025-06-22,28
marque_generique_traditionnelles,Marques — banques traditionnelles,/m/03lmky,ARGENTA,multi,2025-06-29,28
marque_generique_traditionnelles,Marques — banques traditionnelles,/m/03lmky,ARGENTA,multi,2025-07-06,28
marque_generique_traditionnelles,Marques — banques traditionnelles,/m/03lmky,ARGENTA,multi,2025-07-13,28
marque_generique_traditionnelles,Marques — banques traditionnelles,/m/03lmky,ARGENTA,multi,2025-07-20,25
marque_generique_traditionnelles,Marques — banques traditionnelles,/m/03lmky,ARGENTA,multi,2025-07-27,25
marque_generique_traditionnelles,Marques — banques traditionnelles,/m/03lmky,ARGENTA,multi,2025-08-03,25
marque_generique_traditionnelles,Marques — banques traditionnelles,/m/03lmky,ARGENTA,multi,2025-08-10,24
marque_generique_traditionnelles,Marques — banques traditionnelles,/m/03lmky,ARGENTA,multi,2025-08-17,27
marque_generique_traditionnelles,Marques — banques traditionnelles,/m/03lmky,ARGENTA,multi,2025-08-24,27
marque_generique_traditionnelles,Marques — banques traditionnelles,/m/03lmky,ARGENTA,multi,2025-08-31,27
marque_generique_traditionnelles,Marques — banques traditionnelles,/m/03lmky,ARGENTA,multi,2025-09-07,28
marque_generique_traditionnelles,Marques — banques traditionnelles,/m/03lmky,ARGENTA,multi,2025-09-14,25
marque_generique_traditionnelles,Marques — banques traditionnelles,/m/03lmky,ARGENTA,multi,2025-09-21,25
marque_generique_traditionnelles,Marques — banques traditionnelles,/m/03lmky,ARGENTA,multi,2025-09-28,29
marque_generique_traditionnelles,Marques — banques traditionnelles,/m/03lmky,ARGENTA,multi,2025-10-05,29
marque_generique_traditionnelles,Marques — banques traditionnelles,/m/03lmky,ARGENTA,multi,2025-10-12,28
marque_generique_traditionnelles,Marques — banques traditionnelles,/m/03lmky,ARGENTA,multi,2025-10-19,27
marque_generique_traditionnelles,Marques — banques traditionnelles,/m/03lmky,ARGENTA,multi,2025-10-26,27
marque_generique_traditionnelles,Marques — banques traditionnelles,/m/03lmky,ARGENTA,multi,2025-11-02,25
marque_generique_traditionnelles,Marques — banques traditionnelles,/m/03lmky,ARGENTA,multi,2025-11-09,23
marque_generique_traditionnelles,Marques — banques traditionnelles,/m/03lmky,ARGENTA,multi,2025-11-16,23
marque_generique_traditionnelles,Marques — banques traditionnelles,/m/03lmky,ARGENTA,multi,2025-11-23,24
marque_generique_traditionnelles,Marques — banques traditionnelles,/m/03lmky,ARGENTA,multi,2025-11-30,27
marque_generique_traditionnelles,Marques — banques traditionnelles,/m/03lmky,ARGENTA,multi,2025-12-07,26
marque_generique_traditionnelles,Marques — banques traditionnelles,/m/03lmky,ARGENTA,multi,2025-12-14,27
marque_generique_traditionnelles,Marques — banques traditionnelles,/m/03lmky,ARGENTA,multi,2025-12-21,24
marque_generique_traditionnelles,Marques — banques traditionnelles,/m/03lmky,ARGENTA,multi,2025-12-28,30
marque_generique_traditionnelles,Marques — banques traditionnelles,/m/03lmky,ARGENTA,multi,2026-01-04,28
marque_generique_traditionnelles,Marques — banques traditionnelles,/m/03lmky,ARGENTA,multi,2026-01-11,28
marque_generique_traditionnelles,Marques — banques traditionnelles,/m/03lmky,ARGENTA,multi,2026-01-18,27
marque_generique_traditionnelles,Marques — banques traditionnelles,/m/03lmky,ARGENTA,multi,2026-01-25,28
marque_generique_traditionnelles,Marques — banques traditionnelles,/m/03lmky,ARGENTA,multi,2026-02-01,29
marque_generique_traditionnelles,Marques — banques traditionnelles,/m/03lmky,ARGENTA,multi,2026-02-08,26
marque_generique_traditionnelles,Marques — banques traditionnelles,/m/03lmky,ARGENTA,multi,2026-02-15,24
marque_generique_traditionnelles,Marques — banques traditionnelles,/m/03lmky,ARGENTA,multi,2026-02-22,26
marque_generique_traditionnelles,Marques — banques traditionnelles,/m/03lmky,ARGENTA,multi,2026-03-01,28
marque_generique_traditionnelles,Marques — banques traditionnelles,/m/03lmky,ARGENTA,multi,2026-03-08,28
marque_generique_traditionnelles,Marques — banques traditionnelles,/m/03lmky,ARGENTA,multi,2026-03-15,24
marque_generique_traditionnelles,Marques — banques traditionnelles,/m/03lmky,ARGENTA,multi,2026-03-22,27
marque_generique_traditionnelles,Marques — banques traditionnelles,/m/03lmky,ARGENTA,multi,2026-03-29,27
marque_generique_traditionnelles,Marques — banques traditionnelles,/m/03lmky,ARGENTA,multi,2026-04-05,24
marque_generique_traditionnelles,Marques — banques traditionnelles,/m/03lmky,ARGENTA,multi,2026-04-12,25
marque_generique_traditionnelles,Marques — banques traditionnelles,/m/03lmky,ARGENTA,multi,2026-04-19,23
marque_generique_traditionnelles,Marques — banques traditionnelles,/m/03lmky,ARGENTA,multi,2026-04-26,23
marque_generique_traditionnelles,Marques — banques traditionnelles,/m/03lmky,ARGENTA,multi,2026-05-03,25
marque_generique_traditionnelles,Marques — banques traditionnelles,/m/03lmky,ARGENTA,multi,2026-05-10,22
marque_generique_traditionnelles,Marques — banques traditionnelles,/m/03lmky,ARGENTA,multi,2026-05-17,24
marque_generique_traditionnelles,Marques — banques traditionnelles,/m/03lmky,ARGENTA,multi,2026-05-24,22
marque_generique_traditionnelles,Marques — banques traditionnelles,/m/03lmky,ARGENTA,multi,2026-05-31,29
marque_generique_traditionnelles,Marques — banques traditionnelles,/m/03lmky,ARGENTA,multi,2026-06-07,28
marque_generique_traditionnelles,Marques — banques traditionnelles,/m/03lmky,ARGENTA,multi,2026-06-14,24
marque_generique_traditionnelles,Marques — banques traditionnelles,/m/03lmky,ARGENTA,multi,2026-06-21,26
marque_generique_traditionnelles,Marques — banques traditionnelles,/m/03lmky,ARGENTA,multi,2026-06-28,25
marque_generique_traditionnelles,Marques — banques traditionnelles,/m/03lmky,ARGENTA,multi,2026-07-05,25
marque_generique_traditionnelles,Marques — banques traditionnelles,/m/03lmky,ARGENTA,multi,2026-07-12,23
marque_generique_traditionnelles,Marques — banques traditionnelles,/m/03lmky,ARGENTA,multi,2026-07-19,20
marque_generique_traditionnelles,Marques — banques traditionnelles,/m/03lmky,ARGENTA,multi,2026-07-26,22
marque_generique_traditionnelles,Marques — banques traditionnelles,/m/03lmky,ARGENTA,multi,2026-08-02,23
marque_generique_traditionnelles,Marques — banques traditionnelles,/m/03lmky,ARGENTA,multi,2026-08-09,20
marque_generique_traditionnelles,Marques — banques traditionnelles,/m/03lmky,ARGENTA,multi,2026-08-16,21
marque_generique_traditionnelles,Marques — banques traditionnelles,/m/03lmky,ARGENTA,multi,2026-08-23,24
marque_generique_traditionnelles,Marques — banques traditionnelles,/m/03lmky,ARGENTA,multi,2026-08-30,25
marque_generique_traditionnelles,Marques — banques traditionnelles,/m/03lmky,ARGENTA,multi,2026-09-06,23
marque_generique_traditionnelles,Marques — banques traditionnelles,/m/03lmky,ARGENTA,multi,2026-09-13,18
marque_generique_traditionnelles,Marques — banques traditionnelles,/m/07sc3dj,BNPPF,multi,2021-09-12,53
marque_generique_traditionnelles,Marques — banques traditionnelles,/m/07sc3dj,BNPPF,multi,2021-09-19,51
marque_generique_traditionnelles,Marques — banques traditionnelles,/m/07sc3dj,BNPPF,multi,2021-09-26,51
marque_generique_traditionnelles,Marques — banques traditionnelles,/m/07sc3dj,BNPPF,multi,2021-10-03,53
marque_generique_traditionnelles,Marques — banques traditionnelles,/m/07sc3dj,BNPPF,multi,2021-10-10,51
marque_generique_traditionnelles,Marques — banques traditionnelles,/m/07sc3dj,BNPPF,multi,2021-10-17,46
marque_generique_traditionnelles,Marques — banques traditionnelles,/m/07sc3dj,BNPPF,multi,2021-10-24,50
marque_generique_traditionnelles,Marques — banques traditionnelles,/m/07sc3dj,BNPPF,multi,2021-10-31,51
marque_generique_traditionnelles,Marques — banques traditionnelles,/m/07sc3dj,BNPPF,multi,2021-11-07,49
marque_generique_traditionnelles,Marques — banques traditionnelles,/m/07sc3dj,BNPPF,multi,2021-11-14,45
marque_generique_traditionnelles,Marques — banques traditionnelles,/m/07sc3dj,BNPPF,multi,2021-11-21,47
marque_generique_traditionnelles,Marques — banques traditionnelles,/m/07sc3dj,BNPPF,multi,2021-11-28,50
marque_generique_traditionnelles,Marques — banques traditionnelles,/m/07sc3dj,BNPPF,multi,2021-12-05,60
marque_generique_traditionnelles,Marques — banques traditionnelles,/m/07sc3dj,BNPPF,multi,2021-12-12,72
marque_generique_traditionnelles,Marques — banques traditionnelles,/m/07sc3dj,BNPPF,multi,2021-12-19,57
marque_generique_traditionnelles,Marques — banques traditionnelles,/m/07sc3dj,BNPPF,multi,2021-12-26,66
marque_generique_traditionnelles,Marques — banques traditionnelles,/m/07sc3dj,BNPPF,multi,2022-01-02,70
marque_generique_traditionnelles,Marques — banques traditionnelles,/m/07sc3dj,BNPPF,multi,2022-01-09,67
marque_generique_traditionnelles,Marques — banques traditionnelles,/m/07sc3dj,BNPPF,multi,2022-01-16,61
marque_generique_traditionnelles,Marques — banques traditionnelles,/m/07sc3dj,BNPPF,multi,2022-01-23,58
marque_generique_traditionnelles,Marques — banques traditionnelles,/m/07sc3dj,BNPPF,multi,2022-01-30,69
marque_generique_traditionnelles,Marques — banques traditionnelles,/m/07sc3dj,BNPPF,multi,2022-02-06,58
marque_generique_traditionnelles,Marques — banques traditionnelles,/m/07sc3dj,BNPPF,multi,2022-02-13,52
marque_generique_traditionnelles,Marques — banques traditionnelles,/m/07sc3dj,BNPPF,multi,2022-02-20,54
marque_generique_traditionnelles,Marques — banques traditionnelles,/m/07sc3dj,BNPPF,multi,2022-02-27,63
marque_generique_traditionnelles,Marques — banques traditionnelles,/m/07sc3dj,BNPPF,multi,2022-03-06,62
marque_generique_traditionnelles,Marques — banques traditionnelles,/m/07sc3dj,BNPPF,multi,2022-03-13,58
marque_generique_traditionnelles,Marques — banques traditionnelles,/m/07sc3dj,BNPPF,multi,2022-03-20,61
marque_generique_traditionnelles,Marques — banques traditionnelles,/m/07sc3dj,BNPPF,multi,2022-03-27,63
marque_generique_traditionnelles,Marques — banques traditionnelles,/m/07sc3dj,BNPPF,multi,2022-04-03,64
marque_generique_traditionnelles,Marques — banques traditionnelles,/m/07sc3dj,BNPPF,multi,2022-04-10,53
marque_generique_traditionnelles,Marques — banques traditionnelles,/m/07sc3dj,BNPPF,multi,2022-04-17,54
marque_generique_traditionnelles,Marques — banques traditionnelles,/m/07sc3dj,BNPPF,multi,2022-04-24,73
marque_generique_traditionnelles,Marques — banques traditionnelles,/m/07sc3dj,BNPPF,multi,2022-05-01,62
marque_generique_traditionnelles,Marques — banques traditionnelles,/m/07sc3dj,BNPPF,multi,2022-05-08,58
marque_generique_traditionnelles,Marques — banques traditionnelles,/m/07sc3dj,BNPPF,multi,2022-05-15,53
marque_generique_traditionnelles,Marques — banques traditionnelles,/m/07sc3dj,BNPPF,multi,2022-05-22,53
marque_generique_traditionnelles,Marques — banques traditionnelles,/m/07sc3dj,BNPPF,multi,2022-05-29,60
marque_generique_traditionnelles,Marques — banques traditionnelles,/m/07sc3dj,BNPPF,multi,2022-06-05,60
marque_generique_traditionnelles,Marques — banques traditionnelles,/m/07sc3dj,BNPPF,multi,2022-06-12,61
marque_generique_traditionnelles,Marques — banques traditionnelles,/m/07sc3dj,BNPPF,multi,2022-06-19,62
marque_generique_traditionnelles,Marques — banques traditionnelles,/m/07sc3dj,BNPPF,multi,2022-06-26,68
marque_generique_traditionnelles,Marques — banques traditionnelles,/m/07sc3dj,BNPPF,multi,2022-07-03,69
marque_generique_traditionnelles,Marques — banques traditionnelles,/m/07sc3dj,BNPPF,multi,2022-07-10,61
marque_generique_traditionnelles,Marques — banques traditionnelles,/m/07sc3dj,BNPPF,multi,2022-07-17,53
marque_generique_traditionnelles,Marques — banques traditionnelles,/m/07sc3dj,BNPPF,multi,2022-07-24,58
marque_generique_traditionnelles,Marques — banques traditionnelles,/m/07sc3dj,BNPPF,multi,2022-07-31,69
marque_generique_traditionnelles,Marques — banques traditionnelles,/m/07sc3dj,BNPPF,multi,2022-08-07,66
marque_generique_traditionnelles,Marques — banques traditionnelles,/m/07sc3dj,BNPPF,multi,2022-08-14,58
marque_generique_traditionnelles,Marques — banques traditionnelles,/m/07sc3dj,BNPPF,multi,2022-08-21,62
marque_generique_traditionnelles,Marques — banques traditionnelles,/m/07sc3dj,BNPPF,multi,2022-08-28,64
marque_generique_traditionnelles,Marques — banques traditionnelles,/m/07sc3dj,BNPPF,multi,2022-09-04,63
marque_generique_traditionnelles,Marques — banques traditionnelles,/m/07sc3dj,BNPPF,multi,2022-09-11,62
marque_generique_traditionnelles,Marques — banques traditionnelles,/m/07sc3dj,BNPPF,multi,2022-09-18,65
marque_generique_traditionnelles,Marques — banques traditionnelles,/m/07sc3dj,BNPPF,multi,2022-09-25,63
marque_generique_traditionnelles,Marques — banques traditionnelles,/m/07sc3dj,BNPPF,multi,2022-10-02,55
marque_generique_traditionnelles,Marques — banques traditionnelles,/m/07sc3dj,BNPPF,multi,2022-10-09,47
marque_generique_traditionnelles,Marques — banques traditionnelles,/m/07sc3dj,BNPPF,multi,2022-10-16,48
marque_generique_traditionnelles,Marques — banques traditionnelles,/m/07sc3dj,BNPPF,multi,2022-10-23,54
marque_generique_traditionnelles,Marques — banques traditionnelles,/m/07sc3dj,BNPPF,multi,2022-10-30,48
marque_generique_traditionnelles,Marques — banques traditionnelles,/m/07sc3dj,BNPPF,multi,2022-11-06,46
marque_generique_traditionnelles,Marques — banques traditionnelles,/m/07sc3dj,BNPPF,multi,2022-11-13,53
marque_generique_traditionnelles,Marques — banques traditionnelles,/m/07sc3dj,BNPPF,multi,2022-11-20,44
marque_generique_traditionnelles,Marques — banques traditionnelles,/m/07sc3dj,BNPPF,multi,2022-11-27,46
marque_generique_traditionnelles,Marques — banques traditionnelles,/m/07sc3dj,BNPPF,multi,2022-12-04,51
marque_generique_traditionnelles,Marques — banques traditionnelles,/m/07sc3dj,BNPPF,multi,2022-12-11,51
marque_generique_traditionnelles,Marques — banques traditionnelles,/m/07sc3dj,BNPPF,multi,2022-12-18,55
marque_generique_traditionnelles,Marques — banques traditionnelles,/m/07sc3dj,BNPPF,multi,2022-12-25,47
marque_generique_traditionnelles,Marques — banques traditionnelles,/m/07sc3dj,BNPPF,multi,2023-01-01,54
marque_generique_traditionnelles,Marques — banques traditionnelles,/m/07sc3dj,BNPPF,multi,2023-01-08,49
marque_generique_traditionnelles,Marques — banques traditionnelles,/m/07sc3dj,BNPPF,multi,2023-01-15,53
marque_generique_traditionnelles,Marques — banques traditionnelles,/m/07sc3dj,BNPPF,multi,2023-01-22,48
marque_generique_traditionnelles,Marques — banques traditionnelles,/m/07sc3dj,BNPPF,multi,2023-01-29,55
marque_generique_traditionnelles,Marques — banques traditionnelles,/m/07sc3dj,BNPPF,multi,2023-02-05,53
marque_generique_traditionnelles,Marques — banques traditionnelles,/m/07sc3dj,BNPPF,multi,2023-02-12,46
marque_generique_traditionnelles,Marques — banques traditionnelles,/m/07sc3dj,BNPPF,multi,2023-02-19,44
marque_generique_traditionnelles,Marques — banques traditionnelles,/m/07sc3dj,BNPPF,multi,2023-02-26,49
marque_generique_traditionnelles,Marques — banques traditionnelles,/m/07sc3dj,BNPPF,multi,2023-03-05,43
marque_generique_traditionnelles,Marques — banques traditionnelles,/m/07sc3dj,BNPPF,multi,2023-03-12,40
marque_generique_traditionnelles,Marques — banques traditionnelles,/m/07sc3dj,BNPPF,multi,2023-03-19,44
marque_generique_traditionnelles,Marques — banques traditionnelles,/m/07sc3dj,BNPPF,multi,2023-03-26,41
marque_generique_traditionnelles,Marques — banques traditionnelles,/m/07sc3dj,BNPPF,multi,2023-04-02,44
marque_generique_traditionnelles,Marques — banques traditionnelles,/m/07sc3dj,BNPPF,multi,2023-04-09,39
marque_generique_traditionnelles,Marques — banques traditionnelles,/m/07sc3dj,BNPPF,multi,2023-04-16,41
marque_generique_traditionnelles,Marques — banques traditionnelles,/m/07sc3dj,BNPPF,multi,2023-04-23,45
marque_generique_traditionnelles,Marques — banques traditionnelles,/m/07sc3dj,BNPPF,multi,2023-04-30,44
marque_generique_traditionnelles,Marques — banques traditionnelles,/m/07sc3dj,BNPPF,multi,2023-05-07,40
marque_generique_traditionnelles,Marques — banques traditionnelles,/m/07sc3dj,BNPPF,multi,2023-05-14,39
marque_generique_traditionnelles,Marques — banques traditionnelles,/m/07sc3dj,BNPPF,multi,2023-05-21,44
marque_generique_traditionnelles,Marques — banques traditionnelles,/m/07sc3dj,BNPPF,multi,2023-05-28,40
marque_generique_traditionnelles,Marques — banques traditionnelles,/m/07sc3dj,BNPPF,multi,2023-06-04,37
marque_generique_traditionnelles,Marques — banques traditionnelles,/m/07sc3dj,BNPPF,multi,2023-06-11,40
marque_generique_traditionnelles,Marques — banques traditionnelles,/m/07sc3dj,BNPPF,multi,2023-06-18,37
marque_generique_traditionnelles,Marques — banques traditionnelles,/m/07sc3dj,BNPPF,multi,2023-06-25,42
marque_generique_traditionnelles,Marques — banques traditionnelles,/m/07sc3dj,BNPPF,multi,2023-07-02,46
marque_generique_traditionnelles,Marques — banques traditionnelles,/m/07sc3dj,BNPPF,multi,2023-07-09,49
marque_generique_traditionnelles,Marques — banques traditionnelles,/m/07sc3dj,BNPPF,multi,2023-07-16,39
marque_generique_traditionnelles,Marques — banques traditionnelles,/m/07sc3dj,BNPPF,multi,2023-07-23,43
marque_generique_traditionnelles,Marques — banques traditionnelles,/m/07sc3dj,BNPPF,multi,2023-07-30,41
marque_generique_traditionnelles,Marques — banques traditionnelles,/m/07sc3dj,BNPPF,multi,2023-08-06,40
marque_generique_traditionnelles,Marques — banques traditionnelles,/m/07sc3dj,BNPPF,multi,2023-08-13,37
marque_generique_traditionnelles,Marques — banques traditionnelles,/m/07sc3dj,BNPPF,multi,2023-08-20,49
marque_generique_traditionnelles,Marques — banques traditionnelles,/m/07sc3dj,BNPPF,multi,2023-08-27,56
marque_generique_traditionnelles,Marques — banques traditionnelles,/m/07sc3dj,BNPPF,multi,2023-09-03,42
marque_generique_traditionnelles,Marques — banques traditionnelles,/m/07sc3dj,BNPPF,multi,2023-09-10,39
marque_generique_traditionnelles,Marques — banques traditionnelles,/m/07sc3dj,BNPPF,multi,2023-09-17,38
marque_generique_traditionnelles,Marques — banques traditionnelles,/m/07sc3dj,BNPPF,multi,2023-09-24,43
marque_generique_traditionnelles,Marques — banques traditionnelles,/m/07sc3dj,BNPPF,multi,2023-10-01,45
marque_generique_traditionnelles,Marques — banques traditionnelles,/m/07sc3dj,BNPPF,multi,2023-10-08,43
marque_generique_traditionnelles,Marques — banques traditionnelles,/m/07sc3dj,BNPPF,multi,2023-10-15,43
marque_generique_traditionnelles,Marques — banques traditionnelles,/m/07sc3dj,BNPPF,multi,2023-10-22,43
marque_generique_traditionnelles,Marques — banques traditionnelles,/m/07sc3dj,BNPPF,multi,2023-10-29,43
marque_generique_traditionnelles,Marques — banques traditionnelles,/m/07sc3dj,BNPPF,multi,2023-11-05,41
marque_generique_traditionnelles,Marques — banques traditionnelles,/m/07sc3dj,BNPPF,multi,2023-11-12,38
marque_generique_traditionnelles,Marques — banques traditionnelles,/m/07sc3dj,BNPPF,multi,2023-11-19,39
marque_generique_traditionnelles,Marques — banques traditionnelles,/m/07sc3dj,BNPPF,multi,2023-11-26,42
marque_generique_traditionnelles,Marques — banques traditionnelles,/m/07sc3dj,BNPPF,multi,2023-12-03,40
marque_generique_traditionnelles,Marques — banques traditionnelles,/m/07sc3dj,BNPPF,multi,2023-12-10,42
marque_generique_traditionnelles,Marques — banques traditionnelles,/m/07sc3dj,BNPPF,multi,2023-12-17,42
marque_generique_traditionnelles,Marques — banques traditionnelles,/m/07sc3dj,BNPPF,multi,2023-12-24,40
marque_generique_traditionnelles,Marques — banques traditionnelles,/m/07sc3dj,BNPPF,multi,2023-12-31,44
marque_generique_traditionnelles,Marques — banques traditionnelles,/m/07sc3dj,BNPPF,multi,2024-01-07,41
marque_generique_traditionnelles,Marques — banques traditionnelles,/m/07sc3dj,BNPPF,multi,2024-01-14,46
marque_generique_traditionnelles,Marques — banques traditionnelles,/m/07sc3dj,BNPPF,multi,2024-01-21,81
marque_generique_traditionnelles,Marques — banques traditionnelles,/m/07sc3dj,BNPPF,multi,2024-01-28,51
marque_generique_traditionnelles,Marques — banques traditionnelles,/m/07sc3dj,BNPPF,multi,2024-02-04,49
marque_generique_traditionnelles,Marques — banques traditionnelles,/m/07sc3dj,BNPPF,multi,2024-02-11,47
marque_generique_traditionnelles,Marques — banques traditionnelles,/m/07sc3dj,BNPPF,multi,2024-02-18,48
marque_generique_traditionnelles,Marques — banques traditionnelles,/m/07sc3dj,BNPPF,multi,2024-02-25,56
marque_generique_traditionnelles,Marques — banques traditionnelles,/m/07sc3dj,BNPPF,multi,2024-03-03,49
marque_generique_traditionnelles,Marques — banques traditionnelles,/m/07sc3dj,BNPPF,multi,2024-03-10,44
marque_generique_traditionnelles,Marques — banques traditionnelles,/m/07sc3dj,BNPPF,multi,2024-03-17,46
marque_generique_traditionnelles,Marques — banques traditionnelles,/m/07sc3dj,BNPPF,multi,2024-03-24,46
marque_generique_traditionnelles,Marques — banques traditionnelles,/m/07sc3dj,BNPPF,multi,2024-03-31,47
marque_generique_traditionnelles,Marques — banques traditionnelles,/m/07sc3dj,BNPPF,multi,2024-04-07,46
marque_generique_traditionnelles,Marques — banques traditionnelles,/m/07sc3dj,BNPPF,multi,2024-04-14,43
marque_generique_traditionnelles,Marques — banques traditionnelles,/m/07sc3dj,BNPPF,multi,2024-04-21,45
marque_generique_traditionnelles,Marques — banques traditionnelles,/m/07sc3dj,BNPPF,multi,2024-04-28,42
marque_generique_traditionnelles,Marques — banques traditionnelles,/m/07sc3dj,BNPPF,multi,2024-05-05,39
marque_generique_traditionnelles,Marques — banques traditionnelles,/m/07sc3dj,BNPPF,multi,2024-05-12,47
marque_generique_traditionnelles,Marques — banques traditionnelles,/m/07sc3dj,BNPPF,multi,2024-05-19,41
marque_generique_traditionnelles,Marques — banques traditionnelles,/m/07sc3dj,BNPPF,multi,2024-05-26,42
marque_generique_traditionnelles,Marques — banques traditionnelles,/m/07sc3dj,BNPPF,multi,2024-06-02,40
marque_generique_traditionnelles,Marques — banques traditionnelles,/m/07sc3dj,BNPPF,multi,2024-06-09,38
marque_generique_traditionnelles,Marques — banques traditionnelles,/m/07sc3dj,BNPPF,multi,2024-06-16,38
marque_generique_traditionnelles,Marques — banques traditionnelles,/m/07sc3dj,BNPPF,multi,2024-06-23,44
marque_generique_traditionnelles,Marques — banques traditionnelles,/m/07sc3dj,BNPPF,multi,2024-06-30,46
marque_generique_traditionnelles,Marques — banques traditionnelles,/m/07sc3dj,BNPPF,multi,2024-07-07,43
marque_generique_traditionnelles,Marques — banques traditionnelles,/m/07sc3dj,BNPPF,multi,2024-07-14,45
marque_generique_traditionnelles,Marques — banques traditionnelles,/m/07sc3dj,BNPPF,multi,2024-07-21,50
marque_generique_traditionnelles,Marques — banques traditionnelles,/m/07sc3dj,BNPPF,multi,2024-07-28,43
marque_generique_traditionnelles,Marques — banques traditionnelles,/m/07sc3dj,BNPPF,multi,2024-08-04,45
marque_generique_traditionnelles,Marques — banques traditionnelles,/m/07sc3dj,BNPPF,multi,2024-08-11,39
marque_generique_traditionnelles,Marques — banques traditionnelles,/m/07sc3dj,BNPPF,multi,2024-08-18,45
marque_generique_traditionnelles,Marques — banques traditionnelles,/m/07sc3dj,BNPPF,multi,2024-08-25,46
marque_generique_traditionnelles,Marques — banques traditionnelles,/m/07sc3dj,BNPPF,multi,2024-09-01,55
marque_generique_traditionnelles,Marques — banques traditionnelles,/m/07sc3dj,BNPPF,multi,2024-09-08,47
marque_generique_traditionnelles,Marques — banques traditionnelles,/m/07sc3dj,BNPPF,multi,2024-09-15,44
marque_generique_traditionnelles,Marques — banques traditionnelles,/m/07sc3dj,BNPPF,multi,2024-09-22,45
marque_generique_traditionnelles,Marques — banques traditionnelles,/m/07sc3dj,BNPPF,multi,2024-09-29,43
marque_generique_traditionnelles,Marques — banques traditionnelles,/m/07sc3dj,BNPPF,multi,2024-10-06,47
marque_generique_traditionnelles,Marques — banques traditionnelles,/m/07sc3dj,BNPPF,multi,2024-10-13,41
marque_generique_traditionnelles,Marques — banques traditionnelles,/m/07sc3dj,BNPPF,multi,2024-10-20,42
marque_generique_traditionnelles,Marques — banques traditionnelles,/m/07sc3dj,BNPPF,multi,2024-10-27,41
marque_generique_traditionnelles,Marques — banques traditionnelles,/m/07sc3dj,BNPPF,multi,2024-11-03,45
marque_generique_traditionnelles,Marques — banques traditionnelles,/m/07sc3dj,BNPPF,multi,2024-11-10,41
marque_generique_traditionnelles,Marques — banques traditionnelles,/m/07sc3dj,BNPPF,multi,2024-11-17,44
marque_generique_traditionnelles,Marques — banques traditionnelles,/m/07sc3dj,BNPPF,multi,2024-11-24,44
marque_generique_traditionnelles,Marques — banques traditionnelles,/m/07sc3dj,BNPPF,multi,2024-12-01,40
marque_generique_traditionnelles,Marques — banques traditionnelles,/m/07sc3dj,BNPPF,multi,2024-12-08,40
marque_generique_traditionnelles,Marques — banques traditionnelles,/m/07sc3dj,BNPPF,multi,2024-12-15,44
marque_generique_traditionnelles,Marques — banques traditionnelles,/m/07sc3dj,BNPPF,multi,2024-12-22,41
marque_generique_traditionnelles,Marques — banques traditionnelles,/m/07sc3dj,BNPPF,multi,2024-12-29,44
marque_generique_traditionnelles,Marques — banques traditionnelles,/m/07sc3dj,BNPPF,multi,2025-01-05,43
marque_generique_traditionnelles,Marques — banques traditionnelles,/m/07sc3dj,BNPPF,multi,2025-01-12,47
marque_generique_traditionnelles,Marques — banques traditionnelles,/m/07sc3dj,BNPPF,multi,2025-01-19,44
marque_generique_traditionnelles,Marques — banques traditionnelles,/m/07sc3dj,BNPPF,multi,2025-01-26,43
marque_generique_traditionnelles,Marques — banques traditionnelles,/m/07sc3dj,BNPPF,multi,2025-02-02,46
marque_generique_traditionnelles,Marques — banques traditionnelles,/m/07sc3dj,BNPPF,multi,2025-02-09,47
marque_generique_traditionnelles,Marques — banques traditionnelles,/m/07sc3dj,BNPPF,multi,2025-02-16,43
marque_generique_traditionnelles,Marques — banques traditionnelles,/m/07sc3dj,BNPPF,multi,2025-02-23,46
marque_generique_traditionnelles,Marques — banques traditionnelles,/m/07sc3dj,BNPPF,multi,2025-03-02,45
marque_generique_traditionnelles,Marques — banques traditionnelles,/m/07sc3dj,BNPPF,multi,2025-03-09,43
marque_generique_traditionnelles,Marques — banques traditionnelles,/m/07sc3dj,BNPPF,multi,2025-03-16,37
marque_generique_traditionnelles,Marques — banques traditionnelles,/m/07sc3dj,BNPPF,multi,2025-03-23,40
marque_generique_traditionnelles,Marques — banques traditionnelles,/m/07sc3dj,BNPPF,multi,2025-03-30,44
marque_generique_traditionnelles,Marques — banques traditionnelles,/m/07sc3dj,BNPPF,multi,2025-04-06,43
marque_generique_traditionnelles,Marques — banques traditionnelles,/m/07sc3dj,BNPPF,multi,2025-04-13,39
marque_generique_traditionnelles,Marques — banques traditionnelles,/m/07sc3dj,BNPPF,multi,2025-04-20,39
marque_generique_traditionnelles,Marques — banques traditionnelles,/m/07sc3dj,BNPPF,multi,2025-04-27,38
marque_generique_traditionnelles,Marques — banques traditionnelles,/m/07sc3dj,BNPPF,multi,2025-05-04,42
marque_generique_traditionnelles,Marques — banques traditionnelles,/m/07sc3dj,BNPPF,multi,2025-05-11,40
marque_generique_traditionnelles,Marques — banques traditionnelles,/m/07sc3dj,BNPPF,multi,2025-05-18,42
marque_generique_traditionnelles,Marques — banques traditionnelles,/m/07sc3dj,BNPPF,multi,2025-05-25,38
marque_generique_traditionnelles,Marques — banques traditionnelles,/m/07sc3dj,BNPPF,multi,2025-06-01,46
marque_generique_traditionnelles,Marques — banques traditionnelles,/m/07sc3dj,BNPPF,multi,2025-06-08,42
marque_generique_traditionnelles,Marques — banques traditionnelles,/m/07sc3dj,BNPPF,multi,2025-06-15,40
marque_generique_traditionnelles,Marques — banques traditionnelles,/m/07sc3dj,BNPPF,multi,2025-06-22,46
marque_generique_traditionnelles,Marques — banques traditionnelles,/m/07sc3dj,BNPPF,multi,2025-06-29,45
marque_generique_traditionnelles,Marques — banques traditionnelles,/m/07sc3dj,BNPPF,multi,2025-07-06,44
marque_generique_traditionnelles,Marques — banques traditionnelles,/m/07sc3dj,BNPPF,multi,2025-07-13,40
marque_generique_traditionnelles,Marques — banques traditionnelles,/m/07sc3dj,BNPPF,multi,2025-07-20,40
marque_generique_traditionnelles,Marques — banques traditionnelles,/m/07sc3dj,BNPPF,multi,2025-07-27,43
marque_generique_traditionnelles,Marques — banques traditionnelles,/m/07sc3dj,BNPPF,multi,2025-08-03,42
marque_generique_traditionnelles,Marques — banques traditionnelles,/m/07sc3dj,BNPPF,multi,2025-08-10,38
marque_generique_traditionnelles,Marques — banques traditionnelles,/m/07sc3dj,BNPPF,multi,2025-08-17,41
marque_generique_traditionnelles,Marques — banques traditionnelles,/m/07sc3dj,BNPPF,multi,2025-08-24,43
marque_generique_traditionnelles,Marques — banques traditionnelles,/m/07sc3dj,BNPPF,multi,2025-08-31,48
marque_generique_traditionnelles,Marques — banques traditionnelles,/m/07sc3dj,BNPPF,multi,2025-09-07,44
marque_generique_traditionnelles,Marques — banques traditionnelles,/m/07sc3dj,BNPPF,multi,2025-09-14,40
marque_generique_traditionnelles,Marques — banques traditionnelles,/m/07sc3dj,BNPPF,multi,2025-09-21,42
marque_generique_traditionnelles,Marques — banques traditionnelles,/m/07sc3dj,BNPPF,multi,2025-09-28,43
marque_generique_traditionnelles,Marques — banques traditionnelles,/m/07sc3dj,BNPPF,multi,2025-10-05,41
marque_generique_traditionnelles,Marques — banques traditionnelles,/m/07sc3dj,BNPPF,multi,2025-10-12,40
marque_generique_traditionnelles,Marques — banques traditionnelles,/m/07sc3dj,BNPPF,multi,2025-10-19,40
marque_generique_traditionnelles,Marques — banques traditionnelles,/m/07sc3dj,BNPPF,multi,2025-10-26,40
marque_generique_traditionnelles,Marques — banques traditionnelles,/m/07sc3dj,BNPPF,multi,2025-11-02,43
marque_generique_traditionnelles,Marques — banques traditionnelles,/m/07sc3dj,BNPPF,multi,2025-11-09,35
marque_generique_traditionnelles,Marques — banques traditionnelles,/m/07sc3dj,BNPPF,multi,2025-11-16,38
marque_generique_traditionnelles,Marques — banques traditionnelles,/m/07sc3dj,BNPPF,multi,2025-11-23,38
marque_generique_traditionnelles,Marques — banques traditionnelles,/m/07sc3dj,BNPPF,multi,2025-11-30,43
marque_generique_traditionnelles,Marques — banques traditionnelles,/m/07sc3dj,BNPPF,multi,2025-12-07,43
marque_generique_traditionnelles,Marques — banques traditionnelles,/m/07sc3dj,BNPPF,multi,2025-12-14,44
marque_generique_traditionnelles,Marques — banques traditionnelles,/m/07sc3dj,BNPPF,multi,2025-12-21,35
marque_generique_traditionnelles,Marques — banques traditionnelles,/m/07sc3dj,BNPPF,multi,2025-12-28,39
marque_generique_traditionnelles,Marques — banques traditionnelles,/m/07sc3dj,BNPPF,multi,2026-01-04,47
marque_generique_traditionnelles,Marques — banques traditionnelles,/m/07sc3dj,BNPPF,multi,2026-01-11,39
marque_generique_traditionnelles,Marques — banques traditionnelles,/m/07sc3dj,BNPPF,multi,2026-01-18,40
marque_generique_traditionnelles,Marques — banques traditionnelles,/m/07sc3dj,BNPPF,multi,2026-01-25,39
marque_generique_traditionnelles,Marques — banques traditionnelles,/m/07sc3dj,BNPPF,multi,2026-02-01,47
marque_generique_traditionnelles,Marques — banques traditionnelles,/m/07sc3dj,BNPPF,multi,2026-02-08,37
marque_generique_traditionnelles,Marques — banques traditionnelles,/m/07sc3dj,BNPPF,multi,2026-02-15,34
marque_generique_traditionnelles,Marques — banques traditionnelles,/m/07sc3dj,BNPPF,multi,2026-02-22,42
marque_generique_traditionnelles,Marques — banques traditionnelles,/m/07sc3dj,BNPPF,multi,2026-03-01,41
marque_generique_traditionnelles,Marques — banques traditionnelles,/m/07sc3dj,BNPPF,multi,2026-03-08,37
marque_generique_traditionnelles,Marques — banques traditionnelles,/m/07sc3dj,BNPPF,multi,2026-03-15,34
marque_generique_traditionnelles,Marques — banques traditionnelles,/m/07sc3dj,BNPPF,multi,2026-03-22,36
marque_generique_traditionnelles,Marques — banques traditionnelles,/m/07sc3dj,BNPPF,multi,2026-03-29,39
marque_generique_traditionnelles,Marques — banques traditionnelles,/m/07sc3dj,BNPPF,multi,2026-04-05,31
marque_generique_traditionnelles,Marques — banques traditionnelles,/m/07sc3dj,BNPPF,multi,2026-04-12,32
marque_generique_traditionnelles,Marques — banques traditionnelles,/m/07sc3dj,BNPPF,multi,2026-04-19,33
marque_generique_traditionnelles,Marques — banques traditionnelles,/m/07sc3dj,BNPPF,multi,2026-04-26,31
marque_generique_traditionnelles,Marques — banques traditionnelles,/m/07sc3dj,BNPPF,multi,2026-05-03,42
marque_generique_traditionnelles,Marques — banques traditionnelles,/m/07sc3dj,BNPPF,multi,2026-05-10,31
marque_generique_traditionnelles,Marques — banques traditionnelles,/m/07sc3dj,BNPPF,multi,2026-05-17,35
marque_generique_traditionnelles,Marques — banques traditionnelles,/m/07sc3dj,BNPPF,multi,2026-05-24,34
marque_generique_traditionnelles,Marques — banques traditionnelles,/m/07sc3dj,BNPPF,multi,2026-05-31,36
marque_generique_traditionnelles,Marques — banques traditionnelles,/m/07sc3dj,BNPPF,multi,2026-06-07,32
marque_generique_traditionnelles,Marques — banques traditionnelles,/m/07sc3dj,BNPPF,multi,2026-06-14,31
marque_generique_traditionnelles,Marques — banques traditionnelles,/m/07sc3dj,BNPPF,multi,2026-06-21,34
marque_generique_traditionnelles,Marques — banques traditionnelles,/m/07sc3dj,BNPPF,multi,2026-06-28,34
marque_generique_traditionnelles,Marques — banques traditionnelles,/m/07sc3dj,BNPPF,multi,2026-07-05,33
marque_generique_traditionnelles,Marques — banques traditionnelles,/m/07sc3dj,BNPPF,multi,2026-07-12,33
marque_generique_traditionnelles,Marques — banques traditionnelles,/m/07sc3dj,BNPPF,multi,2026-07-19,30
marque_generique_traditionnelles,Marques — banques traditionnelles,/m/07sc3dj,BNPPF,multi,2026-07-26,30
marque_generique_traditionnelles,Marques — banques traditionnelles,/m/07sc3dj,BNPPF,multi,2026-08-02,30
marque_generique_traditionnelles,Marques — banques traditionnelles,/m/07sc3dj,BNPPF,multi,2026-08-09,27
marque_generique_traditionnelles,Marques — banques traditionnelles,/m/07sc3dj,BNPPF,multi,2026-08-16,30
marque_generique_traditionnelles,Marques — banques traditionnelles,/m/07sc3dj,BNPPF,multi,2026-08-23,31
marque_generique_traditionnelles,Marques — banques traditionnelles,/m/07sc3dj,BNPPF,multi,2026-08-30,36
marque_generique_traditionnelles,Marques — banques traditionnelles,/m/07sc3dj,BNPPF,multi,2026-09-06,30
marque_generique_traditionnelles,Marques — banques traditionnelles,/m/07sc3dj,BNPPF,multi,2026-09-13,27
marque_generique_traditionnelles,Marques — banques traditionnelles,Crelan,CRELAN,multi,2021-09-12,17
marque_generique_traditionnelles,Marques — banques traditionnelles,Crelan,CRELAN,multi,2021-09-19,17
marque_generique_traditionnelles,Marques — banques traditionnelles,Crelan,CRELAN,multi,2021-09-26,19
marque_generique_traditionnelles,Marques — banques traditionnelles,Crelan,CRELAN,multi,2021-10-03,17
marque_generique_traditionnelles,Marques — banques traditionnelles,Crelan,CRELAN,multi,2021-10-10,17
marque_generique_traditionnelles,Marques — banques traditionnelles,Crelan,CRELAN,multi,2021-10-17,16
marque_generique_traditionnelles,Marques — banques traditionnelles,Crelan,CRELAN,multi,2021-10-24,17
marque_generique_traditionnelles,Marques — banques traditionnelles,Crelan,CRELAN,multi,2021-10-31,16
marque_generique_traditionnelles,Marques — banques traditionnelles,Crelan,CRELAN,multi,2021-11-07,16
marque_generique_traditionnelles,Marques — banques traditionnelles,Crelan,CRELAN,multi,2021-11-14,16
marque_generique_traditionnelles,Marques — banques traditionnelles,Crelan,CRELAN,multi,2021-11-21,19
marque_generique_traditionnelles,Marques — banques traditionnelles,Crelan,CRELAN,multi,2021-11-28,18
marque_generique_traditionnelles,Marques — banques traditionnelles,Crelan,CRELAN,multi,2021-12-05,18
marque_generique_traditionnelles,Marques — banques traditionnelles,Crelan,CRELAN,multi,2021-12-12,20
marque_generique_traditionnelles,Marques — banques traditionnelles,Crelan,CRELAN,multi,2021-12-19,18
marque_generique_traditionnelles,Marques — banques traditionnelles,Crelan,CRELAN,multi,2021-12-26,18
marque_generique_traditionnelles,Marques — banques traditionnelles,Crelan,CRELAN,multi,2022-01-02,22
marque_generique_traditionnelles,Marques — banques traditionnelles,Crelan,CRELAN,multi,2022-01-09,19
marque_generique_traditionnelles,Marques — banques traditionnelles,Crelan,CRELAN,multi,2022-01-16,16
marque_generique_traditionnelles,Marques — banques traditionnelles,Crelan,CRELAN,multi,2022-01-23,17
marque_generique_traditionnelles,Marques — banques traditionnelles,Crelan,CRELAN,multi,2022-01-30,18
marque_generique_traditionnelles,Marques — banques traditionnelles,Crelan,CRELAN,multi,2022-02-06,18
marque_generique_traditionnelles,Marques — banques traditionnelles,Crelan,CRELAN,multi,2022-02-13,16
marque_generique_traditionnelles,Marques — banques traditionnelles,Crelan,CRELAN,multi,2022-02-20,16
marque_generique_traditionnelles,Marques — banques traditionnelles,Crelan,CRELAN,multi,2022-02-27,18
marque_generique_traditionnelles,Marques — banques traditionnelles,Crelan,CRELAN,multi,2022-03-06,16
marque_generique_traditionnelles,Marques — banques traditionnelles,Crelan,CRELAN,multi,2022-03-13,16
marque_generique_traditionnelles,Marques — banques traditionnelles,Crelan,CRELAN,multi,2022-03-20,16
marque_generique_traditionnelles,Marques — banques traditionnelles,Crelan,CRELAN,multi,2022-03-27,17
marque_generique_traditionnelles,Marques — banques traditionnelles,Crelan,CRELAN,multi,2022-04-03,17
marque_generique_traditionnelles,Marques — banques traditionnelles,Crelan,CRELAN,multi,2022-04-10,15
marque_generique_traditionnelles,Marques — banques traditionnelles,Crelan,CRELAN,multi,2022-04-17,16
marque_generique_traditionnelles,Marques — banques traditionnelles,Crelan,CRELAN,multi,2022-04-24,16
marque_generique_traditionnelles,Marques — banques traditionnelles,Crelan,CRELAN,multi,2022-05-01,17
marque_generique_traditionnelles,Marques — banques traditionnelles,Crelan,CRELAN,multi,2022-05-08,16
marque_generique_traditionnelles,Marques — banques traditionnelles,Crelan,CRELAN,multi,2022-05-15,16
marque_generique_traditionnelles,Marques — banques traditionnelles,Crelan,CRELAN,multi,2022-05-22,14
marque_generique_traditionnelles,Marques — banques traditionnelles,Crelan,CRELAN,multi,2022-05-29,18
marque_generique_traditionnelles,Marques — banques traditionnelles,Crelan,CRELAN,multi,2022-06-05,15
marque_generique_traditionnelles,Marques — banques traditionnelles,Crelan,CRELAN,multi,2022-06-12,16
marque_generique_traditionnelles,Marques — banques traditionnelles,Crelan,CRELAN,multi,2022-06-19,17
marque_generique_traditionnelles,Marques — banques traditionnelles,Crelan,CRELAN,multi,2022-06-26,18
marque_generique_traditionnelles,Marques — banques traditionnelles,Crelan,CRELAN,multi,2022-07-03,18
marque_generique_traditionnelles,Marques — banques traditionnelles,Crelan,CRELAN,multi,2022-07-10,17
marque_generique_traditionnelles,Marques — banques traditionnelles,Crelan,CRELAN,multi,2022-07-17,13
marque_generique_traditionnelles,Marques — banques traditionnelles,Crelan,CRELAN,multi,2022-07-24,17
marque_generique_traditionnelles,Marques — banques traditionnelles,Crelan,CRELAN,multi,2022-07-31,17
marque_generique_traditionnelles,Marques — banques traditionnelles,Crelan,CRELAN,multi,2022-08-07,16
marque_generique_traditionnelles,Marques — banques traditionnelles,Crelan,CRELAN,multi,2022-08-14,15
marque_generique_traditionnelles,Marques — banques traditionnelles,Crelan,CRELAN,multi,2022-08-21,16
marque_generique_traditionnelles,Marques — banques traditionnelles,Crelan,CRELAN,multi,2022-08-28,17
marque_generique_traditionnelles,Marques — banques traditionnelles,Crelan,CRELAN,multi,2022-09-04,16
marque_generique_traditionnelles,Marques — banques traditionnelles,Crelan,CRELAN,multi,2022-09-11,15
marque_generique_traditionnelles,Marques — banques traditionnelles,Crelan,CRELAN,multi,2022-09-18,17
marque_generique_traditionnelles,Marques — banques traditionnelles,Crelan,CRELAN,multi,2022-09-25,17
marque_generique_traditionnelles,Marques — banques traditionnelles,Crelan,CRELAN,multi,2022-10-02,17
marque_generique_traditionnelles,Marques — banques traditionnelles,Crelan,CRELAN,multi,2022-10-09,16
marque_generique_traditionnelles,Marques — banques traditionnelles,Crelan,CRELAN,multi,2022-10-16,15
marque_generique_traditionnelles,Marques — banques traditionnelles,Crelan,CRELAN,multi,2022-10-23,17
marque_generique_traditionnelles,Marques — banques traditionnelles,Crelan,CRELAN,multi,2022-10-30,14
marque_generique_traditionnelles,Marques — banques traditionnelles,Crelan,CRELAN,multi,2022-11-06,15
marque_generique_traditionnelles,Marques — banques traditionnelles,Crelan,CRELAN,multi,2022-11-13,16
marque_generique_traditionnelles,Marques — banques traditionnelles,Crelan,CRELAN,multi,2022-11-20,15
marque_generique_traditionnelles,Marques — banques traditionnelles,Crelan,CRELAN,multi,2022-11-27,15
marque_generique_traditionnelles,Marques — banques traditionnelles,Crelan,CRELAN,multi,2022-12-04,16
marque_generique_traditionnelles,Marques — banques traditionnelles,Crelan,CRELAN,multi,2022-12-11,17
marque_generique_traditionnelles,Marques — banques traditionnelles,Crelan,CRELAN,multi,2022-12-18,17
marque_generique_traditionnelles,Marques — banques traditionnelles,Crelan,CRELAN,multi,2022-12-25,16
marque_generique_traditionnelles,Marques — banques traditionnelles,Crelan,CRELAN,multi,2023-01-01,18
marque_generique_traditionnelles,Marques — banques traditionnelles,Crelan,CRELAN,multi,2023-01-08,16
marque_generique_traditionnelles,Marques — banques traditionnelles,Crelan,CRELAN,multi,2023-01-15,17
marque_generique_traditionnelles,Marques — banques traditionnelles,Crelan,CRELAN,multi,2023-01-22,16
marque_generique_traditionnelles,Marques — banques traditionnelles,Crelan,CRELAN,multi,2023-01-29,18
marque_generique_traditionnelles,Marques — banques traditionnelles,Crelan,CRELAN,multi,2023-02-05,17
marque_generique_traditionnelles,Marques — banques traditionnelles,Crelan,CRELAN,multi,2023-02-12,15
marque_generique_traditionnelles,Marques — banques traditionnelles,Crelan,CRELAN,multi,2023-02-19,16
marque_generique_traditionnelles,Marques — banques traditionnelles,Crelan,CRELAN,multi,2023-02-26,17
marque_generique_traditionnelles,Marques — banques traditionnelles,Crelan,CRELAN,multi,2023-03-05,17
marque_generique_traditionnelles,Marques — banques traditionnelles,Crelan,CRELAN,multi,2023-03-12,15
marque_generique_traditionnelles,Marques — banques traditionnelles,Crelan,CRELAN,multi,2023-03-19,17
marque_generique_traditionnelles,Marques — banques traditionnelles,Crelan,CRELAN,multi,2023-03-26,17
marque_generique_traditionnelles,Marques — banques traditionnelles,Crelan,CRELAN,multi,2023-04-02,16
marque_generique_traditionnelles,Marques — banques traditionnelles,Crelan,CRELAN,multi,2023-04-09,15
marque_generique_traditionnelles,Marques — banques traditionnelles,Crelan,CRELAN,multi,2023-04-16,15
marque_generique_traditionnelles,Marques — banques traditionnelles,Crelan,CRELAN,multi,2023-04-23,15
marque_generique_traditionnelles,Marques — banques traditionnelles,Crelan,CRELAN,multi,2023-04-30,15
marque_generique_traditionnelles,Marques — banques traditionnelles,Crelan,CRELAN,multi,2023-05-07,15
marque_generique_traditionnelles,Marques — banques traditionnelles,Crelan,CRELAN,multi,2023-05-14,13
marque_generique_traditionnelles,Marques — banques traditionnelles,Crelan,CRELAN,multi,2023-05-21,17
marque_generique_traditionnelles,Marques — banques traditionnelles,Crelan,CRELAN,multi,2023-05-28,15
marque_generique_traditionnelles,Marques — banques traditionnelles,Crelan,CRELAN,multi,2023-06-04,15
marque_generique_traditionnelles,Marques — banques traditionnelles,Crelan,CRELAN,multi,2023-06-11,14
marque_generique_traditionnelles,Marques — banques traditionnelles,Crelan,CRELAN,multi,2023-06-18,16
marque_generique_traditionnelles,Marques — banques traditionnelles,Crelan,CRELAN,multi,2023-06-25,17
marque_generique_traditionnelles,Marques — banques traditionnelles,Crelan,CRELAN,multi,2023-07-02,17
marque_generique_traditionnelles,Marques — banques traditionnelles,Crelan,CRELAN,multi,2023-07-09,17
marque_generique_traditionnelles,Marques — banques traditionnelles,Crelan,CRELAN,multi,2023-07-16,14
marque_generique_traditionnelles,Marques — banques traditionnelles,Crelan,CRELAN,multi,2023-07-23,15
marque_generique_traditionnelles,Marques — banques traditionnelles,Crelan,CRELAN,multi,2023-07-30,16
marque_generique_traditionnelles,Marques — banques traditionnelles,Crelan,CRELAN,multi,2023-08-06,14
marque_generique_traditionnelles,Marques — banques traditionnelles,Crelan,CRELAN,multi,2023-08-13,13
marque_generique_traditionnelles,Marques — banques traditionnelles,Crelan,CRELAN,multi,2023-08-20,20
marque_generique_traditionnelles,Marques — banques traditionnelles,Crelan,CRELAN,multi,2023-08-27,22
marque_generique_traditionnelles,Marques — banques traditionnelles,Crelan,CRELAN,multi,2023-09-03,16
marque_generique_traditionnelles,Marques — banques traditionnelles,Crelan,CRELAN,multi,2023-09-10,15
marque_generique_traditionnelles,Marques — banques traditionnelles,Crelan,CRELAN,multi,2023-09-17,15
marque_generique_traditionnelles,Marques — banques traditionnelles,Crelan,CRELAN,multi,2023-09-24,16
marque_generique_traditionnelles,Marques — banques traditionnelles,Crelan,CRELAN,multi,2023-10-01,15
marque_generique_traditionnelles,Marques — banques traditionnelles,Crelan,CRELAN,multi,2023-10-08,15
marque_generique_traditionnelles,Marques — banques traditionnelles,Crelan,CRELAN,multi,2023-10-15,15
marque_generique_traditionnelles,Marques — banques traditionnelles,Crelan,CRELAN,multi,2023-10-22,14
marque_generique_traditionnelles,Marques — banques traditionnelles,Crelan,CRELAN,multi,2023-10-29,14
marque_generique_traditionnelles,Marques — banques traditionnelles,Crelan,CRELAN,multi,2023-11-05,14
marque_generique_traditionnelles,Marques — banques traditionnelles,Crelan,CRELAN,multi,2023-11-12,14
marque_generique_traditionnelles,Marques — banques traditionnelles,Crelan,CRELAN,multi,2023-11-19,14
marque_generique_traditionnelles,Marques — banques traditionnelles,Crelan,CRELAN,multi,2023-11-26,14
marque_generique_traditionnelles,Marques — banques traditionnelles,Crelan,CRELAN,multi,2023-12-03,15
marque_generique_traditionnelles,Marques — banques traditionnelles,Crelan,CRELAN,multi,2023-12-10,17
marque_generique_traditionnelles,Marques — banques traditionnelles,Crelan,CRELAN,multi,2023-12-17,18
marque_generique_traditionnelles,Marques — banques traditionnelles,Crelan,CRELAN,multi,2023-12-24,16
marque_generique_traditionnelles,Marques — banques traditionnelles,Crelan,CRELAN,multi,2023-12-31,17
marque_generique_traditionnelles,Marques — banques traditionnelles,Crelan,CRELAN,multi,2024-01-07,17
marque_generique_traditionnelles,Marques — banques traditionnelles,Crelan,CRELAN,multi,2024-01-14,17
marque_generique_traditionnelles,Marques — banques traditionnelles,Crelan,CRELAN,multi,2024-01-21,16
marque_generique_traditionnelles,Marques — banques traditionnelles,Crelan,CRELAN,multi,2024-01-28,17
marque_generique_traditionnelles,Marques — banques traditionnelles,Crelan,CRELAN,multi,2024-02-04,17
marque_generique_traditionnelles,Marques — banques traditionnelles,Crelan,CRELAN,multi,2024-02-11,17
marque_generique_traditionnelles,Marques — banques traditionnelles,Crelan,CRELAN,multi,2024-02-18,18
marque_generique_traditionnelles,Marques — banques traditionnelles,Crelan,CRELAN,multi,2024-02-25,16
marque_generique_traditionnelles,Marques — banques traditionnelles,Crelan,CRELAN,multi,2024-03-03,18
marque_generique_traditionnelles,Marques — banques traditionnelles,Crelan,CRELAN,multi,2024-03-10,16
marque_generique_traditionnelles,Marques — banques traditionnelles,Crelan,CRELAN,multi,2024-03-17,17
marque_generique_traditionnelles,Marques — banques traditionnelles,Crelan,CRELAN,multi,2024-03-24,19
marque_generique_traditionnelles,Marques — banques traditionnelles,Crelan,CRELAN,multi,2024-03-31,17
marque_generique_traditionnelles,Marques — banques traditionnelles,Crelan,CRELAN,multi,2024-04-07,18
marque_generique_traditionnelles,Marques — banques traditionnelles,Crelan,CRELAN,multi,2024-04-14,16
marque_generique_traditionnelles,Marques — banques traditionnelles,Crelan,CRELAN,multi,2024-04-21,16
marque_generique_traditionnelles,Marques — banques traditionnelles,Crelan,CRELAN,multi,2024-04-28,15
marque_generique_traditionnelles,Marques — banques traditionnelles,Crelan,CRELAN,multi,2024-05-05,15
marque_generique_traditionnelles,Marques — banques traditionnelles,Crelan,CRELAN,multi,2024-05-12,17
marque_generique_traditionnelles,Marques — banques traditionnelles,Crelan,CRELAN,multi,2024-05-19,17
marque_generique_traditionnelles,Marques — banques traditionnelles,Crelan,CRELAN,multi,2024-05-26,20
marque_generique_traditionnelles,Marques — banques traditionnelles,Crelan,CRELAN,multi,2024-06-02,21
marque_generique_traditionnelles,Marques — banques traditionnelles,Crelan,CRELAN,multi,2024-06-09,50
marque_generique_traditionnelles,Marques — banques traditionnelles,Crelan,CRELAN,multi,2024-06-16,38
marque_generique_traditionnelles,Marques — banques traditionnelles,Crelan,CRELAN,multi,2024-06-23,34
marque_generique_traditionnelles,Marques — banques traditionnelles,Crelan,CRELAN,multi,2024-06-30,34
marque_generique_traditionnelles,Marques — banques traditionnelles,Crelan,CRELAN,multi,2024-07-07,32
marque_generique_traditionnelles,Marques — banques traditionnelles,Crelan,CRELAN,multi,2024-07-14,32
marque_generique_traditionnelles,Marques — banques traditionnelles,Crelan,CRELAN,multi,2024-07-21,29
marque_generique_traditionnelles,Marques — banques traditionnelles,Crelan,CRELAN,multi,2024-07-28,27
marque_generique_traditionnelles,Marques — banques traditionnelles,Crelan,CRELAN,multi,2024-08-04,27
marque_generique_traditionnelles,Marques — banques traditionnelles,Crelan,CRELAN,multi,2024-08-11,24
marque_generique_traditionnelles,Marques — banques traditionnelles,Crelan,CRELAN,multi,2024-08-18,29
marque_generique_traditionnelles,Marques — banques traditionnelles,Crelan,CRELAN,multi,2024-08-25,29
marque_generique_traditionnelles,Marques — banques traditionnelles,Crelan,CRELAN,multi,2024-09-01,38
marque_generique_traditionnelles,Marques — banques traditionnelles,Crelan,CRELAN,multi,2024-09-08,33
marque_generique_traditionnelles,Marques — banques traditionnelles,Crelan,CRELAN,multi,2024-09-15,27
marque_generique_traditionnelles,Marques — banques traditionnelles,Crelan,CRELAN,multi,2024-09-22,27
marque_generique_traditionnelles,Marques — banques traditionnelles,Crelan,CRELAN,multi,2024-09-29,30
marque_generique_traditionnelles,Marques — banques traditionnelles,Crelan,CRELAN,multi,2024-10-06,28
marque_generique_traditionnelles,Marques — banques traditionnelles,Crelan,CRELAN,multi,2024-10-13,26
marque_generique_traditionnelles,Marques — banques traditionnelles,Crelan,CRELAN,multi,2024-10-20,26
marque_generique_traditionnelles,Marques — banques traditionnelles,Crelan,CRELAN,multi,2024-10-27,25
marque_generique_traditionnelles,Marques — banques traditionnelles,Crelan,CRELAN,multi,2024-11-03,26
marque_generique_traditionnelles,Marques — banques traditionnelles,Crelan,CRELAN,multi,2024-11-10,24
marque_generique_traditionnelles,Marques — banques traditionnelles,Crelan,CRELAN,multi,2024-11-17,27
marque_generique_traditionnelles,Marques — banques traditionnelles,Crelan,CRELAN,multi,2024-11-24,27
marque_generique_traditionnelles,Marques — banques traditionnelles,Crelan,CRELAN,multi,2024-12-01,25
marque_generique_traditionnelles,Marques — banques traditionnelles,Crelan,CRELAN,multi,2024-12-08,27
marque_generique_traditionnelles,Marques — banques traditionnelles,Crelan,CRELAN,multi,2024-12-15,32
marque_generique_traditionnelles,Marques — banques traditionnelles,Crelan,CRELAN,multi,2024-12-22,26
marque_generique_traditionnelles,Marques — banques traditionnelles,Crelan,CRELAN,multi,2024-12-29,30
marque_generique_traditionnelles,Marques — banques traditionnelles,Crelan,CRELAN,multi,2025-01-05,29
marque_generique_traditionnelles,Marques — banques traditionnelles,Crelan,CRELAN,multi,2025-01-12,29
marque_generique_traditionnelles,Marques — banques traditionnelles,Crelan,CRELAN,multi,2025-01-19,29
marque_generique_traditionnelles,Marques — banques traditionnelles,Crelan,CRELAN,multi,2025-01-26,28
marque_generique_traditionnelles,Marques — banques traditionnelles,Crelan,CRELAN,multi,2025-02-02,29
marque_generique_traditionnelles,Marques — banques traditionnelles,Crelan,CRELAN,multi,2025-02-09,26
marque_generique_traditionnelles,Marques — banques traditionnelles,Crelan,CRELAN,multi,2025-02-16,27
marque_generique_traditionnelles,Marques — banques traditionnelles,Crelan,CRELAN,multi,2025-02-23,27
marque_generique_traditionnelles,Marques — banques traditionnelles,Crelan,CRELAN,multi,2025-03-02,27
marque_generique_traditionnelles,Marques — banques traditionnelles,Crelan,CRELAN,multi,2025-03-09,29
marque_generique_traditionnelles,Marques — banques traditionnelles,Crelan,CRELAN,multi,2025-03-16,25
marque_generique_traditionnelles,Marques — banques traditionnelles,Crelan,CRELAN,multi,2025-03-23,31
marque_generique_traditionnelles,Marques — banques traditionnelles,Crelan,CRELAN,multi,2025-03-30,33
marque_generique_traditionnelles,Marques — banques traditionnelles,Crelan,CRELAN,multi,2025-04-06,29
marque_generique_traditionnelles,Marques — banques traditionnelles,Crelan,CRELAN,multi,2025-04-13,27
marque_generique_traditionnelles,Marques — banques traditionnelles,Crelan,CRELAN,multi,2025-04-20,25
marque_generique_traditionnelles,Marques — banques traditionnelles,Crelan,CRELAN,multi,2025-04-27,25
marque_generique_traditionnelles,Marques — banques traditionnelles,Crelan,CRELAN,multi,2025-05-04,28
marque_generique_traditionnelles,Marques — banques traditionnelles,Crelan,CRELAN,multi,2025-05-11,27
marque_generique_traditionnelles,Marques — banques traditionnelles,Crelan,CRELAN,multi,2025-05-18,27
marque_generique_traditionnelles,Marques — banques traditionnelles,Crelan,CRELAN,multi,2025-05-25,24
marque_generique_traditionnelles,Marques — banques traditionnelles,Crelan,CRELAN,multi,2025-06-01,29
marque_generique_traditionnelles,Marques — banques traditionnelles,Crelan,CRELAN,multi,2025-06-08,24
marque_generique_traditionnelles,Marques — banques traditionnelles,Crelan,CRELAN,multi,2025-06-15,26
marque_generique_traditionnelles,Marques — banques traditionnelles,Crelan,CRELAN,multi,2025-06-22,31
marque_generique_traditionnelles,Marques — banques traditionnelles,Crelan,CRELAN,multi,2025-06-29,32
marque_generique_traditionnelles,Marques — banques traditionnelles,Crelan,CRELAN,multi,2025-07-06,32
marque_generique_traditionnelles,Marques — banques traditionnelles,Crelan,CRELAN,multi,2025-07-13,28
marque_generique_traditionnelles,Marques — banques traditionnelles,Crelan,CRELAN,multi,2025-07-20,24
marque_generique_traditionnelles,Marques — banques traditionnelles,Crelan,CRELAN,multi,2025-07-27,26
marque_generique_traditionnelles,Marques — banques traditionnelles,Crelan,CRELAN,multi,2025-08-03,26
marque_generique_traditionnelles,Marques — banques traditionnelles,Crelan,CRELAN,multi,2025-08-10,23
marque_generique_traditionnelles,Marques — banques traditionnelles,Crelan,CRELAN,multi,2025-08-17,25
marque_generique_traditionnelles,Marques — banques traditionnelles,Crelan,CRELAN,multi,2025-08-24,28
marque_generique_traditionnelles,Marques — banques traditionnelles,Crelan,CRELAN,multi,2025-08-31,28
marque_generique_traditionnelles,Marques — banques traditionnelles,Crelan,CRELAN,multi,2025-09-07,28
marque_generique_traditionnelles,Marques — banques traditionnelles,Crelan,CRELAN,multi,2025-09-14,26
marque_generique_traditionnelles,Marques — banques traditionnelles,Crelan,CRELAN,multi,2025-09-21,27
marque_generique_traditionnelles,Marques — banques traditionnelles,Crelan,CRELAN,multi,2025-09-28,27
marque_generique_traditionnelles,Marques — banques traditionnelles,Crelan,CRELAN,multi,2025-10-05,29
marque_generique_traditionnelles,Marques — banques traditionnelles,Crelan,CRELAN,multi,2025-10-12,26
marque_generique_traditionnelles,Marques — banques traditionnelles,Crelan,CRELAN,multi,2025-10-19,25
marque_generique_traditionnelles,Marques — banques traditionnelles,Crelan,CRELAN,multi,2025-10-26,24
marque_generique_traditionnelles,Marques — banques traditionnelles,Crelan,CRELAN,multi,2025-11-02,26
marque_generique_traditionnelles,Marques — banques traditionnelles,Crelan,CRELAN,multi,2025-11-09,23
marque_generique_traditionnelles,Marques — banques traditionnelles,Crelan,CRELAN,multi,2025-11-16,23
marque_generique_traditionnelles,Marques — banques traditionnelles,Crelan,CRELAN,multi,2025-11-23,24
marque_generique_traditionnelles,Marques — banques traditionnelles,Crelan,CRELAN,multi,2025-11-30,26
marque_generique_traditionnelles,Marques — banques traditionnelles,Crelan,CRELAN,multi,2025-12-07,24
marque_generique_traditionnelles,Marques — banques traditionnelles,Crelan,CRELAN,multi,2025-12-14,28
marque_generique_traditionnelles,Marques — banques traditionnelles,Crelan,CRELAN,multi,2025-12-21,22
marque_generique_traditionnelles,Marques — banques traditionnelles,Crelan,CRELAN,multi,2025-12-28,26
marque_generique_traditionnelles,Marques — banques traditionnelles,Crelan,CRELAN,multi,2026-01-04,26
marque_generique_traditionnelles,Marques — banques traditionnelles,Crelan,CRELAN,multi,2026-01-11,27
marque_generique_traditionnelles,Marques — banques traditionnelles,Crelan,CRELAN,multi,2026-01-18,26
marque_generique_traditionnelles,Marques — banques traditionnelles,Crelan,CRELAN,multi,2026-01-25,26
marque_generique_traditionnelles,Marques — banques traditionnelles,Crelan,CRELAN,multi,2026-02-01,25
marque_generique_traditionnelles,Marques — banques traditionnelles,Crelan,CRELAN,multi,2026-02-08,23
marque_generique_traditionnelles,Marques — banques traditionnelles,Crelan,CRELAN,multi,2026-02-15,22
marque_generique_traditionnelles,Marques — banques traditionnelles,Crelan,CRELAN,multi,2026-02-22,24
marque_generique_traditionnelles,Marques — banques traditionnelles,Crelan,CRELAN,multi,2026-03-01,25
marque_generique_traditionnelles,Marques — banques traditionnelles,Crelan,CRELAN,multi,2026-03-08,26
marque_generique_traditionnelles,Marques — banques traditionnelles,Crelan,CRELAN,multi,2026-03-15,24
marque_generique_traditionnelles,Marques — banques traditionnelles,Crelan,CRELAN,multi,2026-03-22,26
marque_generique_traditionnelles,Marques — banques traditionnelles,Crelan,CRELAN,multi,2026-03-29,26
marque_generique_traditionnelles,Marques — banques traditionnelles,Crelan,CRELAN,multi,2026-04-05,23
marque_generique_traditionnelles,Marques — banques traditionnelles,Crelan,CRELAN,multi,2026-04-12,23
marque_generique_traditionnelles,Marques — banques traditionnelles,Crelan,CRELAN,multi,2026-04-19,23
marque_generique_traditionnelles,Marques — banques traditionnelles,Crelan,CRELAN,multi,2026-04-26,22
marque_generique_traditionnelles,Marques — banques traditionnelles,Crelan,CRELAN,multi,2026-05-03,26
marque_generique_traditionnelles,Marques — banques traditionnelles,Crelan,CRELAN,multi,2026-05-10,24
marque_generique_traditionnelles,Marques — banques traditionnelles,Crelan,CRELAN,multi,2026-05-17,26
marque_generique_traditionnelles,Marques — banques traditionnelles,Crelan,CRELAN,multi,2026-05-24,21
marque_generique_traditionnelles,Marques — banques traditionnelles,Crelan,CRELAN,multi,2026-05-31,25
marque_generique_traditionnelles,Marques — banques traditionnelles,Crelan,CRELAN,multi,2026-06-07,22
marque_generique_traditionnelles,Marques — banques traditionnelles,Crelan,CRELAN,multi,2026-06-14,24
marque_generique_traditionnelles,Marques — banques traditionnelles,Crelan,CRELAN,multi,2026-06-21,21
marque_generique_traditionnelles,Marques — banques traditionnelles,Crelan,CRELAN,multi,2026-06-28,25
marque_generique_traditionnelles,Marques — banques traditionnelles,Crelan,CRELAN,multi,2026-07-05,22
marque_generique_traditionnelles,Marques — banques traditionnelles,Crelan,CRELAN,multi,2026-07-12,22
marque_generique_traditionnelles,Marques — banques traditionnelles,Crelan,CRELAN,multi,2026-07-19,22
marque_generique_traditionnelles,Marques — banques traditionnelles,Crelan,CRELAN,multi,2026-07-26,22
marque_generique_traditionnelles,Marques — banques traditionnelles,Crelan,CRELAN,multi,2026-08-02,20
marque_generique_traditionnelles,Marques — banques traditionnelles,Crelan,CRELAN,multi,2026-08-09,19
marque_generique_traditionnelles,Marques — banques traditionnelles,Crelan,CRELAN,multi,2026-08-16,20
marque_generique_traditionnelles,Marques — banques traditionnelles,Crelan,CRELAN,multi,2026-08-23,23
marque_generique_traditionnelles,Marques — banques traditionnelles,Crelan,CRELAN,multi,2026-08-30,25
marque_generique_traditionnelles,Marques — banques traditionnelles,Crelan,CRELAN,multi,2026-09-06,21
marque_generique_traditionnelles,Marques — banques traditionnelles,Crelan,CRELAN,multi,2026-09-13,18
marque_generique_traditionnelles,Marques — banques traditionnelles,ING,ING,en,2021-09-12,63
marque_generique_traditionnelles,Marques — banques traditionnelles,ING,ING,en,2021-09-19,66
marque_generique_traditionnelles,Marques — banques traditionnelles,ING,ING,en,2021-09-26,76
marque_generique_traditionnelles,Marques — banques traditionnelles,ING,ING,en,2021-10-03,74
marque_generique_traditionnelles,Marques — banques traditionnelles,ING,ING,en,2021-10-10,70
marque_generique_traditionnelles,Marques — banques traditionnelles,ING,ING,en,2021-10-17,63
marque_generique_traditionnelles,Marques — banques traditionnelles,ING,ING,en,2021-10-24,70
marque_generique_traditionnelles,Marques — banques traditionnelles,ING,ING,en,2021-10-31,65
marque_generique_traditionnelles,Marques — banques traditionnelles,ING,ING,en,2021-11-07,62
marque_generique_traditionnelles,Marques — banques traditionnelles,ING,ING,en,2021-11-14,65
marque_generique_traditionnelles,Marques — banques traditionnelles,ING,ING,en,2021-11-21,61
marque_generique_traditionnelles,Marques — banques traditionnelles,ING,ING,en,2021-11-28,67
marque_generique_traditionnelles,Marques — banques traditionnelles,ING,ING,en,2021-12-05,65
marque_generique_traditionnelles,Marques — banques traditionnelles,ING,ING,en,2021-12-12,65
marque_generique_traditionnelles,Marques — banques traditionnelles,ING,ING,en,2021-12-19,66
marque_generique_traditionnelles,Marques — banques traditionnelles,ING,ING,en,2021-12-26,63
marque_generique_traditionnelles,Marques — banques traditionnelles,ING,ING,en,2022-01-02,71
marque_generique_traditionnelles,Marques — banques traditionnelles,ING,ING,en,2022-01-09,63
marque_generique_traditionnelles,Marques — banques traditionnelles,ING,ING,en,2022-01-16,58
marque_generique_traditionnelles,Marques — banques traditionnelles,ING,ING,en,2022-01-23,62
marque_generique_traditionnelles,Marques — banques traditionnelles,ING,ING,en,2022-01-30,70
marque_generique_traditionnelles,Marques — banques traditionnelles,ING,ING,en,2022-02-06,69
marque_generique_traditionnelles,Marques — banques traditionnelles,ING,ING,en,2022-02-13,62
marque_generique_traditionnelles,Marques — banques traditionnelles,ING,ING,en,2022-02-20,64
marque_generique_traditionnelles,Marques — banques traditionnelles,ING,ING,en,2022-02-27,76
marque_generique_traditionnelles,Marques — banques traditionnelles,ING,ING,en,2022-03-06,70
marque_generique_traditionnelles,Marques — banques traditionnelles,ING,ING,en,2022-03-13,65
marque_generique_traditionnelles,Marques — banques traditionnelles,ING,ING,en,2022-03-20,61
marque_generique_traditionnelles,Marques — banques traditionnelles,ING,ING,en,2022-03-27,66
marque_generique_traditionnelles,Marques — banques traditionnelles,ING,ING,en,2022-04-03,65
marque_generique_traditionnelles,Marques — banques traditionnelles,ING,ING,en,2022-04-10,55
marque_generique_traditionnelles,Marques — banques traditionnelles,ING,ING,en,2022-04-17,56
marque_generique_traditionnelles,Marques — banques traditionnelles,ING,ING,en,2022-04-24,65
marque_generique_traditionnelles,Marques — banques traditionnelles,ING,ING,en,2022-05-01,73
marque_generique_traditionnelles,Marques — banques traditionnelles,ING,ING,en,2022-05-08,66
marque_generique_traditionnelles,Marques — banques traditionnelles,ING,ING,en,2022-05-15,56
marque_generique_traditionnelles,Marques — banques traditionnelles,ING,ING,en,2022-05-22,51
marque_generique_traditionnelles,Marques — banques traditionnelles,ING,ING,en,2022-05-29,67
marque_generique_traditionnelles,Marques — banques traditionnelles,ING,ING,en,2022-06-05,57
marque_generique_traditionnelles,Marques — banques traditionnelles,ING,ING,en,2022-06-12,60
marque_generique_traditionnelles,Marques — banques traditionnelles,ING,ING,en,2022-06-19,63
marque_generique_traditionnelles,Marques — banques traditionnelles,ING,ING,en,2022-06-26,66
marque_generique_traditionnelles,Marques — banques traditionnelles,ING,ING,en,2022-07-03,68
marque_generique_traditionnelles,Marques — banques traditionnelles,ING,ING,en,2022-07-10,62
marque_generique_traditionnelles,Marques — banques traditionnelles,ING,ING,en,2022-07-17,57
marque_generique_traditionnelles,Marques — banques traditionnelles,ING,ING,en,2022-07-24,58
marque_generique_traditionnelles,Marques — banques traditionnelles,ING,ING,en,2022-07-31,63
marque_generique_traditionnelles,Marques — banques traditionnelles,ING,ING,en,2022-08-07,55
marque_generique_traditionnelles,Marques — banques traditionnelles,ING,ING,en,2022-08-14,56
marque_generique_traditionnelles,Marques — banques traditionnelles,ING,ING,en,2022-08-21,57
marque_generique_traditionnelles,Marques — banques traditionnelles,ING,ING,en,2022-08-28,61
marque_generique_traditionnelles,Marques — banques traditionnelles,ING,ING,en,2022-09-04,58
marque_generique_traditionnelles,Marques — banques traditionnelles,ING,ING,en,2022-09-11,62
marque_generique_traditionnelles,Marques — banques traditionnelles,ING,ING,en,2022-09-18,58
marque_generique_traditionnelles,Marques — banques traditionnelles,ING,ING,en,2022-09-25,66
marque_generique_traditionnelles,Marques — banques traditionnelles,ING,ING,en,2022-10-02,65
marque_generique_traditionnelles,Marques — banques traditionnelles,ING,ING,en,2022-10-09,58
marque_generique_traditionnelles,Marques — banques traditionnelles,ING,ING,en,2022-10-16,59
marque_generique_traditionnelles,Marques — banques traditionnelles,ING,ING,en,2022-10-23,58
marque_generique_traditionnelles,Marques — banques traditionnelles,ING,ING,en,2022-10-30,61
marque_generique_traditionnelles,Marques — banques traditionnelles,ING,ING,en,2022-11-06,55
marque_generique_traditionnelles,Marques — banques traditionnelles,ING,ING,en,2022-11-13,60
marque_generique_traditionnelles,Marques — banques traditionnelles,ING,ING,en,2022-11-20,55
marque_generique_traditionnelles,Marques — banques traditionnelles,ING,ING,en,2022-11-27,57
marque_generique_traditionnelles,Marques — banques traditionnelles,ING,ING,en,2022-12-04,58
marque_generique_traditionnelles,Marques — banques traditionnelles,ING,ING,en,2022-12-11,50
marque_generique_traditionnelles,Marques — banques traditionnelles,ING,ING,en,2022-12-18,52
marque_generique_traditionnelles,Marques — banques traditionnelles,ING,ING,en,2022-12-25,51
marque_generique_traditionnelles,Marques — banques traditionnelles,ING,ING,en,2023-01-01,60
marque_generique_traditionnelles,Marques — banques traditionnelles,ING,ING,en,2023-01-08,62
marque_generique_traditionnelles,Marques — banques traditionnelles,ING,ING,en,2023-01-15,53
marque_generique_traditionnelles,Marques — banques traditionnelles,ING,ING,en,2023-01-22,55
marque_generique_traditionnelles,Marques — banques traditionnelles,ING,ING,en,2023-01-29,65
marque_generique_traditionnelles,Marques — banques traditionnelles,ING,ING,en,2023-02-05,55
marque_generique_traditionnelles,Marques — banques traditionnelles,ING,ING,en,2023-02-12,51
marque_generique_traditionnelles,Marques — banques traditionnelles,ING,ING,en,2023-02-19,55
marque_generique_traditionnelles,Marques — banques traditionnelles,ING,ING,en,2023-02-26,58
marque_generique_traditionnelles,Marques — banques traditionnelles,ING,ING,en,2023-03-05,59
marque_generique_traditionnelles,Marques — banques traditionnelles,ING,ING,en,2023-03-12,61
marque_generique_traditionnelles,Marques — banques traditionnelles,ING,ING,en,2023-03-19,64
marque_generique_traditionnelles,Marques — banques traditionnelles,ING,ING,en,2023-03-26,57
marque_generique_traditionnelles,Marques — banques traditionnelles,ING,ING,en,2023-04-02,58
marque_generique_traditionnelles,Marques — banques traditionnelles,ING,ING,en,2023-04-09,55
marque_generique_traditionnelles,Marques — banques traditionnelles,ING,ING,en,2023-04-16,51
marque_generique_traditionnelles,Marques — banques traditionnelles,ING,ING,en,2023-04-23,57
marque_generique_traditionnelles,Marques — banques traditionnelles,ING,ING,en,2023-04-30,49
marque_generique_traditionnelles,Marques — banques traditionnelles,ING,ING,en,2023-05-07,55
marque_generique_traditionnelles,Marques — banques traditionnelles,ING,ING,en,2023-05-14,47
marque_generique_traditionnelles,Marques — banques traditionnelles,ING,ING,en,2023-05-21,54
marque_generique_traditionnelles,Marques — banques traditionnelles,ING,ING,en,2023-05-28,54
marque_generique_traditionnelles,Marques — banques traditionnelles,ING,ING,en,2023-06-04,57
marque_generique_traditionnelles,Marques — banques traditionnelles,ING,ING,en,2023-06-11,48
marque_generique_traditionnelles,Marques — banques traditionnelles,ING,ING,en,2023-06-18,54
marque_generique_traditionnelles,Marques — banques traditionnelles,ING,ING,en,2023-06-25,56
marque_generique_traditionnelles,Marques — banques traditionnelles,ING,ING,en,2023-07-02,64
marque_generique_traditionnelles,Marques — banques traditionnelles,ING,ING,en,2023-07-09,58
marque_generique_traditionnelles,Marques — banques traditionnelles,ING,ING,en,2023-07-16,52
marque_generique_traditionnelles,Marques — banques traditionnelles,ING,ING,en,2023-07-23,51
marque_generique_traditionnelles,Marques — banques traditionnelles,ING,ING,en,2023-07-30,58
marque_generique_traditionnelles,Marques — banques traditionnelles,ING,ING,en,2023-08-06,55
marque_generique_traditionnelles,Marques — banques traditionnelles,ING,ING,en,2023-08-13,48
marque_generique_traditionnelles,Marques — banques traditionnelles,ING,ING,en,2023-08-20,62
marque_generique_traditionnelles,Marques — banques traditionnelles,ING,ING,en,2023-08-27,69
marque_generique_traditionnelles,Marques — banques traditionnelles,ING,ING,en,2023-09-03,56
marque_generique_traditionnelles,Marques — banques traditionnelles,ING,ING,en,2023-09-10,51
marque_generique_traditionnelles,Marques — banques traditionnelles,ING,ING,en,2023-09-17,53
marque_generique_traditionnelles,Marques — banques traditionnelles,ING,ING,en,2023-09-24,59
marque_generique_traditionnelles,Marques — banques traditionnelles,ING,ING,en,2023-10-01,59
marque_generique_traditionnelles,Marques — banques traditionnelles,ING,ING,en,2023-10-08,55
marque_generique_traditionnelles,Marques — banques traditionnelles,ING,ING,en,2023-10-15,54
marque_generique_traditionnelles,Marques — banques traditionnelles,ING,ING,en,2023-10-22,52
marque_generique_traditionnelles,Marques — banques traditionnelles,ING,ING,en,2023-10-29,54
marque_generique_traditionnelles,Marques — banques traditionnelles,ING,ING,en,2023-11-05,58
marque_generique_traditionnelles,Marques — banques traditionnelles,ING,ING,en,2023-11-12,53
marque_generique_traditionnelles,Marques — banques traditionnelles,ING,ING,en,2023-11-19,52
marque_generique_traditionnelles,Marques — banques traditionnelles,ING,ING,en,2023-11-26,53
marque_generique_traditionnelles,Marques — banques traditionnelles,ING,ING,en,2023-12-03,55
marque_generique_traditionnelles,Marques — banques traditionnelles,ING,ING,en,2023-12-10,51
marque_generique_traditionnelles,Marques — banques traditionnelles,ING,ING,en,2023-12-17,54
marque_generique_traditionnelles,Marques — banques traditionnelles,ING,ING,en,2023-12-24,53
marque_generique_traditionnelles,Marques — banques traditionnelles,ING,ING,en,2023-12-31,50
marque_generique_traditionnelles,Marques — banques traditionnelles,ING,ING,en,2024-01-07,54
marque_generique_traditionnelles,Marques — banques traditionnelles,ING,ING,en,2024-01-14,57
marque_generique_traditionnelles,Marques — banques traditionnelles,ING,ING,en,2024-01-21,53
marque_generique_traditionnelles,Marques — banques traditionnelles,ING,ING,en,2024-01-28,57
marque_generique_traditionnelles,Marques — banques traditionnelles,ING,ING,en,2024-02-04,54
marque_generique_traditionnelles,Marques — banques traditionnelles,ING,ING,en,2024-02-11,53
marque_generique_traditionnelles,Marques — banques traditionnelles,ING,ING,en,2024-02-18,52
marque_generique_traditionnelles,Marques — banques traditionnelles,ING,ING,en,2024-02-25,56
marque_generique_traditionnelles,Marques — banques traditionnelles,ING,ING,en,2024-03-03,54
marque_generique_traditionnelles,Marques — banques traditionnelles,ING,ING,en,2024-03-10,53
marque_generique_traditionnelles,Marques — banques traditionnelles,ING,ING,en,2024-03-17,49
marque_generique_traditionnelles,Marques — banques traditionnelles,ING,ING,en,2024-03-24,87
marque_generique_traditionnelles,Marques — banques traditionnelles,ING,ING,en,2024-03-31,60
marque_generique_traditionnelles,Marques — banques traditionnelles,ING,ING,en,2024-04-07,55
marque_generique_traditionnelles,Marques — banques traditionnelles,ING,ING,en,2024-04-14,54
marque_generique_traditionnelles,Marques — banques traditionnelles,ING,ING,en,2024-04-21,50
marque_generique_traditionnelles,Marques — banques traditionnelles,ING,ING,en,2024-04-28,51
marque_generique_traditionnelles,Marques — banques traditionnelles,ING,ING,en,2024-05-05,48
marque_generique_traditionnelles,Marques — banques traditionnelles,ING,ING,en,2024-05-12,59
marque_generique_traditionnelles,Marques — banques traditionnelles,ING,ING,en,2024-05-19,51
marque_generique_traditionnelles,Marques — banques traditionnelles,ING,ING,en,2024-05-26,53
marque_generique_traditionnelles,Marques — banques traditionnelles,ING,ING,en,2024-06-02,55
marque_generique_traditionnelles,Marques — banques traditionnelles,ING,ING,en,2024-06-09,48
marque_generique_traditionnelles,Marques — banques traditionnelles,ING,ING,en,2024-06-16,51
marque_generique_traditionnelles,Marques — banques traditionnelles,ING,ING,en,2024-06-23,51
marque_generique_traditionnelles,Marques — banques traditionnelles,ING,ING,en,2024-06-30,55
marque_generique_traditionnelles,Marques — banques traditionnelles,ING,ING,en,2024-07-07,59
marque_generique_traditionnelles,Marques — banques traditionnelles,ING,ING,en,2024-07-14,52
marque_generique_traditionnelles,Marques — banques traditionnelles,ING,ING,en,2024-07-21,52
marque_generique_traditionnelles,Marques — banques traditionnelles,ING,ING,en,2024-07-28,53
marque_generique_traditionnelles,Marques — banques traditionnelles,ING,ING,en,2024-08-04,51
marque_generique_traditionnelles,Marques — banques traditionnelles,ING,ING,en,2024-08-11,46
marque_generique_traditionnelles,Marques — banques traditionnelles,ING,ING,en,2024-08-18,51
marque_generique_traditionnelles,Marques — banques traditionnelles,ING,ING,en,2024-08-25,74
marque_generique_traditionnelles,Marques — banques traditionnelles,ING,ING,en,2024-09-01,74
marque_generique_traditionnelles,Marques — banques traditionnelles,ING,ING,en,2024-09-08,64
marque_generique_traditionnelles,Marques — banques traditionnelles,ING,ING,en,2024-09-15,55
marque_generique_traditionnelles,Marques — banques traditionnelles,ING,ING,en,2024-09-22,56
marque_generique_traditionnelles,Marques — banques traditionnelles,ING,ING,en,2024-09-29,56
marque_generique_traditionnelles,Marques — banques traditionnelles,ING,ING,en,2024-10-06,54
marque_generique_traditionnelles,Marques — banques traditionnelles,ING,ING,en,2024-10-13,55
marque_generique_traditionnelles,Marques — banques traditionnelles,ING,ING,en,2024-10-20,52
marque_generique_traditionnelles,Marques — banques traditionnelles,ING,ING,en,2024-10-27,51
marque_generique_traditionnelles,Marques — banques traditionnelles,ING,ING,en,2024-11-03,55
marque_generique_traditionnelles,Marques — banques traditionnelles,ING,ING,en,2024-11-10,58
marque_generique_traditionnelles,Marques — banques traditionnelles,ING,ING,en,2024-11-17,52
marque_generique_traditionnelles,Marques — banques traditionnelles,ING,ING,en,2024-11-24,51
marque_generique_traditionnelles,Marques — banques traditionnelles,ING,ING,en,2024-12-01,51
marque_generique_traditionnelles,Marques — banques traditionnelles,ING,ING,en,2024-12-08,52
marque_generique_traditionnelles,Marques — banques traditionnelles,ING,ING,en,2024-12-15,53
marque_generique_traditionnelles,Marques — banques traditionnelles,ING,ING,en,2024-12-22,45
marque_generique_traditionnelles,Marques — banques traditionnelles,ING,ING,en,2024-12-29,52
marque_generique_traditionnelles,Marques — banques traditionnelles,ING,ING,en,2025-01-05,53
marque_generique_traditionnelles,Marques — banques traditionnelles,ING,ING,en,2025-01-12,50
marque_generique_traditionnelles,Marques — banques traditionnelles,ING,ING,en,2025-01-19,49
marque_generique_traditionnelles,Marques — banques traditionnelles,ING,ING,en,2025-01-26,48
marque_generique_traditionnelles,Marques — banques traditionnelles,ING,ING,en,2025-02-02,51
marque_generique_traditionnelles,Marques — banques traditionnelles,ING,ING,en,2025-02-09,47
marque_generique_traditionnelles,Marques — banques traditionnelles,ING,ING,en,2025-02-16,47
marque_generique_traditionnelles,Marques — banques traditionnelles,ING,ING,en,2025-02-23,48
marque_generique_traditionnelles,Marques — banques traditionnelles,ING,ING,en,2025-03-02,52
marque_generique_traditionnelles,Marques — banques traditionnelles,ING,ING,en,2025-03-09,47
marque_generique_traditionnelles,Marques — banques traditionnelles,ING,ING,en,2025-03-16,50
marque_generique_traditionnelles,Marques — banques traditionnelles,ING,ING,en,2025-03-23,48
marque_generique_traditionnelles,Marques — banques traditionnelles,ING,ING,en,2025-03-30,55
marque_generique_traditionnelles,Marques — banques traditionnelles,ING,ING,en,2025-04-06,55
marque_generique_traditionnelles,Marques — banques traditionnelles,ING,ING,en,2025-04-13,53
marque_generique_traditionnelles,Marques — banques traditionnelles,ING,ING,en,2025-04-20,49
marque_generique_traditionnelles,Marques — banques traditionnelles,ING,ING,en,2025-04-27,45
marque_generique_traditionnelles,Marques — banques traditionnelles,ING,ING,en,2025-05-04,48
marque_generique_traditionnelles,Marques — banques traditionnelles,ING,ING,en,2025-05-11,48
marque_generique_traditionnelles,Marques — banques traditionnelles,ING,ING,en,2025-05-18,53
marque_generique_traditionnelles,Marques — banques traditionnelles,ING,ING,en,2025-05-25,46
marque_generique_traditionnelles,Marques — banques traditionnelles,ING,ING,en,2025-06-01,53
marque_generique_traditionnelles,Marques — banques traditionnelles,ING,ING,en,2025-06-08,44
marque_generique_traditionnelles,Marques — banques traditionnelles,ING,ING,en,2025-06-15,46
marque_generique_traditionnelles,Marques — banques traditionnelles,ING,ING,en,2025-06-22,52
marque_generique_traditionnelles,Marques — banques traditionnelles,ING,ING,en,2025-06-29,50
marque_generique_traditionnelles,Marques — banques traditionnelles,ING,ING,en,2025-07-06,48
marque_generique_traditionnelles,Marques — banques traditionnelles,ING,ING,en,2025-07-13,48
marque_generique_traditionnelles,Marques — banques traditionnelles,ING,ING,en,2025-07-20,45
marque_generique_traditionnelles,Marques — banques traditionnelles,ING,ING,en,2025-07-27,46
marque_generique_traditionnelles,Marques — banques traditionnelles,ING,ING,en,2025-08-03,45
marque_generique_traditionnelles,Marques — banques traditionnelles,ING,ING,en,2025-08-10,43
marque_generique_traditionnelles,Marques — banques traditionnelles,ING,ING,en,2025-08-17,46
marque_generique_traditionnelles,Marques — banques traditionnelles,ING,ING,en,2025-08-24,48
marque_generique_traditionnelles,Marques — banques traditionnelles,ING,ING,en,2025-08-31,50
marque_generique_traditionnelles,Marques — banques traditionnelles,ING,ING,en,2025-09-07,50
marque_generique_traditionnelles,Marques — banques traditionnelles,ING,ING,en,2025-09-14,49
marque_generique_traditionnelles,Marques — banques traditionnelles,ING,ING,en,2025-09-21,50
marque_generique_traditionnelles,Marques — banques traditionnelles,ING,ING,en,2025-09-28,53
marque_generique_traditionnelles,Marques — banques traditionnelles,ING,ING,en,2025-10-05,48
marque_generique_traditionnelles,Marques — banques traditionnelles,ING,ING,en,2025-10-12,46
marque_generique_traditionnelles,Marques — banques traditionnelles,ING,ING,en,2025-10-19,49
marque_generique_traditionnelles,Marques — banques traditionnelles,ING,ING,en,2025-10-26,49
marque_generique_traditionnelles,Marques — banques traditionnelles,ING,ING,en,2025-11-02,53
marque_generique_traditionnelles,Marques — banques traditionnelles,ING,ING,en,2025-11-09,45
marque_generique_traditionnelles,Marques — banques traditionnelles,ING,ING,en,2025-11-16,48
marque_generique_traditionnelles,Marques — banques traditionnelles,ING,ING,en,2025-11-23,46
marque_generique_traditionnelles,Marques — banques traditionnelles,ING,ING,en,2025-11-30,51
marque_generique_traditionnelles,Marques — banques traditionnelles,ING,ING,en,2025-12-07,46
marque_generique_traditionnelles,Marques — banques traditionnelles,ING,ING,en,2025-12-14,50
marque_generique_traditionnelles,Marques — banques traditionnelles,ING,ING,en,2025-12-21,43
marque_generique_traditionnelles,Marques — banques traditionnelles,ING,ING,en,2025-12-28,43
marque_generique_traditionnelles,Marques — banques traditionnelles,ING,ING,en,2026-01-04,49
marque_generique_traditionnelles,Marques — banques traditionnelles,ING,ING,en,2026-01-11,46
marque_generique_traditionnelles,Marques — banques traditionnelles,ING,ING,en,2026-01-18,46
marque_generique_traditionnelles,Marques — banques traditionnelles,ING,ING,en,2026-01-25,47
marque_generique_traditionnelles,Marques — banques traditionnelles,ING,ING,en,2026-02-01,50
marque_generique_traditionnelles,Marques — banques traditionnelles,ING,ING,en,2026-02-08,44
marque_generique_traditionnelles,Marques — banques traditionnelles,ING,ING,en,2026-02-15,42
marque_generique_traditionnelles,Marques — banques traditionnelles,ING,ING,en,2026-02-22,48
marque_generique_traditionnelles,Marques — banques traditionnelles,ING,ING,en,2026-03-01,45
marque_generique_traditionnelles,Marques — banques traditionnelles,ING,ING,en,2026-03-08,48
marque_generique_traditionnelles,Marques — banques traditionnelles,ING,ING,en,2026-03-15,45
marque_generique_traditionnelles,Marques — banques traditionnelles,ING,ING,en,2026-03-22,45
marque_generique_traditionnelles,Marques — banques traditionnelles,ING,ING,en,2026-03-29,47
marque_generique_traditionnelles,Marques — banques traditionnelles,ING,ING,en,2026-04-05,43
marque_generique_traditionnelles,Marques — banques traditionnelles,ING,ING,en,2026-04-12,42
marque_generique_traditionnelles,Marques — banques traditionnelles,ING,ING,en,2026-04-19,42
marque_generique_traditionnelles,Marques — banques traditionnelles,ING,ING,en,2026-04-26,43
marque_generique_traditionnelles,Marques — banques traditionnelles,ING,ING,en,2026-05-03,49
marque_generique_traditionnelles,Marques — banques traditionnelles,ING,ING,en,2026-05-10,44
marque_generique_traditionnelles,Marques — banques traditionnelles,ING,ING,en,2026-05-17,52
marque_generique_traditionnelles,Marques — banques traditionnelles,ING,ING,en,2026-05-24,41
marque_generique_traditionnelles,Marques — banques traditionnelles,ING,ING,en,2026-05-31,45
marque_generique_traditionnelles,Marques — banques traditionnelles,ING,ING,en,2026-06-07,41
marque_generique_traditionnelles,Marques — banques traditionnelles,ING,ING,en,2026-06-14,39
marque_generique_traditionnelles,Marques — banques traditionnelles,ING,ING,en,2026-06-21,39
marque_generique_traditionnelles,Marques — banques traditionnelles,ING,ING,en,2026-06-28,45
marque_generique_traditionnelles,Marques — banques traditionnelles,ING,ING,en,2026-07-05,39
marque_generique_traditionnelles,Marques — banques traditionnelles,ING,ING,en,2026-07-12,39
marque_generique_traditionnelles,Marques — banques traditionnelles,ING,ING,en,2026-07-19,34
marque_generique_traditionnelles,Marques — banques traditionnelles,ING,ING,en,2026-07-26,38
marque_generique_traditionnelles,Marques — banques traditionnelles,ING,ING,en,2026-08-02,40
marque_generique_traditionnelles,Marques — banques traditionnelles,ING,ING,en,2026-08-09,35
marque_generique_traditionnelles,Marques — banques traditionnelles,ING,ING,en,2026-08-16,37
marque_generique_traditionnelles,Marques — banques traditionnelles,ING,ING,en,2026-08-23,47
marque_generique_traditionnelles,Marques — banques traditionnelles,ING,ING,en,2026-08-30,44
marque_generique_traditionnelles,Marques — banques traditionnelles,ING,ING,en,2026-09-06,38
marque_generique_traditionnelles,Marques — banques traditionnelles,ING,ING,en,2026-09-13,36
marque_generique_traditionnelles,Marques — banques traditionnelles,KBC,KBC,en,2021-09-12,64
marque_generique_traditionnelles,Marques — banques traditionnelles,KBC,KBC,en,2021-09-19,71
marque_generique_traditionnelles,Marques — banques traditionnelles,KBC,KBC,en,2021-09-26,75
marque_generique_traditionnelles,Marques — banques traditionnelles,KBC,KBC,en,2021-10-03,73
marque_generique_traditionnelles,Marques — banques traditionnelles,KBC,KBC,en,2021-10-10,82
marque_generique_traditionnelles,Marques — banques traditionnelles,KBC,KBC,en,2021-10-17,66
marque_generique_traditionnelles,Marques — banques traditionnelles,KBC,KBC,en,2021-10-24,67
marque_generique_traditionnelles,Marques — banques traditionnelles,KBC,KBC,en,2021-10-31,66
marque_generique_traditionnelles,Marques — banques traditionnelles,KBC,KBC,en,2021-11-07,61
marque_generique_traditionnelles,Marques — banques traditionnelles,KBC,KBC,en,2021-11-14,68
marque_generique_traditionnelles,Marques — banques traditionnelles,KBC,KBC,en,2021-11-21,66
marque_generique_traditionnelles,Marques — banques traditionnelles,KBC,KBC,en,2021-11-28,71
marque_generique_traditionnelles,Marques — banques traditionnelles,KBC,KBC,en,2021-12-05,73
marque_generique_traditionnelles,Marques — banques traditionnelles,KBC,KBC,en,2021-12-12,72
marque_generique_traditionnelles,Marques — banques traditionnelles,KBC,KBC,en,2021-12-19,70
marque_generique_traditionnelles,Marques — banques traditionnelles,KBC,KBC,en,2021-12-26,61
marque_generique_traditionnelles,Marques — banques traditionnelles,KBC,KBC,en,2022-01-02,81
marque_generique_traditionnelles,Marques — banques traditionnelles,KBC,KBC,en,2022-01-09,75
marque_generique_traditionnelles,Marques — banques traditionnelles,KBC,KBC,en,2022-01-16,66
marque_generique_traditionnelles,Marques — banques traditionnelles,KBC,KBC,en,2022-01-23,67
marque_generique_traditionnelles,Marques — banques traditionnelles,KBC,KBC,en,2022-01-30,77
marque_generique_traditionnelles,Marques — banques traditionnelles,KBC,KBC,en,2022-02-06,66
marque_generique_traditionnelles,Marques — banques traditionnelles,KBC,KBC,en,2022-02-13,70
marque_generique_traditionnelles,Marques — banques traditionnelles,KBC,KBC,en,2022-02-20,76
marque_generique_traditionnelles,Marques — banques traditionnelles,KBC,KBC,en,2022-02-27,76
marque_generique_traditionnelles,Marques — banques traditionnelles,KBC,KBC,en,2022-03-06,80
marque_generique_traditionnelles,Marques — banques traditionnelles,KBC,KBC,en,2022-03-13,73
marque_generique_traditionnelles,Marques — banques traditionnelles,KBC,KBC,en,2022-03-20,74
marque_generique_traditionnelles,Marques — banques traditionnelles,KBC,KBC,en,2022-03-27,80
marque_generique_traditionnelles,Marques — banques traditionnelles,KBC,KBC,en,2022-04-03,75
marque_generique_traditionnelles,Marques — banques traditionnelles,KBC,KBC,en,2022-04-10,65
marque_generique_traditionnelles,Marques — banques traditionnelles,KBC,KBC,en,2022-04-17,65
marque_generique_traditionnelles,Marques — banques traditionnelles,KBC,KBC,en,2022-04-24,69
marque_generique_traditionnelles,Marques — banques traditionnelles,KBC,KBC,en,2022-05-01,73
marque_generique_traditionnelles,Marques — banques traditionnelles,KBC,KBC,en,2022-05-08,75
marque_generique_traditionnelles,Marques — banques traditionnelles,KBC,KBC,en,2022-05-15,68
marque_generique_traditionnelles,Marques — banques traditionnelles,KBC,KBC,en,2022-05-22,64
marque_generique_traditionnelles,Marques — banques traditionnelles,KBC,KBC,en,2022-05-29,73
marque_generique_traditionnelles,Marques — banques traditionnelles,KBC,KBC,en,2022-06-05,72
marque_generique_traditionnelles,Marques — banques traditionnelles,KBC,KBC,en,2022-06-12,68
marque_generique_traditionnelles,Marques — banques traditionnelles,KBC,KBC,en,2022-06-19,76
marque_generique_traditionnelles,Marques — banques traditionnelles,KBC,KBC,en,2022-06-26,78
marque_generique_traditionnelles,Marques — banques traditionnelles,KBC,KBC,en,2022-07-03,83
marque_generique_traditionnelles,Marques — banques traditionnelles,KBC,KBC,en,2022-07-10,77
marque_generique_traditionnelles,Marques — banques traditionnelles,KBC,KBC,en,2022-07-17,60
marque_generique_traditionnelles,Marques — banques traditionnelles,KBC,KBC,en,2022-07-24,63
marque_generique_traditionnelles,Marques — banques traditionnelles,KBC,KBC,en,2022-07-31,72
marque_generique_traditionnelles,Marques — banques traditionnelles,KBC,KBC,en,2022-08-07,61
marque_generique_traditionnelles,Marques — banques traditionnelles,KBC,KBC,en,2022-08-14,62
marque_generique_traditionnelles,Marques — banques traditionnelles,KBC,KBC,en,2022-08-21,72
marque_generique_traditionnelles,Marques — banques traditionnelles,KBC,KBC,en,2022-08-28,69
marque_generique_traditionnelles,Marques — banques traditionnelles,KBC,KBC,en,2022-09-04,73
marque_generique_traditionnelles,Marques — banques traditionnelles,KBC,KBC,en,2022-09-11,73
marque_generique_traditionnelles,Marques — banques traditionnelles,KBC,KBC,en,2022-09-18,71
marque_generique_traditionnelles,Marques — banques traditionnelles,KBC,KBC,en,2022-09-25,74
marque_generique_traditionnelles,Marques — banques traditionnelles,KBC,KBC,en,2022-10-02,74
marque_generique_traditionnelles,Marques — banques traditionnelles,KBC,KBC,en,2022-10-09,73
marque_generique_traditionnelles,Marques — banques traditionnelles,KBC,KBC,en,2022-10-16,68
marque_generique_traditionnelles,Marques — banques traditionnelles,KBC,KBC,en,2022-10-23,69
marque_generique_traditionnelles,Marques — banques traditionnelles,KBC,KBC,en,2022-10-30,58
marque_generique_traditionnelles,Marques — banques traditionnelles,KBC,KBC,en,2022-11-06,62
marque_generique_traditionnelles,Marques — banques traditionnelles,KBC,KBC,en,2022-11-13,75
marque_generique_traditionnelles,Marques — banques traditionnelles,KBC,KBC,en,2022-11-20,62
marque_generique_traditionnelles,Marques — banques traditionnelles,KBC,KBC,en,2022-11-27,68
marque_generique_traditionnelles,Marques — banques traditionnelles,KBC,KBC,en,2022-12-04,69
marque_generique_traditionnelles,Marques — banques traditionnelles,KBC,KBC,en,2022-12-11,68
marque_generique_traditionnelles,Marques — banques traditionnelles,KBC,KBC,en,2022-12-18,74
marque_generique_traditionnelles,Marques — banques traditionnelles,KBC,KBC,en,2022-12-25,66
marque_generique_traditionnelles,Marques — banques traditionnelles,KBC,KBC,en,2023-01-01,79
marque_generique_traditionnelles,Marques — banques traditionnelles,KBC,KBC,en,2023-01-08,76
marque_generique_traditionnelles,Marques — banques traditionnelles,KBC,KBC,en,2023-01-15,71
marque_generique_traditionnelles,Marques — banques traditionnelles,KBC,KBC,en,2023-01-22,74
marque_generique_traditionnelles,Marques — banques traditionnelles,KBC,KBC,en,2023-01-29,75
marque_generique_traditionnelles,Marques — banques traditionnelles,KBC,KBC,en,2023-02-05,74
marque_generique_traditionnelles,Marques — banques traditionnelles,KBC,KBC,en,2023-02-12,72
marque_generique_traditionnelles,Marques — banques traditionnelles,KBC,KBC,en,2023-02-19,66
marque_generique_traditionnelles,Marques — banques traditionnelles,KBC,KBC,en,2023-02-26,74
marque_generique_traditionnelles,Marques — banques traditionnelles,KBC,KBC,en,2023-03-05,75
marque_generique_traditionnelles,Marques — banques traditionnelles,KBC,KBC,en,2023-03-12,75
marque_generique_traditionnelles,Marques — banques traditionnelles,KBC,KBC,en,2023-03-19,70
marque_generique_traditionnelles,Marques — banques traditionnelles,KBC,KBC,en,2023-03-26,73
marque_generique_traditionnelles,Marques — banques traditionnelles,KBC,KBC,en,2023-04-02,68
marque_generique_traditionnelles,Marques — banques traditionnelles,KBC,KBC,en,2023-04-09,63
marque_generique_traditionnelles,Marques — banques traditionnelles,KBC,KBC,en,2023-04-16,65
marque_generique_traditionnelles,Marques — banques traditionnelles,KBC,KBC,en,2023-04-23,64
marque_generique_traditionnelles,Marques — banques traditionnelles,KBC,KBC,en,2023-04-30,58
marque_generique_traditionnelles,Marques — banques traditionnelles,KBC,KBC,en,2023-05-07,65
marque_generique_traditionnelles,Marques — banques traditionnelles,KBC,KBC,en,2023-05-14,55
marque_generique_traditionnelles,Marques — banques traditionnelles,KBC,KBC,en,2023-05-21,72
marque_generique_traditionnelles,Marques — banques traditionnelles,KBC,KBC,en,2023-05-28,63
marque_generique_traditionnelles,Marques — banques traditionnelles,KBC,KBC,en,2023-06-04,63
marque_generique_traditionnelles,Marques — banques traditionnelles,KBC,KBC,en,2023-06-11,62
marque_generique_traditionnelles,Marques — banques traditionnelles,KBC,KBC,en,2023-06-18,61
marque_generique_traditionnelles,Marques — banques traditionnelles,KBC,KBC,en,2023-06-25,69
marque_generique_traditionnelles,Marques — banques traditionnelles,KBC,KBC,en,2023-07-02,72
marque_generique_traditionnelles,Marques — banques traditionnelles,KBC,KBC,en,2023-07-09,69
marque_generique_traditionnelles,Marques — banques traditionnelles,KBC,KBC,en,2023-07-16,58
marque_generique_traditionnelles,Marques — banques traditionnelles,KBC,KBC,en,2023-07-23,67
marque_generique_traditionnelles,Marques — banques traditionnelles,KBC,KBC,en,2023-07-30,64
marque_generique_traditionnelles,Marques — banques traditionnelles,KBC,KBC,en,2023-08-06,62
marque_generique_traditionnelles,Marques — banques traditionnelles,KBC,KBC,en,2023-08-13,56
marque_generique_traditionnelles,Marques — banques traditionnelles,KBC,KBC,en,2023-08-20,86
marque_generique_traditionnelles,Marques — banques traditionnelles,KBC,KBC,en,2023-08-27,94
marque_generique_traditionnelles,Marques — banques traditionnelles,KBC,KBC,en,2023-09-03,66
marque_generique_traditionnelles,Marques — banques traditionnelles,KBC,KBC,en,2023-09-10,60
marque_generique_traditionnelles,Marques — banques traditionnelles,KBC,KBC,en,2023-09-17,61
marque_generique_traditionnelles,Marques — banques traditionnelles,KBC,KBC,en,2023-09-24,63
marque_generique_traditionnelles,Marques — banques traditionnelles,KBC,KBC,en,2023-10-01,64
marque_generique_traditionnelles,Marques — banques traditionnelles,KBC,KBC,en,2023-10-08,62
marque_generique_traditionnelles,Marques — banques traditionnelles,KBC,KBC,en,2023-10-15,66
marque_generique_traditionnelles,Marques — banques traditionnelles,KBC,KBC,en,2023-10-22,65
marque_generique_traditionnelles,Marques — banques traditionnelles,KBC,KBC,en,2023-10-29,60
marque_generique_traditionnelles,Marques — banques traditionnelles,KBC,KBC,en,2023-11-05,63
marque_generique_traditionnelles,Marques — banques traditionnelles,KBC,KBC,en,2023-11-12,64
marque_generique_traditionnelles,Marques — banques traditionnelles,KBC,KBC,en,2023-11-19,68
marque_generique_traditionnelles,Marques — banques traditionnelles,KBC,KBC,en,2023-11-26,62
marque_generique_traditionnelles,Marques — banques traditionnelles,KBC,KBC,en,2023-12-03,68
marque_generique_traditionnelles,Marques — banques traditionnelles,KBC,KBC,en,2023-12-10,76
marque_generique_traditionnelles,Marques — banques traditionnelles,KBC,KBC,en,2023-12-17,68
marque_generique_traditionnelles,Marques — banques traditionnelles,KBC,KBC,en,2023-12-24,56
marque_generique_traditionnelles,Marques — banques traditionnelles,KBC,KBC,en,2023-12-31,68
marque_generique_traditionnelles,Marques — banques traditionnelles,KBC,KBC,en,2024-01-07,72
marque_generique_traditionnelles,Marques — banques traditionnelles,KBC,KBC,en,2024-01-14,67
marque_generique_traditionnelles,Marques — banques traditionnelles,KBC,KBC,en,2024-01-21,67
marque_generique_traditionnelles,Marques — banques traditionnelles,KBC,KBC,en,2024-01-28,66
marque_generique_traditionnelles,Marques — banques traditionnelles,KBC,KBC,en,2024-02-04,64
marque_generique_traditionnelles,Marques — banques traditionnelles,KBC,KBC,en,2024-02-11,62
marque_generique_traditionnelles,Marques — banques traditionnelles,KBC,KBC,en,2024-02-18,61
marque_generique_traditionnelles,Marques — banques traditionnelles,KBC,KBC,en,2024-02-25,70
marque_generique_traditionnelles,Marques — banques traditionnelles,KBC,KBC,en,2024-03-03,63
marque_generique_traditionnelles,Marques — banques traditionnelles,KBC,KBC,en,2024-03-10,60
marque_generique_traditionnelles,Marques — banques traditionnelles,KBC,KBC,en,2024-03-17,59
marque_generique_traditionnelles,Marques — banques traditionnelles,KBC,KBC,en,2024-03-24,67
marque_generique_traditionnelles,Marques — banques traditionnelles,KBC,KBC,en,2024-03-31,62
marque_generique_traditionnelles,Marques — banques traditionnelles,KBC,KBC,en,2024-04-07,56
marque_generique_traditionnelles,Marques — banques traditionnelles,KBC,KBC,en,2024-04-14,58
marque_generique_traditionnelles,Marques — banques traditionnelles,KBC,KBC,en,2024-04-21,59
marque_generique_traditionnelles,Marques — banques traditionnelles,KBC,KBC,en,2024-04-28,55
marque_generique_traditionnelles,Marques — banques traditionnelles,KBC,KBC,en,2024-05-05,53
marque_generique_traditionnelles,Marques — banques traditionnelles,KBC,KBC,en,2024-05-12,68
marque_generique_traditionnelles,Marques — banques traditionnelles,KBC,KBC,en,2024-05-19,56
marque_generique_traditionnelles,Marques — banques traditionnelles,KBC,KBC,en,2024-05-26,58
marque_generique_traditionnelles,Marques — banques traditionnelles,KBC,KBC,en,2024-06-02,56
marque_generique_traditionnelles,Marques — banques traditionnelles,KBC,KBC,en,2024-06-09,54
marque_generique_traditionnelles,Marques — banques traditionnelles,KBC,KBC,en,2024-06-16,54
marque_generique_traditionnelles,Marques — banques traditionnelles,KBC,KBC,en,2024-06-23,57
marque_generique_traditionnelles,Marques — banques traditionnelles,KBC,KBC,en,2024-06-30,61
marque_generique_traditionnelles,Marques — banques traditionnelles,KBC,KBC,en,2024-07-07,60
marque_generique_traditionnelles,Marques — banques traditionnelles,KBC,KBC,en,2024-07-14,56
marque_generique_traditionnelles,Marques — banques traditionnelles,KBC,KBC,en,2024-07-21,57
marque_generique_traditionnelles,Marques — banques traditionnelles,KBC,KBC,en,2024-07-28,61
marque_generique_traditionnelles,Marques — banques traditionnelles,KBC,KBC,en,2024-08-04,62
marque_generique_traditionnelles,Marques — banques traditionnelles,KBC,KBC,en,2024-08-11,50
marque_generique_traditionnelles,Marques — banques traditionnelles,KBC,KBC,en,2024-08-18,58
marque_generique_traditionnelles,Marques — banques traditionnelles,KBC,KBC,en,2024-08-25,69
marque_generique_traditionnelles,Marques — banques traditionnelles,KBC,KBC,en,2024-09-01,100
marque_generique_traditionnelles,Marques — banques traditionnelles,KBC,KBC,en,2024-09-08,77
marque_generique_traditionnelles,Marques — banques traditionnelles,KBC,KBC,en,2024-09-15,67
marque_generique_traditionnelles,Marques — banques traditionnelles,KBC,KBC,en,2024-09-22,63
marque_generique_traditionnelles,Marques — banques traditionnelles,KBC,KBC,en,2024-09-29,63
marque_generique_traditionnelles,Marques — banques traditionnelles,KBC,KBC,en,2024-10-06,58
marque_generique_traditionnelles,Marques — banques traditionnelles,KBC,KBC,en,2024-10-13,56
marque_generique_traditionnelles,Marques — banques traditionnelles,KBC,KBC,en,2024-10-20,56
marque_generique_traditionnelles,Marques — banques traditionnelles,KBC,KBC,en,2024-10-27,55
marque_generique_traditionnelles,Marques — banques traditionnelles,KBC,KBC,en,2024-11-03,68
marque_generique_traditionnelles,Marques — banques traditionnelles,KBC,KBC,en,2024-11-10,54
marque_generique_traditionnelles,Marques — banques traditionnelles,KBC,KBC,en,2024-11-17,55
marque_generique_traditionnelles,Marques — banques traditionnelles,KBC,KBC,en,2024-11-24,59
marque_generique_traditionnelles,Marques — banques traditionnelles,KBC,KBC,en,2024-12-01,57
marque_generique_traditionnelles,Marques — banques traditionnelles,KBC,KBC,en,2024-12-08,58
marque_generique_traditionnelles,Marques — banques traditionnelles,KBC,KBC,en,2024-12-15,63
marque_generique_traditionnelles,Marques — banques traditionnelles,KBC,KBC,en,2024-12-22,56
marque_generique_traditionnelles,Marques — banques traditionnelles,KBC,KBC,en,2024-12-29,62
marque_generique_traditionnelles,Marques — banques traditionnelles,KBC,KBC,en,2025-01-05,65
marque_generique_traditionnelles,Marques — banques traditionnelles,KBC,KBC,en,2025-01-12,62
marque_generique_traditionnelles,Marques — banques traditionnelles,KBC,KBC,en,2025-01-19,61
marque_generique_traditionnelles,Marques — banques traditionnelles,KBC,KBC,en,2025-01-26,59
marque_generique_traditionnelles,Marques — banques traditionnelles,KBC,KBC,en,2025-02-02,54
marque_generique_traditionnelles,Marques — banques traditionnelles,KBC,KBC,en,2025-02-09,60
marque_generique_traditionnelles,Marques — banques traditionnelles,KBC,KBC,en,2025-02-16,56
marque_generique_traditionnelles,Marques — banques traditionnelles,KBC,KBC,en,2025-02-23,62
marque_generique_traditionnelles,Marques — banques traditionnelles,KBC,KBC,en,2025-03-02,60
marque_generique_traditionnelles,Marques — banques traditionnelles,KBC,KBC,en,2025-03-09,61
marque_generique_traditionnelles,Marques — banques traditionnelles,KBC,KBC,en,2025-03-16,53
marque_generique_traditionnelles,Marques — banques traditionnelles,KBC,KBC,en,2025-03-23,57
marque_generique_traditionnelles,Marques — banques traditionnelles,KBC,KBC,en,2025-03-30,62
marque_generique_traditionnelles,Marques — banques traditionnelles,KBC,KBC,en,2025-04-06,64
marque_generique_traditionnelles,Marques — banques traditionnelles,KBC,KBC,en,2025-04-13,56
marque_generique_traditionnelles,Marques — banques traditionnelles,KBC,KBC,en,2025-04-20,56
marque_generique_traditionnelles,Marques — banques traditionnelles,KBC,KBC,en,2025-04-27,58
marque_generique_traditionnelles,Marques — banques traditionnelles,KBC,KBC,en,2025-05-04,60
marque_generique_traditionnelles,Marques — banques traditionnelles,KBC,KBC,en,2025-05-11,55
marque_generique_traditionnelles,Marques — banques traditionnelles,KBC,KBC,en,2025-05-18,61
marque_generique_traditionnelles,Marques — banques traditionnelles,KBC,KBC,en,2025-05-25,55
marque_generique_traditionnelles,Marques — banques traditionnelles,KBC,KBC,en,2025-06-01,56
marque_generique_traditionnelles,Marques — banques traditionnelles,KBC,KBC,en,2025-06-08,50
marque_generique_traditionnelles,Marques — banques traditionnelles,KBC,KBC,en,2025-06-15,58
marque_generique_traditionnelles,Marques — banques traditionnelles,KBC,KBC,en,2025-06-22,57
marque_generique_traditionnelles,Marques — banques traditionnelles,KBC,KBC,en,2025-06-29,63
marque_generique_traditionnelles,Marques — banques traditionnelles,KBC,KBC,en,2025-07-06,62
marque_generique_traditionnelles,Marques — banques traditionnelles,KBC,KBC,en,2025-07-13,58
marque_generique_traditionnelles,Marques — banques traditionnelles,KBC,KBC,en,2025-07-20,54
marque_generique_traditionnelles,Marques — banques traditionnelles,KBC,KBC,en,2025-07-27,59
marque_generique_traditionnelles,Marques — banques traditionnelles,KBC,KBC,en,2025-08-03,62
marque_generique_traditionnelles,Marques — banques traditionnelles,KBC,KBC,en,2025-08-10,60
marque_generique_traditionnelles,Marques — banques traditionnelles,KBC,KBC,en,2025-08-17,59
marque_generique_traditionnelles,Marques — banques traditionnelles,KBC,KBC,en,2025-08-24,60
marque_generique_traditionnelles,Marques — banques traditionnelles,KBC,KBC,en,2025-08-31,62
marque_generique_traditionnelles,Marques — banques traditionnelles,KBC,KBC,en,2025-09-07,59
marque_generique_traditionnelles,Marques — banques traditionnelles,KBC,KBC,en,2025-09-14,60
marque_generique_traditionnelles,Marques — banques traditionnelles,KBC,KBC,en,2025-09-21,60
marque_generique_traditionnelles,Marques — banques traditionnelles,KBC,KBC,en,2025-09-28,66
marque_generique_traditionnelles,Marques — banques traditionnelles,KBC,KBC,en,2025-10-05,64
marque_generique_traditionnelles,Marques — banques traditionnelles,KBC,KBC,en,2025-10-12,56
marque_generique_traditionnelles,Marques — banques traditionnelles,KBC,KBC,en,2025-10-19,59
marque_generique_traditionnelles,Marques — banques traditionnelles,KBC,KBC,en,2025-10-26,61
marque_generique_traditionnelles,Marques — banques traditionnelles,KBC,KBC,en,2025-11-02,57
marque_generique_traditionnelles,Marques — banques traditionnelles,KBC,KBC,en,2025-11-09,54
marque_generique_traditionnelles,Marques — banques traditionnelles,KBC,KBC,en,2025-11-16,59
marque_generique_traditionnelles,Marques — banques traditionnelles,KBC,KBC,en,2025-11-23,57
marque_generique_traditionnelles,Marques — banques traditionnelles,KBC,KBC,en,2025-11-30,60
marque_generique_traditionnelles,Marques — banques traditionnelles,KBC,KBC,en,2025-12-07,65
marque_generique_traditionnelles,Marques — banques traditionnelles,KBC,KBC,en,2025-12-14,60
marque_generique_traditionnelles,Marques — banques traditionnelles,KBC,KBC,en,2025-12-21,52
marque_generique_traditionnelles,Marques — banques traditionnelles,KBC,KBC,en,2025-12-28,58
marque_generique_traditionnelles,Marques — banques traditionnelles,KBC,KBC,en,2026-01-04,66
marque_generique_traditionnelles,Marques — banques traditionnelles,KBC,KBC,en,2026-01-11,62
marque_generique_traditionnelles,Marques — banques traditionnelles,KBC,KBC,en,2026-01-18,58
marque_generique_traditionnelles,Marques — banques traditionnelles,KBC,KBC,en,2026-01-25,59
marque_generique_traditionnelles,Marques — banques traditionnelles,KBC,KBC,en,2026-02-01,56
marque_generique_traditionnelles,Marques — banques traditionnelles,KBC,KBC,en,2026-02-08,54
marque_generique_traditionnelles,Marques — banques traditionnelles,KBC,KBC,en,2026-02-15,50
marque_generique_traditionnelles,Marques — banques traditionnelles,KBC,KBC,en,2026-02-22,55
marque_generique_traditionnelles,Marques — banques traditionnelles,KBC,KBC,en,2026-03-01,57
marque_generique_traditionnelles,Marques — banques traditionnelles,KBC,KBC,en,2026-03-08,57
marque_generique_traditionnelles,Marques — banques traditionnelles,KBC,KBC,en,2026-03-15,54
marque_generique_traditionnelles,Marques — banques traditionnelles,KBC,KBC,en,2026-03-22,56
marque_generique_traditionnelles,Marques — banques traditionnelles,KBC,KBC,en,2026-03-29,58
marque_generique_traditionnelles,Marques — banques traditionnelles,KBC,KBC,en,2026-04-05,56
marque_generique_traditionnelles,Marques — banques traditionnelles,KBC,KBC,en,2026-04-12,55
marque_generique_traditionnelles,Marques — banques traditionnelles,KBC,KBC,en,2026-04-19,54
marque_generique_traditionnelles,Marques — banques traditionnelles,KBC,KBC,en,2026-04-26,51
marque_generique_traditionnelles,Marques — banques traditionnelles,KBC,KBC,en,2026-05-03,51
marque_generique_traditionnelles,Marques — banques traditionnelles,KBC,KBC,en,2026-05-10,59
marque_generique_traditionnelles,Marques — banques traditionnelles,KBC,KBC,en,2026-05-17,54
marque_generique_traditionnelles,Marques — banques traditionnelles,KBC,KBC,en,2026-05-24,50
marque_generique_traditionnelles,Marques — banques traditionnelles,KBC,KBC,en,2026-05-31,54
marque_generique_traditionnelles,Marques — banques traditionnelles,KBC,KBC,en,2026-06-07,46
marque_generique_traditionnelles,Marques — banques traditionnelles,KBC,KBC,en,2026-06-14,48
marque_generique_traditionnelles,Marques — banques traditionnelles,KBC,KBC,en,2026-06-21,48
marque_generique_traditionnelles,Marques — banques traditionnelles,KBC,KBC,en,2026-06-28,53
marque_generique_traditionnelles,Marques — banques traditionnelles,KBC,KBC,en,2026-07-05,49
marque_generique_traditionnelles,Marques — banques traditionnelles,KBC,KBC,en,2026-07-12,50
marque_generique_traditionnelles,Marques — banques traditionnelles,KBC,KBC,en,2026-07-19,46
marque_generique_traditionnelles,Marques — banques traditionnelles,KBC,KBC,en,2026-07-26,46
marque_generique_traditionnelles,Marques — banques traditionnelles,KBC,KBC,en,2026-08-02,49
marque_generique_traditionnelles,Marques — banques traditionnelles,KBC,KBC,en,2026-08-09,51
marque_generique_traditionnelles,Marques — banques traditionnelles,KBC,KBC,en,2026-08-16,47
marque_generique_traditionnelles,Marques — banques traditionnelles,KBC,KBC,en,2026-08-23,48
marque_generique_traditionnelles,Marques — banques traditionnelles,KBC,KBC,en,2026-08-30,56
marque_generique_traditionnelles,Marques — banques traditionnelles,KBC,KBC,en,2026-09-06,46
marque_generique_traditionnelles,Marques — banques traditionnelles,KBC,KBC,en,2026-09-13,43
marque_generique_traditionnelles_2,Marques — banques traditionnelles (2),Belfius,BELFIUS,multi,2021-09-19,64
marque_generique_traditionnelles_2,Marques — banques traditionnelles (2),Belfius,BELFIUS,multi,2021-09-26,65
marque_generique_traditionnelles_2,Marques — banques traditionnelles (2),Belfius,BELFIUS,multi,2021-10-03,63
marque_generique_traditionnelles_2,Marques — banques traditionnelles (2),Belfius,BELFIUS,multi,2021-10-10,71
marque_generique_traditionnelles_2,Marques — banques traditionnelles (2),Belfius,BELFIUS,multi,2021-10-17,61
marque_generique_traditionnelles_2,Marques — banques traditionnelles (2),Belfius,BELFIUS,multi,2021-10-24,63
marque_generique_traditionnelles_2,Marques — banques traditionnelles (2),Belfius,BELFIUS,multi,2021-10-31,61
marque_generique_traditionnelles_2,Marques — banques traditionnelles (2),Belfius,BELFIUS,multi,2021-11-07,54
marque_generique_traditionnelles_2,Marques — banques traditionnelles (2),Belfius,BELFIUS,multi,2021-11-14,52
marque_generique_traditionnelles_2,Marques — banques traditionnelles (2),Belfius,BELFIUS,multi,2021-11-21,63
marque_generique_traditionnelles_2,Marques — banques traditionnelles (2),Belfius,BELFIUS,multi,2021-11-28,61
marque_generique_traditionnelles_2,Marques — banques traditionnelles (2),Belfius,BELFIUS,multi,2021-12-05,62
marque_generique_traditionnelles_2,Marques — banques traditionnelles (2),Belfius,BELFIUS,multi,2021-12-12,61
marque_generique_traditionnelles_2,Marques — banques traditionnelles (2),Belfius,BELFIUS,multi,2021-12-19,63
marque_generique_traditionnelles_2,Marques — banques traditionnelles (2),Belfius,BELFIUS,multi,2021-12-26,60
marque_generique_traditionnelles_2,Marques — banques traditionnelles (2),Belfius,BELFIUS,multi,2022-01-02,69
marque_generique_traditionnelles_2,Marques — banques traditionnelles (2),Belfius,BELFIUS,multi,2022-01-09,61
marque_generique_traditionnelles_2,Marques — banques traditionnelles (2),Belfius,BELFIUS,multi,2022-01-16,56
marque_generique_traditionnelles_2,Marques — banques traditionnelles (2),Belfius,BELFIUS,multi,2022-01-23,61
marque_generique_traditionnelles_2,Marques — banques traditionnelles (2),Belfius,BELFIUS,multi,2022-01-30,60
marque_generique_traditionnelles_2,Marques — banques traditionnelles (2),Belfius,BELFIUS,multi,2022-02-06,62
marque_generique_traditionnelles_2,Marques — banques traditionnelles (2),Belfius,BELFIUS,multi,2022-02-13,55
marque_generique_traditionnelles_2,Marques — banques traditionnelles (2),Belfius,BELFIUS,multi,2022-02-20,62
marque_generique_traditionnelles_2,Marques — banques traditionnelles (2),Belfius,BELFIUS,multi,2022-02-27,66
marque_generique_traditionnelles_2,Marques — banques traditionnelles (2),Belfius,BELFIUS,multi,2022-03-06,58
marque_generique_traditionnelles_2,Marques — banques traditionnelles (2),Belfius,BELFIUS,multi,2022-03-13,56
marque_generique_traditionnelles_2,Marques — banques traditionnelles (2),Belfius,BELFIUS,multi,2022-03-20,64
marque_generique_traditionnelles_2,Marques — banques traditionnelles (2),Belfius,BELFIUS,multi,2022-03-27,64
marque_generique_traditionnelles_2,Marques — banques traditionnelles (2),Belfius,BELFIUS,multi,2022-04-03,65
marque_generique_traditionnelles_2,Marques — banques traditionnelles (2),Belfius,BELFIUS,multi,2022-04-10,54
marque_generique_traditionnelles_2,Marques — banques traditionnelles (2),Belfius,BELFIUS,multi,2022-04-17,55
marque_generique_traditionnelles_2,Marques — banques traditionnelles (2),Belfius,BELFIUS,multi,2022-04-24,63
marque_generique_traditionnelles_2,Marques — banques traditionnelles (2),Belfius,BELFIUS,multi,2022-05-01,64
marque_generique_traditionnelles_2,Marques — banques traditionnelles (2),Belfius,BELFIUS,multi,2022-05-08,61
marque_generique_traditionnelles_2,Marques — banques traditionnelles (2),Belfius,BELFIUS,multi,2022-05-15,56
marque_generique_traditionnelles_2,Marques — banques traditionnelles (2),Belfius,BELFIUS,multi,2022-05-22,51
marque_generique_traditionnelles_2,Marques — banques traditionnelles (2),Belfius,BELFIUS,multi,2022-05-29,64
marque_generique_traditionnelles_2,Marques — banques traditionnelles (2),Belfius,BELFIUS,multi,2022-06-05,59
marque_generique_traditionnelles_2,Marques — banques traditionnelles (2),Belfius,BELFIUS,multi,2022-06-12,58
marque_generique_traditionnelles_2,Marques — banques traditionnelles (2),Belfius,BELFIUS,multi,2022-06-19,59
marque_generique_traditionnelles_2,Marques — banques traditionnelles (2),Belfius,BELFIUS,multi,2022-06-26,64
marque_generique_traditionnelles_2,Marques — banques traditionnelles (2),Belfius,BELFIUS,multi,2022-07-03,75
marque_generique_traditionnelles_2,Marques — banques traditionnelles (2),Belfius,BELFIUS,multi,2022-07-10,62
marque_generique_traditionnelles_2,Marques — banques traditionnelles (2),Belfius,BELFIUS,multi,2022-07-17,50
marque_generique_traditionnelles_2,Marques — banques traditionnelles (2),Belfius,BELFIUS,multi,2022-07-24,58
marque_generique_traditionnelles_2,Marques — banques traditionnelles (2),Belfius,BELFIUS,multi,2022-07-31,61
marque_generique_traditionnelles_2,Marques — banques traditionnelles (2),Belfius,BELFIUS,multi,2022-08-07,56
marque_generique_traditionnelles_2,Marques — banques traditionnelles (2),Belfius,BELFIUS,multi,2022-08-14,51
marque_generique_traditionnelles_2,Marques — banques traditionnelles (2),Belfius,BELFIUS,multi,2022-08-21,57
marque_generique_traditionnelles_2,Marques — banques traditionnelles (2),Belfius,BELFIUS,multi,2022-08-28,60
marque_generique_traditionnelles_2,Marques — banques traditionnelles (2),Belfius,BELFIUS,multi,2022-09-04,58
marque_generique_traditionnelles_2,Marques — banques traditionnelles (2),Belfius,BELFIUS,multi,2022-09-11,58
marque_generique_traditionnelles_2,Marques — banques traditionnelles (2),Belfius,BELFIUS,multi,2022-09-18,56
marque_generique_traditionnelles_2,Marques — banques traditionnelles (2),Belfius,BELFIUS,multi,2022-09-25,60
marque_generique_traditionnelles_2,Marques — banques traditionnelles (2),Belfius,BELFIUS,multi,2022-10-02,63
marque_generique_traditionnelles_2,Marques — banques traditionnelles (2),Belfius,BELFIUS,multi,2022-10-09,53
marque_generique_traditionnelles_2,Marques — banques traditionnelles (2),Belfius,BELFIUS,multi,2022-10-16,57
marque_generique_traditionnelles_2,Marques — banques traditionnelles (2),Belfius,BELFIUS,multi,2022-10-23,56
marque_generique_traditionnelles_2,Marques — banques traditionnelles (2),Belfius,BELFIUS,multi,2022-10-30,50
marque_generique_traditionnelles_2,Marques — banques traditionnelles (2),Belfius,BELFIUS,multi,2022-11-06,47
marque_generique_traditionnelles_2,Marques — banques traditionnelles (2),Belfius,BELFIUS,multi,2022-11-13,71
marque_generique_traditionnelles_2,Marques — banques traditionnelles (2),Belfius,BELFIUS,multi,2022-11-20,54
marque_generique_traditionnelles_2,Marques — banques traditionnelles (2),Belfius,BELFIUS,multi,2022-11-27,54
marque_generique_traditionnelles_2,Marques — banques traditionnelles (2),Belfius,BELFIUS,multi,2022-12-04,50
marque_generique_traditionnelles_2,Marques — banques traditionnelles (2),Belfius,BELFIUS,multi,2022-12-11,53
marque_generique_traditionnelles_2,Marques — banques traditionnelles (2),Belfius,BELFIUS,multi,2022-12-18,60
marque_generique_traditionnelles_2,Marques — banques traditionnelles (2),Belfius,BELFIUS,multi,2022-12-25,58
marque_generique_traditionnelles_2,Marques — banques traditionnelles (2),Belfius,BELFIUS,multi,2023-01-01,61
marque_generique_traditionnelles_2,Marques — banques traditionnelles (2),Belfius,BELFIUS,multi,2023-01-08,55
marque_generique_traditionnelles_2,Marques — banques traditionnelles (2),Belfius,BELFIUS,multi,2023-01-15,53
marque_generique_traditionnelles_2,Marques — banques traditionnelles (2),Belfius,BELFIUS,multi,2023-01-22,57
marque_generique_traditionnelles_2,Marques — banques traditionnelles (2),Belfius,BELFIUS,multi,2023-01-29,61
marque_generique_traditionnelles_2,Marques — banques traditionnelles (2),Belfius,BELFIUS,multi,2023-02-05,56
marque_generique_traditionnelles_2,Marques — banques traditionnelles (2),Belfius,BELFIUS,multi,2023-02-12,54
marque_generique_traditionnelles_2,Marques — banques traditionnelles (2),Belfius,BELFIUS,multi,2023-02-19,55
marque_generique_traditionnelles_2,Marques — banques traditionnelles (2),Belfius,BELFIUS,multi,2023-02-26,57
marque_generique_traditionnelles_2,Marques — banques traditionnelles (2),Belfius,BELFIUS,multi,2023-03-05,54
marque_generique_traditionnelles_2,Marques — banques traditionnelles (2),Belfius,BELFIUS,multi,2023-03-12,53
marque_generique_traditionnelles_2,Marques — banques traditionnelles (2),Belfius,BELFIUS,multi,2023-03-19,53
marque_generique_traditionnelles_2,Marques — banques traditionnelles (2),Belfius,BELFIUS,multi,2023-03-26,51
marque_generique_traditionnelles_2,Marques — banques traditionnelles (2),Belfius,BELFIUS,multi,2023-04-02,55
marque_generique_traditionnelles_2,Marques — banques traditionnelles (2),Belfius,BELFIUS,multi,2023-04-09,58
marque_generique_traditionnelles_2,Marques — banques traditionnelles (2),Belfius,BELFIUS,multi,2023-04-16,50
marque_generique_traditionnelles_2,Marques — banques traditionnelles (2),Belfius,BELFIUS,multi,2023-04-23,52
marque_generique_traditionnelles_2,Marques — banques traditionnelles (2),Belfius,BELFIUS,multi,2023-04-30,47
marque_generique_traditionnelles_2,Marques — banques traditionnelles (2),Belfius,BELFIUS,multi,2023-05-07,49
marque_generique_traditionnelles_2,Marques — banques traditionnelles (2),Belfius,BELFIUS,multi,2023-05-14,43
marque_generique_traditionnelles_2,Marques — banques traditionnelles (2),Belfius,BELFIUS,multi,2023-05-21,51
marque_generique_traditionnelles_2,Marques — banques traditionnelles (2),Belfius,BELFIUS,multi,2023-05-28,47
marque_generique_traditionnelles_2,Marques — banques traditionnelles (2),Belfius,BELFIUS,multi,2023-06-04,52
marque_generique_traditionnelles_2,Marques — banques traditionnelles (2),Belfius,BELFIUS,multi,2023-06-11,50
marque_generique_traditionnelles_2,Marques — banques traditionnelles (2),Belfius,BELFIUS,multi,2023-06-18,49
marque_generique_traditionnelles_2,Marques — banques traditionnelles (2),Belfius,BELFIUS,multi,2023-06-25,56
marque_generique_traditionnelles_2,Marques — banques traditionnelles (2),Belfius,BELFIUS,multi,2023-07-02,62
marque_generique_traditionnelles_2,Marques — banques traditionnelles (2),Belfius,BELFIUS,multi,2023-07-09,60
marque_generique_traditionnelles_2,Marques — banques traditionnelles (2),Belfius,BELFIUS,multi,2023-07-16,46
marque_generique_traditionnelles_2,Marques — banques traditionnelles (2),Belfius,BELFIUS,multi,2023-07-23,55
marque_generique_traditionnelles_2,Marques — banques traditionnelles (2),Belfius,BELFIUS,multi,2023-07-30,53
marque_generique_traditionnelles_2,Marques — banques traditionnelles (2),Belfius,BELFIUS,multi,2023-08-06,54
marque_generique_traditionnelles_2,Marques — banques traditionnelles (2),Belfius,BELFIUS,multi,2023-08-13,47
marque_generique_traditionnelles_2,Marques — banques traditionnelles (2),Belfius,BELFIUS,multi,2023-08-20,67
marque_generique_traditionnelles_2,Marques — banques traditionnelles (2),Belfius,BELFIUS,multi,2023-08-27,76
marque_generique_traditionnelles_2,Marques — banques traditionnelles (2),Belfius,BELFIUS,multi,2023-09-03,54
marque_generique_traditionnelles_2,Marques — banques traditionnelles (2),Belfius,BELFIUS,multi,2023-09-10,56
marque_generique_traditionnelles_2,Marques — banques traditionnelles (2),Belfius,BELFIUS,multi,2023-09-17,51
marque_generique_traditionnelles_2,Marques — banques traditionnelles (2),Belfius,BELFIUS,multi,2023-09-24,57
marque_generique_traditionnelles_2,Marques — banques traditionnelles (2),Belfius,BELFIUS,multi,2023-10-01,62
marque_generique_traditionnelles_2,Marques — banques traditionnelles (2),Belfius,BELFIUS,multi,2023-10-08,52
marque_generique_traditionnelles_2,Marques — banques traditionnelles (2),Belfius,BELFIUS,multi,2023-10-15,53
marque_generique_traditionnelles_2,Marques — banques traditionnelles (2),Belfius,BELFIUS,multi,2023-10-22,54
marque_generique_traditionnelles_2,Marques — banques traditionnelles (2),Belfius,BELFIUS,multi,2023-10-29,49
marque_generique_traditionnelles_2,Marques — banques traditionnelles (2),Belfius,BELFIUS,multi,2023-11-05,48
marque_generique_traditionnelles_2,Marques — banques traditionnelles (2),Belfius,BELFIUS,multi,2023-11-12,47
marque_generique_traditionnelles_2,Marques — banques traditionnelles (2),Belfius,BELFIUS,multi,2023-11-19,50
marque_generique_traditionnelles_2,Marques — banques traditionnelles (2),Belfius,BELFIUS,multi,2023-11-26,51
marque_generique_traditionnelles_2,Marques — banques traditionnelles (2),Belfius,BELFIUS,multi,2023-12-03,54
marque_generique_traditionnelles_2,Marques — banques traditionnelles (2),Belfius,BELFIUS,multi,2023-12-10,54
marque_generique_traditionnelles_2,Marques — banques traditionnelles (2),Belfius,BELFIUS,multi,2023-12-17,58
marque_generique_traditionnelles_2,Marques — banques traditionnelles (2),Belfius,BELFIUS,multi,2023-12-24,49
marque_generique_traditionnelles_2,Marques — banques traditionnelles (2),Belfius,BELFIUS,multi,2023-12-31,55
marque_generique_traditionnelles_2,Marques — banques traditionnelles (2),Belfius,BELFIUS,multi,2024-01-07,54
marque_generique_traditionnelles_2,Marques — banques traditionnelles (2),Belfius,BELFIUS,multi,2024-01-14,57
marque_generique_traditionnelles_2,Marques — banques traditionnelles (2),Belfius,BELFIUS,multi,2024-01-21,57
marque_generique_traditionnelles_2,Marques — banques traditionnelles (2),Belfius,BELFIUS,multi,2024-01-28,58
marque_generique_traditionnelles_2,Marques — banques traditionnelles (2),Belfius,BELFIUS,multi,2024-02-04,57
marque_generique_traditionnelles_2,Marques — banques traditionnelles (2),Belfius,BELFIUS,multi,2024-02-11,52
marque_generique_traditionnelles_2,Marques — banques traditionnelles (2),Belfius,BELFIUS,multi,2024-02-18,65
marque_generique_traditionnelles_2,Marques — banques traditionnelles (2),Belfius,BELFIUS,multi,2024-02-25,56
marque_generique_traditionnelles_2,Marques — banques traditionnelles (2),Belfius,BELFIUS,multi,2024-03-03,57
marque_generique_traditionnelles_2,Marques — banques traditionnelles (2),Belfius,BELFIUS,multi,2024-03-10,58
marque_generique_traditionnelles_2,Marques — banques traditionnelles (2),Belfius,BELFIUS,multi,2024-03-17,53
marque_generique_traditionnelles_2,Marques — banques traditionnelles (2),Belfius,BELFIUS,multi,2024-03-24,59
marque_generique_traditionnelles_2,Marques — banques traditionnelles (2),Belfius,BELFIUS,multi,2024-03-31,58
marque_generique_traditionnelles_2,Marques — banques traditionnelles (2),Belfius,BELFIUS,multi,2024-04-07,55
marque_generique_traditionnelles_2,Marques — banques traditionnelles (2),Belfius,BELFIUS,multi,2024-04-14,59
marque_generique_traditionnelles_2,Marques — banques traditionnelles (2),Belfius,BELFIUS,multi,2024-04-21,54
marque_generique_traditionnelles_2,Marques — banques traditionnelles (2),Belfius,BELFIUS,multi,2024-04-28,49
marque_generique_traditionnelles_2,Marques — banques traditionnelles (2),Belfius,BELFIUS,multi,2024-05-05,49
marque_generique_traditionnelles_2,Marques — banques traditionnelles (2),Belfius,BELFIUS,multi,2024-05-12,54
marque_generique_traditionnelles_2,Marques — banques traditionnelles (2),Belfius,BELFIUS,multi,2024-05-19,51
marque_generique_traditionnelles_2,Marques — banques traditionnelles (2),Belfius,BELFIUS,multi,2024-05-26,56
marque_generique_traditionnelles_2,Marques — banques traditionnelles (2),Belfius,BELFIUS,multi,2024-06-02,52
marque_generique_traditionnelles_2,Marques — banques traditionnelles (2),Belfius,BELFIUS,multi,2024-06-09,51
marque_generique_traditionnelles_2,Marques — banques traditionnelles (2),Belfius,BELFIUS,multi,2024-06-16,53
marque_generique_traditionnelles_2,Marques — banques traditionnelles (2),Belfius,BELFIUS,multi,2024-06-23,49
marque_generique_traditionnelles_2,Marques — banques traditionnelles (2),Belfius,BELFIUS,multi,2024-06-30,58
marque_generique_traditionnelles_2,Marques — banques traditionnelles (2),Belfius,BELFIUS,multi,2024-07-07,55
marque_generique_traditionnelles_2,Marques — banques traditionnelles (2),Belfius,BELFIUS,multi,2024-07-14,57
marque_generique_traditionnelles_2,Marques — banques traditionnelles (2),Belfius,BELFIUS,multi,2024-07-21,57
marque_generique_traditionnelles_2,Marques — banques traditionnelles (2),Belfius,BELFIUS,multi,2024-07-28,53
marque_generique_traditionnelles_2,Marques — banques traditionnelles (2),Belfius,BELFIUS,multi,2024-08-04,53
marque_generique_traditionnelles_2,Marques — banques traditionnelles (2),Belfius,BELFIUS,multi,2024-08-11,47
marque_generique_traditionnelles_2,Marques — banques traditionnelles (2),Belfius,BELFIUS,multi,2024-08-18,54
marque_generique_traditionnelles_2,Marques — banques traditionnelles (2),Belfius,BELFIUS,multi,2024-08-25,58
marque_generique_traditionnelles_2,Marques — banques traditionnelles (2),Belfius,BELFIUS,multi,2024-09-01,90
marque_generique_traditionnelles_2,Marques — banques traditionnelles (2),Belfius,BELFIUS,multi,2024-09-08,62
marque_generique_traditionnelles_2,Marques — banques traditionnelles (2),Belfius,BELFIUS,multi,2024-09-15,55
marque_generique_traditionnelles_2,Marques — banques traditionnelles (2),Belfius,BELFIUS,multi,2024-09-22,60
marque_generique_traditionnelles_2,Marques — banques traditionnelles (2),Belfius,BELFIUS,multi,2024-09-29,59
marque_generique_traditionnelles_2,Marques — banques traditionnelles (2),Belfius,BELFIUS,multi,2024-10-06,56
marque_generique_traditionnelles_2,Marques — banques traditionnelles (2),Belfius,BELFIUS,multi,2024-10-13,52
marque_generique_traditionnelles_2,Marques — banques traditionnelles (2),Belfius,BELFIUS,multi,2024-10-20,50
marque_generique_traditionnelles_2,Marques — banques traditionnelles (2),Belfius,BELFIUS,multi,2024-10-27,88
marque_generique_traditionnelles_2,Marques — banques traditionnelles (2),Belfius,BELFIUS,multi,2024-11-03,54
marque_generique_traditionnelles_2,Marques — banques traditionnelles (2),Belfius,BELFIUS,multi,2024-11-10,46
marque_generique_traditionnelles_2,Marques — banques traditionnelles (2),Belfius,BELFIUS,multi,2024-11-17,49
marque_generique_traditionnelles_2,Marques — banques traditionnelles (2),Belfius,BELFIUS,multi,2024-11-24,50
marque_generique_traditionnelles_2,Marques — banques traditionnelles (2),Belfius,BELFIUS,multi,2024-12-01,52
marque_generique_traditionnelles_2,Marques — banques traditionnelles (2),Belfius,BELFIUS,multi,2024-12-08,52
marque_generique_traditionnelles_2,Marques — banques traditionnelles (2),Belfius,BELFIUS,multi,2024-12-15,64
marque_generique_traditionnelles_2,Marques — banques traditionnelles (2),Belfius,BELFIUS,multi,2024-12-22,49
marque_generique_traditionnelles_2,Marques — banques traditionnelles (2),Belfius,BELFIUS,multi,2024-12-29,61
marque_generique_traditionnelles_2,Marques — banques traditionnelles (2),Belfius,BELFIUS,multi,2025-01-05,54
marque_generique_traditionnelles_2,Marques — banques traditionnelles (2),Belfius,BELFIUS,multi,2025-01-12,52
marque_generique_traditionnelles_2,Marques — banques traditionnelles (2),Belfius,BELFIUS,multi,2025-01-19,58
marque_generique_traditionnelles_2,Marques — banques traditionnelles (2),Belfius,BELFIUS,multi,2025-01-26,55
marque_generique_traditionnelles_2,Marques — banques traditionnelles (2),Belfius,BELFIUS,multi,2025-02-02,53
marque_generique_traditionnelles_2,Marques — banques traditionnelles (2),Belfius,BELFIUS,multi,2025-02-09,59
marque_generique_traditionnelles_2,Marques — banques traditionnelles (2),Belfius,BELFIUS,multi,2025-02-16,54
marque_generique_traditionnelles_2,Marques — banques traditionnelles (2),Belfius,BELFIUS,multi,2025-02-23,55
marque_generique_traditionnelles_2,Marques — banques traditionnelles (2),Belfius,BELFIUS,multi,2025-03-02,53
marque_generique_traditionnelles_2,Marques — banques traditionnelles (2),Belfius,BELFIUS,multi,2025-03-09,55
marque_generique_traditionnelles_2,Marques — banques traditionnelles (2),Belfius,BELFIUS,multi,2025-03-16,53
marque_generique_traditionnelles_2,Marques — banques traditionnelles (2),Belfius,BELFIUS,multi,2025-03-23,56
marque_generique_traditionnelles_2,Marques — banques traditionnelles (2),Belfius,BELFIUS,multi,2025-03-30,58
marque_generique_traditionnelles_2,Marques — banques traditionnelles (2),Belfius,BELFIUS,multi,2025-04-06,54
marque_generique_traditionnelles_2,Marques — banques traditionnelles (2),Belfius,BELFIUS,multi,2025-04-13,57
marque_generique_traditionnelles_2,Marques — banques traditionnelles (2),Belfius,BELFIUS,multi,2025-04-20,47
marque_generique_traditionnelles_2,Marques — banques traditionnelles (2),Belfius,BELFIUS,multi,2025-04-27,51
marque_generique_traditionnelles_2,Marques — banques traditionnelles (2),Belfius,BELFIUS,multi,2025-05-04,54
marque_generique_traditionnelles_2,Marques — banques traditionnelles (2),Belfius,BELFIUS,multi,2025-05-11,48
marque_generique_traditionnelles_2,Marques — banques traditionnelles (2),Belfius,BELFIUS,multi,2025-05-18,53
marque_generique_traditionnelles_2,Marques — banques traditionnelles (2),Belfius,BELFIUS,multi,2025-05-25,53
marque_generique_traditionnelles_2,Marques — banques traditionnelles (2),Belfius,BELFIUS,multi,2025-06-01,54
marque_generique_traditionnelles_2,Marques — banques traditionnelles (2),Belfius,BELFIUS,multi,2025-06-08,48
marque_generique_traditionnelles_2,Marques — banques traditionnelles (2),Belfius,BELFIUS,multi,2025-06-15,53
marque_generique_traditionnelles_2,Marques — banques traditionnelles (2),Belfius,BELFIUS,multi,2025-06-22,54
marque_generique_traditionnelles_2,Marques — banques traditionnelles (2),Belfius,BELFIUS,multi,2025-06-29,59
marque_generique_traditionnelles_2,Marques — banques traditionnelles (2),Belfius,BELFIUS,multi,2025-07-06,57
marque_generique_traditionnelles_2,Marques — banques traditionnelles (2),Belfius,BELFIUS,multi,2025-07-13,59
marque_generique_traditionnelles_2,Marques — banques traditionnelles (2),Belfius,BELFIUS,multi,2025-07-20,50
marque_generique_traditionnelles_2,Marques — banques traditionnelles (2),Belfius,BELFIUS,multi,2025-07-27,54
marque_generique_traditionnelles_2,Marques — banques traditionnelles (2),Belfius,BELFIUS,multi,2025-08-03,59
marque_generique_traditionnelles_2,Marques — banques traditionnelles (2),Belfius,BELFIUS,multi,2025-08-10,46
marque_generique_traditionnelles_2,Marques — banques traditionnelles (2),Belfius,BELFIUS,multi,2025-08-17,49
marque_generique_traditionnelles_2,Marques — banques traditionnelles (2),Belfius,BELFIUS,multi,2025-08-24,64
marque_generique_traditionnelles_2,Marques — banques traditionnelles (2),Belfius,BELFIUS,multi,2025-08-31,57
marque_generique_traditionnelles_2,Marques — banques traditionnelles (2),Belfius,BELFIUS,multi,2025-09-07,56
marque_generique_traditionnelles_2,Marques — banques traditionnelles (2),Belfius,BELFIUS,multi,2025-09-14,50
marque_generique_traditionnelles_2,Marques — banques traditionnelles (2),Belfius,BELFIUS,multi,2025-09-21,52
marque_generique_traditionnelles_2,Marques — banques traditionnelles (2),Belfius,BELFIUS,multi,2025-09-28,57
marque_generique_traditionnelles_2,Marques — banques traditionnelles (2),Belfius,BELFIUS,multi,2025-10-05,57
marque_generique_traditionnelles_2,Marques — banques traditionnelles (2),Belfius,BELFIUS,multi,2025-10-12,50
marque_generique_traditionnelles_2,Marques — banques traditionnelles (2),Belfius,BELFIUS,multi,2025-10-19,53
marque_generique_traditionnelles_2,Marques — banques traditionnelles (2),Belfius,BELFIUS,multi,2025-10-26,52
marque_generique_traditionnelles_2,Marques — banques traditionnelles (2),Belfius,BELFIUS,multi,2025-11-02,50
marque_generique_traditionnelles_2,Marques — banques traditionnelles (2),Belfius,BELFIUS,multi,2025-11-09,46
marque_generique_traditionnelles_2,Marques — banques traditionnelles (2),Belfius,BELFIUS,multi,2025-11-16,51
marque_generique_traditionnelles_2,Marques — banques traditionnelles (2),Belfius,BELFIUS,multi,2025-11-23,52
marque_generique_traditionnelles_2,Marques — banques traditionnelles (2),Belfius,BELFIUS,multi,2025-11-30,52
marque_generique_traditionnelles_2,Marques — banques traditionnelles (2),Belfius,BELFIUS,multi,2025-12-07,51
marque_generique_traditionnelles_2,Marques — banques traditionnelles (2),Belfius,BELFIUS,multi,2025-12-14,51
marque_generique_traditionnelles_2,Marques — banques traditionnelles (2),Belfius,BELFIUS,multi,2025-12-21,45
marque_generique_traditionnelles_2,Marques — banques traditionnelles (2),Belfius,BELFIUS,multi,2025-12-28,51
marque_generique_traditionnelles_2,Marques — banques traditionnelles (2),Belfius,BELFIUS,multi,2026-01-04,51
marque_generique_traditionnelles_2,Marques — banques traditionnelles (2),Belfius,BELFIUS,multi,2026-01-11,50
marque_generique_traditionnelles_2,Marques — banques traditionnelles (2),Belfius,BELFIUS,multi,2026-01-18,51
marque_generique_traditionnelles_2,Marques — banques traditionnelles (2),Belfius,BELFIUS,multi,2026-01-25,54
marque_generique_traditionnelles_2,Marques — banques traditionnelles (2),Belfius,BELFIUS,multi,2026-02-01,55
marque_generique_traditionnelles_2,Marques — banques traditionnelles (2),Belfius,BELFIUS,multi,2026-02-08,48
marque_generique_traditionnelles_2,Marques — banques traditionnelles (2),Belfius,BELFIUS,multi,2026-02-15,46
marque_generique_traditionnelles_2,Marques — banques traditionnelles (2),Belfius,BELFIUS,multi,2026-02-22,49
marque_generique_traditionnelles_2,Marques — banques traditionnelles (2),Belfius,BELFIUS,multi,2026-03-01,52
marque_generique_traditionnelles_2,Marques — banques traditionnelles (2),Belfius,BELFIUS,multi,2026-03-08,53
marque_generique_traditionnelles_2,Marques — banques traditionnelles (2),Belfius,BELFIUS,multi,2026-03-15,49
marque_generique_traditionnelles_2,Marques — banques traditionnelles (2),Belfius,BELFIUS,multi,2026-03-22,52
marque_generique_traditionnelles_2,Marques — banques traditionnelles (2),Belfius,BELFIUS,multi,2026-03-29,54
marque_generique_traditionnelles_2,Marques — banques traditionnelles (2),Belfius,BELFIUS,multi,2026-04-05,47
marque_generique_traditionnelles_2,Marques — banques traditionnelles (2),Belfius,BELFIUS,multi,2026-04-12,49
marque_generique_traditionnelles_2,Marques — banques traditionnelles (2),Belfius,BELFIUS,multi,2026-04-19,51
marque_generique_traditionnelles_2,Marques — banques traditionnelles (2),Belfius,BELFIUS,multi,2026-04-26,46
marque_generique_traditionnelles_2,Marques — banques traditionnelles (2),Belfius,BELFIUS,multi,2026-05-03,55
marque_generique_traditionnelles_2,Marques — banques traditionnelles (2),Belfius,BELFIUS,multi,2026-05-10,43
marque_generique_traditionnelles_2,Marques — banques traditionnelles (2),Belfius,BELFIUS,multi,2026-05-17,50
marque_generique_traditionnelles_2,Marques — banques traditionnelles (2),Belfius,BELFIUS,multi,2026-05-24,47
marque_generique_traditionnelles_2,Marques — banques traditionnelles (2),Belfius,BELFIUS,multi,2026-05-31,56
marque_generique_traditionnelles_2,Marques — banques traditionnelles (2),Belfius,BELFIUS,multi,2026-06-07,56
marque_generique_traditionnelles_2,Marques — banques traditionnelles (2),Belfius,BELFIUS,multi,2026-06-14,45
marque_generique_traditionnelles_2,Marques — banques traditionnelles (2),Belfius,BELFIUS,multi,2026-06-21,48
marque_generique_traditionnelles_2,Marques — banques traditionnelles (2),Belfius,BELFIUS,multi,2026-06-28,54
marque_generique_traditionnelles_2,Marques — banques traditionnelles (2),Belfius,BELFIUS,multi,2026-07-05,52
marque_generique_traditionnelles_2,Marques — banques traditionnelles (2),Belfius,BELFIUS,multi,2026-07-12,46
marque_generique_traditionnelles_2,Marques — banques traditionnelles (2),Belfius,BELFIUS,multi,2026-07-19,44
marque_generique_traditionnelles_2,Marques — banques traditionnelles (2),Belfius,BELFIUS,multi,2026-07-26,46
marque_generique_traditionnelles_2,Marques — banques traditionnelles (2),Belfius,BELFIUS,multi,2026-08-02,49
marque_generique_traditionnelles_2,Marques — banques traditionnelles (2),Belfius,BELFIUS,multi,2026-08-09,64
marque_generique_traditionnelles_2,Marques — banques traditionnelles (2),Belfius,BELFIUS,multi,2026-08-16,45
marque_generique_traditionnelles_2,Marques — banques traditionnelles (2),Belfius,BELFIUS,multi,2026-08-23,46
marque_generique_traditionnelles_2,Marques — banques traditionnelles (2),Belfius,BELFIUS,multi,2026-08-30,51
marque_generique_traditionnelles_2,Marques — banques traditionnelles (2),Belfius,BELFIUS,multi,2026-09-06,51
marque_generique_traditionnelles_2,Marques — banques traditionnelles (2),Belfius,BELFIUS,multi,2026-09-13,49
marque_generique_traditionnelles_2,Marques — banques traditionnelles (2),Belfius,BELFIUS,multi,2026-09-20,43
marque_generique_traditionnelles_2,Marques — banques traditionnelles (2),Beobank,BEOBANK,multi,2021-09-19,15
marque_generique_traditionnelles_2,Marques — banques traditionnelles (2),Beobank,BEOBANK,multi,2021-09-26,16
marque_generique_traditionnelles_2,Marques — banques traditionnelles (2),Beobank,BEOBANK,multi,2021-10-03,15
marque_generique_traditionnelles_2,Marques — banques traditionnelles (2),Beobank,BEOBANK,multi,2021-10-10,14
marque_generique_traditionnelles_2,Marques — banques traditionnelles (2),Beobank,BEOBANK,multi,2021-10-17,14
marque_generique_traditionnelles_2,Marques — banques traditionnelles (2),Beobank,BEOBANK,multi,2021-10-24,15
marque_generique_traditionnelles_2,Marques — banques traditionnelles (2),Beobank,BEOBANK,multi,2021-10-31,14
marque_generique_traditionnelles_2,Marques — banques traditionnelles (2),Beobank,BEOBANK,multi,2021-11-07,14
marque_generique_traditionnelles_2,Marques — banques traditionnelles (2),Beobank,BEOBANK,multi,2021-11-14,14
marque_generique_traditionnelles_2,Marques — banques traditionnelles (2),Beobank,BEOBANK,multi,2021-11-21,13
marque_generique_traditionnelles_2,Marques — banques traditionnelles (2),Beobank,BEOBANK,multi,2021-11-28,13
marque_generique_traditionnelles_2,Marques — banques traditionnelles (2),Beobank,BEOBANK,multi,2021-12-05,14
marque_generique_traditionnelles_2,Marques — banques traditionnelles (2),Beobank,BEOBANK,multi,2021-12-12,14
marque_generique_traditionnelles_2,Marques — banques traditionnelles (2),Beobank,BEOBANK,multi,2021-12-19,14
marque_generique_traditionnelles_2,Marques — banques traditionnelles (2),Beobank,BEOBANK,multi,2021-12-26,14
marque_generique_traditionnelles_2,Marques — banques traditionnelles (2),Beobank,BEOBANK,multi,2022-01-02,16
marque_generique_traditionnelles_2,Marques — banques traditionnelles (2),Beobank,BEOBANK,multi,2022-01-09,15
marque_generique_traditionnelles_2,Marques — banques traditionnelles (2),Beobank,BEOBANK,multi,2022-01-16,14
marque_generique_traditionnelles_2,Marques — banques traditionnelles (2),Beobank,BEOBANK,multi,2022-01-23,15
marque_generique_traditionnelles_2,Marques — banques traditionnelles (2),Beobank,BEOBANK,multi,2022-01-30,17
marque_generique_traditionnelles_2,Marques — banques traditionnelles (2),Beobank,BEOBANK,multi,2022-02-06,16
marque_generique_traditionnelles_2,Marques — banques traditionnelles (2),Beobank,BEOBANK,multi,2022-02-13,14
marque_generique_traditionnelles_2,Marques — banques traditionnelles (2),Beobank,BEOBANK,multi,2022-02-20,14
marque_generique_traditionnelles_2,Marques — banques traditionnelles (2),Beobank,BEOBANK,multi,2022-02-27,15
marque_generique_traditionnelles_2,Marques — banques traditionnelles (2),Beobank,BEOBANK,multi,2022-03-06,13
marque_generique_traditionnelles_2,Marques — banques traditionnelles (2),Beobank,BEOBANK,multi,2022-03-13,13
marque_generique_traditionnelles_2,Marques — banques traditionnelles (2),Beobank,BEOBANK,multi,2022-03-20,14
marque_generique_traditionnelles_2,Marques — banques traditionnelles (2),Beobank,BEOBANK,multi,2022-03-27,15
marque_generique_traditionnelles_2,Marques — banques traditionnelles (2),Beobank,BEOBANK,multi,2022-04-03,15
marque_generique_traditionnelles_2,Marques — banques traditionnelles (2),Beobank,BEOBANK,multi,2022-04-10,13
marque_generique_traditionnelles_2,Marques — banques traditionnelles (2),Beobank,BEOBANK,multi,2022-04-17,13
marque_generique_traditionnelles_2,Marques — banques traditionnelles (2),Beobank,BEOBANK,multi,2022-04-24,15
marque_generique_traditionnelles_2,Marques — banques traditionnelles (2),Beobank,BEOBANK,multi,2022-05-01,14
marque_generique_traditionnelles_2,Marques — banques traditionnelles (2),Beobank,BEOBANK,multi,2022-05-08,16
marque_generique_traditionnelles_2,Marques — banques traditionnelles (2),Beobank,BEOBANK,multi,2022-05-15,13
marque_generique_traditionnelles_2,Marques — banques traditionnelles (2),Beobank,BEOBANK,multi,2022-05-22,14
marque_generique_traditionnelles_2,Marques — banques traditionnelles (2),Beobank,BEOBANK,multi,2022-05-29,17
marque_generique_traditionnelles_2,Marques — banques traditionnelles (2),Beobank,BEOBANK,multi,2022-06-05,14
marque_generique_traditionnelles_2,Marques — banques traditionnelles (2),Beobank,BEOBANK,multi,2022-06-12,14
marque_generique_traditionnelles_2,Marques — banques traditionnelles (2),Beobank,BEOBANK,multi,2022-06-19,15
marque_generique_traditionnelles_2,Marques — banques traditionnelles (2),Beobank,BEOBANK,multi,2022-06-26,17
marque_generique_traditionnelles_2,Marques — banques traditionnelles (2),Beobank,BEOBANK,multi,2022-07-03,16
marque_generique_traditionnelles_2,Marques — banques traditionnelles (2),Beobank,BEOBANK,multi,2022-07-10,15
marque_generique_traditionnelles_2,Marques — banques traditionnelles (2),Beobank,BEOBANK,multi,2022-07-17,14
marque_generique_traditionnelles_2,Marques — banques traditionnelles (2),Beobank,BEOBANK,multi,2022-07-24,15
marque_generique_traditionnelles_2,Marques — banques traditionnelles (2),Beobank,BEOBANK,multi,2022-07-31,16
marque_generique_traditionnelles_2,Marques — banques traditionnelles (2),Beobank,BEOBANK,multi,2022-08-07,14
marque_generique_traditionnelles_2,Marques — banques traditionnelles (2),Beobank,BEOBANK,multi,2022-08-14,13
marque_generique_traditionnelles_2,Marques — banques traditionnelles (2),Beobank,BEOBANK,multi,2022-08-21,14
marque_generique_traditionnelles_2,Marques — banques traditionnelles (2),Beobank,BEOBANK,multi,2022-08-28,14
marque_generique_traditionnelles_2,Marques — banques traditionnelles (2),Beobank,BEOBANK,multi,2022-09-04,15
marque_generique_traditionnelles_2,Marques — banques traditionnelles (2),Beobank,BEOBANK,multi,2022-09-11,14
marque_generique_traditionnelles_2,Marques — banques traditionnelles (2),Beobank,BEOBANK,multi,2022-09-18,14
marque_generique_traditionnelles_2,Marques — banques traditionnelles (2),Beobank,BEOBANK,multi,2022-09-25,14
marque_generique_traditionnelles_2,Marques — banques traditionnelles (2),Beobank,BEOBANK,multi,2022-10-02,15
marque_generique_traditionnelles_2,Marques — banques traditionnelles (2),Beobank,BEOBANK,multi,2022-10-09,15
marque_generique_traditionnelles_2,Marques — banques traditionnelles (2),Beobank,BEOBANK,multi,2022-10-16,14
marque_generique_traditionnelles_2,Marques — banques traditionnelles (2),Beobank,BEOBANK,multi,2022-10-23,15
marque_generique_traditionnelles_2,Marques — banques traditionnelles (2),Beobank,BEOBANK,multi,2022-10-30,13
marque_generique_traditionnelles_2,Marques — banques traditionnelles (2),Beobank,BEOBANK,multi,2022-11-06,13
marque_generique_traditionnelles_2,Marques — banques traditionnelles (2),Beobank,BEOBANK,multi,2022-11-13,14
marque_generique_traditionnelles_2,Marques — banques traditionnelles (2),Beobank,BEOBANK,multi,2022-11-20,13
marque_generique_traditionnelles_2,Marques — banques traditionnelles (2),Beobank,BEOBANK,multi,2022-11-27,13
marque_generique_traditionnelles_2,Marques — banques traditionnelles (2),Beobank,BEOBANK,multi,2022-12-04,13
marque_generique_traditionnelles_2,Marques — banques traditionnelles (2),Beobank,BEOBANK,multi,2022-12-11,13
marque_generique_traditionnelles_2,Marques — banques traditionnelles (2),Beobank,BEOBANK,multi,2022-12-18,14
marque_generique_traditionnelles_2,Marques — banques traditionnelles (2),Beobank,BEOBANK,multi,2022-12-25,14
marque_generique_traditionnelles_2,Marques — banques traditionnelles (2),Beobank,BEOBANK,multi,2023-01-01,16
marque_generique_traditionnelles_2,Marques — banques traditionnelles (2),Beobank,BEOBANK,multi,2023-01-08,15
marque_generique_traditionnelles_2,Marques — banques traditionnelles (2),Beobank,BEOBANK,multi,2023-01-15,13
marque_generique_traditionnelles_2,Marques — banques traditionnelles (2),Beobank,BEOBANK,multi,2023-01-22,15
marque_generique_traditionnelles_2,Marques — banques traditionnelles (2),Beobank,BEOBANK,multi,2023-01-29,17
marque_generique_traditionnelles_2,Marques — banques traditionnelles (2),Beobank,BEOBANK,multi,2023-02-05,15
marque_generique_traditionnelles_2,Marques — banques traditionnelles (2),Beobank,BEOBANK,multi,2023-02-12,14
marque_generique_traditionnelles_2,Marques — banques traditionnelles (2),Beobank,BEOBANK,multi,2023-02-19,14
marque_generique_traditionnelles_2,Marques — banques traditionnelles (2),Beobank,BEOBANK,multi,2023-02-26,15
marque_generique_traditionnelles_2,Marques — banques traditionnelles (2),Beobank,BEOBANK,multi,2023-03-05,14
marque_generique_traditionnelles_2,Marques — banques traditionnelles (2),Beobank,BEOBANK,multi,2023-03-12,14
marque_generique_traditionnelles_2,Marques — banques traditionnelles (2),Beobank,BEOBANK,multi,2023-03-19,15
marque_generique_traditionnelles_2,Marques — banques traditionnelles (2),Beobank,BEOBANK,multi,2023-03-26,15
marque_generique_traditionnelles_2,Marques — banques traditionnelles (2),Beobank,BEOBANK,multi,2023-04-02,15
marque_generique_traditionnelles_2,Marques — banques traditionnelles (2),Beobank,BEOBANK,multi,2023-04-09,15
marque_generique_traditionnelles_2,Marques — banques traditionnelles (2),Beobank,BEOBANK,multi,2023-04-16,13
marque_generique_traditionnelles_2,Marques — banques traditionnelles (2),Beobank,BEOBANK,multi,2023-04-23,13
marque_generique_traditionnelles_2,Marques — banques traditionnelles (2),Beobank,BEOBANK,multi,2023-04-30,14
marque_generique_traditionnelles_2,Marques — banques traditionnelles (2),Beobank,BEOBANK,multi,2023-05-07,14
marque_generique_traditionnelles_2,Marques — banques traditionnelles (2),Beobank,BEOBANK,multi,2023-05-14,12
marque_generique_traditionnelles_2,Marques — banques traditionnelles (2),Beobank,BEOBANK,multi,2023-05-21,17
marque_generique_traditionnelles_2,Marques — banques traditionnelles (2),Beobank,BEOBANK,multi,2023-05-28,14
marque_generique_traditionnelles_2,Marques — banques traditionnelles (2),Beobank,BEOBANK,multi,2023-06-04,14
marque_generique_traditionnelles_2,Marques — banques traditionnelles (2),Beobank,BEOBANK,multi,2023-06-11,14
marque_generique_traditionnelles_2,Marques — banques traditionnelles (2),Beobank,BEOBANK,multi,2023-06-18,13
marque_generique_traditionnelles_2,Marques — banques traditionnelles (2),Beobank,BEOBANK,multi,2023-06-25,14
marque_generique_traditionnelles_2,Marques — banques traditionnelles (2),Beobank,BEOBANK,multi,2023-07-02,15
marque_generique_traditionnelles_2,Marques — banques traditionnelles (2),Beobank,BEOBANK,multi,2023-07-09,15
marque_generique_traditionnelles_2,Marques — banques traditionnelles (2),Beobank,BEOBANK,multi,2023-07-16,13
marque_generique_traditionnelles_2,Marques — banques traditionnelles (2),Beobank,BEOBANK,multi,2023-07-23,15
marque_generique_traditionnelles_2,Marques — banques traditionnelles (2),Beobank,BEOBANK,multi,2023-07-30,14
marque_generique_traditionnelles_2,Marques — banques traditionnelles (2),Beobank,BEOBANK,multi,2023-08-06,14
marque_generique_traditionnelles_2,Marques — banques traditionnelles (2),Beobank,BEOBANK,multi,2023-08-13,13
marque_generique_traditionnelles_2,Marques — banques traditionnelles (2),Beobank,BEOBANK,multi,2023-08-20,18
marque_generique_traditionnelles_2,Marques — banques traditionnelles (2),Beobank,BEOBANK,multi,2023-08-27,19
marque_generique_traditionnelles_2,Marques — banques traditionnelles (2),Beobank,BEOBANK,multi,2023-09-03,15
marque_generique_traditionnelles_2,Marques — banques traditionnelles (2),Beobank,BEOBANK,multi,2023-09-10,14
marque_generique_traditionnelles_2,Marques — banques traditionnelles (2),Beobank,BEOBANK,multi,2023-09-17,13
marque_generique_traditionnelles_2,Marques — banques traditionnelles (2),Beobank,BEOBANK,multi,2023-09-24,15
marque_generique_traditionnelles_2,Marques — banques traditionnelles (2),Beobank,BEOBANK,multi,2023-10-01,14
marque_generique_traditionnelles_2,Marques — banques traditionnelles (2),Beobank,BEOBANK,multi,2023-10-08,14
marque_generique_traditionnelles_2,Marques — banques traditionnelles (2),Beobank,BEOBANK,multi,2023-10-15,14
marque_generique_traditionnelles_2,Marques — banques traditionnelles (2),Beobank,BEOBANK,multi,2023-10-22,13
marque_generique_traditionnelles_2,Marques — banques traditionnelles (2),Beobank,BEOBANK,multi,2023-10-29,13
marque_generique_traditionnelles_2,Marques — banques traditionnelles (2),Beobank,BEOBANK,multi,2023-11-05,14
marque_generique_traditionnelles_2,Marques — banques traditionnelles (2),Beobank,BEOBANK,multi,2023-11-12,13
marque_generique_traditionnelles_2,Marques — banques traditionnelles (2),Beobank,BEOBANK,multi,2023-11-19,13
marque_generique_traditionnelles_2,Marques — banques traditionnelles (2),Beobank,BEOBANK,multi,2023-11-26,13
marque_generique_traditionnelles_2,Marques — banques traditionnelles (2),Beobank,BEOBANK,multi,2023-12-03,14
marque_generique_traditionnelles_2,Marques — banques traditionnelles (2),Beobank,BEOBANK,multi,2023-12-10,14
marque_generique_traditionnelles_2,Marques — banques traditionnelles (2),Beobank,BEOBANK,multi,2023-12-17,14
marque_generique_traditionnelles_2,Marques — banques traditionnelles (2),Beobank,BEOBANK,multi,2023-12-24,14
marque_generique_traditionnelles_2,Marques — banques traditionnelles (2),Beobank,BEOBANK,multi,2023-12-31,14
marque_generique_traditionnelles_2,Marques — banques traditionnelles (2),Beobank,BEOBANK,multi,2024-01-07,14
marque_generique_traditionnelles_2,Marques — banques traditionnelles (2),Beobank,BEOBANK,multi,2024-01-14,13
marque_generique_traditionnelles_2,Marques — banques traditionnelles (2),Beobank,BEOBANK,multi,2024-01-21,16
marque_generique_traditionnelles_2,Marques — banques traditionnelles (2),Beobank,BEOBANK,multi,2024-01-28,14
marque_generique_traditionnelles_2,Marques — banques traditionnelles (2),Beobank,BEOBANK,multi,2024-02-04,14
marque_generique_traditionnelles_2,Marques — banques traditionnelles (2),Beobank,BEOBANK,multi,2024-02-11,14
marque_generique_traditionnelles_2,Marques — banques traditionnelles (2),Beobank,BEOBANK,multi,2024-02-18,15
marque_generique_traditionnelles_2,Marques — banques traditionnelles (2),Beobank,BEOBANK,multi,2024-02-25,13
marque_generique_traditionnelles_2,Marques — banques traditionnelles (2),Beobank,BEOBANK,multi,2024-03-03,13
marque_generique_traditionnelles_2,Marques — banques traditionnelles (2),Beobank,BEOBANK,multi,2024-03-10,12
marque_generique_traditionnelles_2,Marques — banques traditionnelles (2),Beobank,BEOBANK,multi,2024-03-17,13
marque_generique_traditionnelles_2,Marques — banques traditionnelles (2),Beobank,BEOBANK,multi,2024-03-24,13
marque_generique_traditionnelles_2,Marques — banques traditionnelles (2),Beobank,BEOBANK,multi,2024-03-31,13
marque_generique_traditionnelles_2,Marques — banques traditionnelles (2),Beobank,BEOBANK,multi,2024-04-07,12
marque_generique_traditionnelles_2,Marques — banques traditionnelles (2),Beobank,BEOBANK,multi,2024-04-14,12
marque_generique_traditionnelles_2,Marques — banques traditionnelles (2),Beobank,BEOBANK,multi,2024-04-21,13
marque_generique_traditionnelles_2,Marques — banques traditionnelles (2),Beobank,BEOBANK,multi,2024-04-28,14
marque_generique_traditionnelles_2,Marques — banques traditionnelles (2),Beobank,BEOBANK,multi,2024-05-05,12
marque_generique_traditionnelles_2,Marques — banques traditionnelles (2),Beobank,BEOBANK,multi,2024-05-12,13
marque_generique_traditionnelles_2,Marques — banques traditionnelles (2),Beobank,BEOBANK,multi,2024-05-19,13
marque_generique_traditionnelles_2,Marques — banques traditionnelles (2),Beobank,BEOBANK,multi,2024-05-26,14
marque_generique_traditionnelles_2,Marques — banques traditionnelles (2),Beobank,BEOBANK,multi,2024-06-02,13
marque_generique_traditionnelles_2,Marques — banques traditionnelles (2),Beobank,BEOBANK,multi,2024-06-09,13
marque_generique_traditionnelles_2,Marques — banques traditionnelles (2),Beobank,BEOBANK,multi,2024-06-16,12
marque_generique_traditionnelles_2,Marques — banques traditionnelles (2),Beobank,BEOBANK,multi,2024-06-23,13
marque_generique_traditionnelles_2,Marques — banques traditionnelles (2),Beobank,BEOBANK,multi,2024-06-30,14
marque_generique_traditionnelles_2,Marques — banques traditionnelles (2),Beobank,BEOBANK,multi,2024-07-07,13
marque_generique_traditionnelles_2,Marques — banques traditionnelles (2),Beobank,BEOBANK,multi,2024-07-14,14
marque_generique_traditionnelles_2,Marques — banques traditionnelles (2),Beobank,BEOBANK,multi,2024-07-21,15
marque_generique_traditionnelles_2,Marques — banques traditionnelles (2),Beobank,BEOBANK,multi,2024-07-28,13
marque_generique_traditionnelles_2,Marques — banques traditionnelles (2),Beobank,BEOBANK,multi,2024-08-04,12
marque_generique_traditionnelles_2,Marques — banques traditionnelles (2),Beobank,BEOBANK,multi,2024-08-11,12
marque_generique_traditionnelles_2,Marques — banques traditionnelles (2),Beobank,BEOBANK,multi,2024-08-18,14
marque_generique_traditionnelles_2,Marques — banques traditionnelles (2),Beobank,BEOBANK,multi,2024-08-25,15
marque_generique_traditionnelles_2,Marques — banques traditionnelles (2),Beobank,BEOBANK,multi,2024-09-01,16
marque_generique_traditionnelles_2,Marques — banques traditionnelles (2),Beobank,BEOBANK,multi,2024-09-08,15
marque_generique_traditionnelles_2,Marques — banques traditionnelles (2),Beobank,BEOBANK,multi,2024-09-15,14
marque_generique_traditionnelles_2,Marques — banques traditionnelles (2),Beobank,BEOBANK,multi,2024-09-22,13
marque_generique_traditionnelles_2,Marques — banques traditionnelles (2),Beobank,BEOBANK,multi,2024-09-29,13
marque_generique_traditionnelles_2,Marques — banques traditionnelles (2),Beobank,BEOBANK,multi,2024-10-06,13
marque_generique_traditionnelles_2,Marques — banques traditionnelles (2),Beobank,BEOBANK,multi,2024-10-13,13
marque_generique_traditionnelles_2,Marques — banques traditionnelles (2),Beobank,BEOBANK,multi,2024-10-20,11
marque_generique_traditionnelles_2,Marques — banques traditionnelles (2),Beobank,BEOBANK,multi,2024-10-27,11
marque_generique_traditionnelles_2,Marques — banques traditionnelles (2),Beobank,BEOBANK,multi,2024-11-03,12
marque_generique_traditionnelles_2,Marques — banques traditionnelles (2),Beobank,BEOBANK,multi,2024-11-10,10
marque_generique_traditionnelles_2,Marques — banques traditionnelles (2),Beobank,BEOBANK,multi,2024-11-17,12
marque_generique_traditionnelles_2,Marques — banques traditionnelles (2),Beobank,BEOBANK,multi,2024-11-24,13
marque_generique_traditionnelles_2,Marques — banques traditionnelles (2),Beobank,BEOBANK,multi,2024-12-01,12
marque_generique_traditionnelles_2,Marques — banques traditionnelles (2),Beobank,BEOBANK,multi,2024-12-08,11
marque_generique_traditionnelles_2,Marques — banques traditionnelles (2),Beobank,BEOBANK,multi,2024-12-15,12
marque_generique_traditionnelles_2,Marques — banques traditionnelles (2),Beobank,BEOBANK,multi,2024-12-22,11
marque_generique_traditionnelles_2,Marques — banques traditionnelles (2),Beobank,BEOBANK,multi,2024-12-29,13
marque_generique_traditionnelles_2,Marques — banques traditionnelles (2),Beobank,BEOBANK,multi,2025-01-05,13
marque_generique_traditionnelles_2,Marques — banques traditionnelles (2),Beobank,BEOBANK,multi,2025-01-12,13
marque_generique_traditionnelles_2,Marques — banques traditionnelles (2),Beobank,BEOBANK,multi,2025-01-19,13
marque_generique_traditionnelles_2,Marques — banques traditionnelles (2),Beobank,BEOBANK,multi,2025-01-26,13
marque_generique_traditionnelles_2,Marques — banques traditionnelles (2),Beobank,BEOBANK,multi,2025-02-02,14
marque_generique_traditionnelles_2,Marques — banques traditionnelles (2),Beobank,BEOBANK,multi,2025-02-09,12
marque_generique_traditionnelles_2,Marques — banques traditionnelles (2),Beobank,BEOBANK,multi,2025-02-16,13
marque_generique_traditionnelles_2,Marques — banques traditionnelles (2),Beobank,BEOBANK,multi,2025-02-23,14
marque_generique_traditionnelles_2,Marques — banques traditionnelles (2),Beobank,BEOBANK,multi,2025-03-02,13
marque_generique_traditionnelles_2,Marques — banques traditionnelles (2),Beobank,BEOBANK,multi,2025-03-09,12
marque_generique_traditionnelles_2,Marques — banques traditionnelles (2),Beobank,BEOBANK,multi,2025-03-16,11
marque_generique_traditionnelles_2,Marques — banques traditionnelles (2),Beobank,BEOBANK,multi,2025-03-23,12
marque_generique_traditionnelles_2,Marques — banques traditionnelles (2),Beobank,BEOBANK,multi,2025-03-30,14
marque_generique_traditionnelles_2,Marques — banques traditionnelles (2),Beobank,BEOBANK,multi,2025-04-06,14
marque_generique_traditionnelles_2,Marques — banques traditionnelles (2),Beobank,BEOBANK,multi,2025-04-13,12
marque_generique_traditionnelles_2,Marques — banques traditionnelles (2),Beobank,BEOBANK,multi,2025-04-20,11
marque_generique_traditionnelles_2,Marques — banques traditionnelles (2),Beobank,BEOBANK,multi,2025-04-27,11
marque_generique_traditionnelles_2,Marques — banques traditionnelles (2),Beobank,BEOBANK,multi,2025-05-04,14
marque_generique_traditionnelles_2,Marques — banques traditionnelles (2),Beobank,BEOBANK,multi,2025-05-11,12
marque_generique_traditionnelles_2,Marques — banques traditionnelles (2),Beobank,BEOBANK,multi,2025-05-18,12
marque_generique_traditionnelles_2,Marques — banques traditionnelles (2),Beobank,BEOBANK,multi,2025-05-25,11
marque_generique_traditionnelles_2,Marques — banques traditionnelles (2),Beobank,BEOBANK,multi,2025-06-01,13
marque_generique_traditionnelles_2,Marques — banques traditionnelles (2),Beobank,BEOBANK,multi,2025-06-08,11
marque_generique_traditionnelles_2,Marques — banques traditionnelles (2),Beobank,BEOBANK,multi,2025-06-15,12
marque_generique_traditionnelles_2,Marques — banques traditionnelles (2),Beobank,BEOBANK,multi,2025-06-22,14
marque_generique_traditionnelles_2,Marques — banques traditionnelles (2),Beobank,BEOBANK,multi,2025-06-29,14
marque_generique_traditionnelles_2,Marques — banques traditionnelles (2),Beobank,BEOBANK,multi,2025-07-06,14
marque_generique_traditionnelles_2,Marques — banques traditionnelles (2),Beobank,BEOBANK,multi,2025-07-13,14
marque_generique_traditionnelles_2,Marques — banques traditionnelles (2),Beobank,BEOBANK,multi,2025-07-20,13
marque_generique_traditionnelles_2,Marques — banques traditionnelles (2),Beobank,BEOBANK,multi,2025-07-27,12
marque_generique_traditionnelles_2,Marques — banques traditionnelles (2),Beobank,BEOBANK,multi,2025-08-03,13
marque_generique_traditionnelles_2,Marques — banques traditionnelles (2),Beobank,BEOBANK,multi,2025-08-10,11
marque_generique_traditionnelles_2,Marques — banques traditionnelles (2),Beobank,BEOBANK,multi,2025-08-17,13
marque_generique_traditionnelles_2,Marques — banques traditionnelles (2),Beobank,BEOBANK,multi,2025-08-24,14
marque_generique_traditionnelles_2,Marques — banques traditionnelles (2),Beobank,BEOBANK,multi,2025-08-31,14
marque_generique_traditionnelles_2,Marques — banques traditionnelles (2),Beobank,BEOBANK,multi,2025-09-07,13
marque_generique_traditionnelles_2,Marques — banques traditionnelles (2),Beobank,BEOBANK,multi,2025-09-14,12
marque_generique_traditionnelles_2,Marques — banques traditionnelles (2),Beobank,BEOBANK,multi,2025-09-21,12
marque_generique_traditionnelles_2,Marques — banques traditionnelles (2),Beobank,BEOBANK,multi,2025-09-28,14
marque_generique_traditionnelles_2,Marques — banques traditionnelles (2),Beobank,BEOBANK,multi,2025-10-05,13
marque_generique_traditionnelles_2,Marques — banques traditionnelles (2),Beobank,BEOBANK,multi,2025-10-12,12
marque_generique_traditionnelles_2,Marques — banques traditionnelles (2),Beobank,BEOBANK,multi,2025-10-19,12
marque_generique_traditionnelles_2,Marques — banques traditionnelles (2),Beobank,BEOBANK,multi,2025-10-26,13
marque_generique_traditionnelles_2,Marques — banques traditionnelles (2),Beobank,BEOBANK,multi,2025-11-02,11
marque_generique_traditionnelles_2,Marques — banques traditionnelles (2),Beobank,BEOBANK,multi,2025-11-09,10
marque_generique_traditionnelles_2,Marques — banques traditionnelles (2),Beobank,BEOBANK,multi,2025-11-16,11
marque_generique_traditionnelles_2,Marques — banques traditionnelles (2),Beobank,BEOBANK,multi,2025-11-23,11
marque_generique_traditionnelles_2,Marques — banques traditionnelles (2),Beobank,BEOBANK,multi,2025-11-30,13
marque_generique_traditionnelles_2,Marques — banques traditionnelles (2),Beobank,BEOBANK,multi,2025-12-07,12
marque_generique_traditionnelles_2,Marques — banques traditionnelles (2),Beobank,BEOBANK,multi,2025-12-14,12
marque_generique_traditionnelles_2,Marques — banques traditionnelles (2),Beobank,BEOBANK,multi,2025-12-21,11
marque_generique_traditionnelles_2,Marques — banques traditionnelles (2),Beobank,BEOBANK,multi,2025-12-28,11
marque_generique_traditionnelles_2,Marques — banques traditionnelles (2),Beobank,BEOBANK,multi,2026-01-04,13
marque_generique_traditionnelles_2,Marques — banques traditionnelles (2),Beobank,BEOBANK,multi,2026-01-11,14
marque_generique_traditionnelles_2,Marques — banques traditionnelles (2),Beobank,BEOBANK,multi,2026-01-18,13
marque_generique_traditionnelles_2,Marques — banques traditionnelles (2),Beobank,BEOBANK,multi,2026-01-25,15
marque_generique_traditionnelles_2,Marques — banques traditionnelles (2),Beobank,BEOBANK,multi,2026-02-01,14
marque_generique_traditionnelles_2,Marques — banques traditionnelles (2),Beobank,BEOBANK,multi,2026-02-08,11
marque_generique_traditionnelles_2,Marques — banques traditionnelles (2),Beobank,BEOBANK,multi,2026-02-15,11
marque_generique_traditionnelles_2,Marques — banques traditionnelles (2),Beobank,BEOBANK,multi,2026-02-22,12
marque_generique_traditionnelles_2,Marques — banques traditionnelles (2),Beobank,BEOBANK,multi,2026-03-01,13
marque_generique_traditionnelles_2,Marques — banques traditionnelles (2),Beobank,BEOBANK,multi,2026-03-08,11
marque_generique_traditionnelles_2,Marques — banques traditionnelles (2),Beobank,BEOBANK,multi,2026-03-15,12
marque_generique_traditionnelles_2,Marques — banques traditionnelles (2),Beobank,BEOBANK,multi,2026-03-22,12
marque_generique_traditionnelles_2,Marques — banques traditionnelles (2),Beobank,BEOBANK,multi,2026-03-29,14
marque_generique_traditionnelles_2,Marques — banques traditionnelles (2),Beobank,BEOBANK,multi,2026-04-05,12
marque_generique_traditionnelles_2,Marques — banques traditionnelles (2),Beobank,BEOBANK,multi,2026-04-12,11
marque_generique_traditionnelles_2,Marques — banques traditionnelles (2),Beobank,BEOBANK,multi,2026-04-19,11
marque_generique_traditionnelles_2,Marques — banques traditionnelles (2),Beobank,BEOBANK,multi,2026-04-26,11
marque_generique_traditionnelles_2,Marques — banques traditionnelles (2),Beobank,BEOBANK,multi,2026-05-03,12
marque_generique_traditionnelles_2,Marques — banques traditionnelles (2),Beobank,BEOBANK,multi,2026-05-10,11
marque_generique_traditionnelles_2,Marques — banques traditionnelles (2),Beobank,BEOBANK,multi,2026-05-17,12
marque_generique_traditionnelles_2,Marques — banques traditionnelles (2),Beobank,BEOBANK,multi,2026-05-24,11
marque_generique_traditionnelles_2,Marques — banques traditionnelles (2),Beobank,BEOBANK,multi,2026-05-31,12
marque_generique_traditionnelles_2,Marques — banques traditionnelles (2),Beobank,BEOBANK,multi,2026-06-07,12
marque_generique_traditionnelles_2,Marques — banques traditionnelles (2),Beobank,BEOBANK,multi,2026-06-14,11
marque_generique_traditionnelles_2,Marques — banques traditionnelles (2),Beobank,BEOBANK,multi,2026-06-21,10
marque_generique_traditionnelles_2,Marques — banques traditionnelles (2),Beobank,BEOBANK,multi,2026-06-28,11
marque_generique_traditionnelles_2,Marques — banques traditionnelles (2),Beobank,BEOBANK,multi,2026-07-05,10
marque_generique_traditionnelles_2,Marques — banques traditionnelles (2),Beobank,BEOBANK,multi,2026-07-12,11
marque_generique_traditionnelles_2,Marques — banques traditionnelles (2),Beobank,BEOBANK,multi,2026-07-19,11
marque_generique_traditionnelles_2,Marques — banques traditionnelles (2),Beobank,BEOBANK,multi,2026-07-26,11
marque_generique_traditionnelles_2,Marques — banques traditionnelles (2),Beobank,BEOBANK,multi,2026-08-02,10
marque_generique_traditionnelles_2,Marques — banques traditionnelles (2),Beobank,BEOBANK,multi,2026-08-09,9
marque_generique_traditionnelles_2,Marques — banques traditionnelles (2),Beobank,BEOBANK,multi,2026-08-16,10
marque_generique_traditionnelles_2,Marques — banques traditionnelles (2),Beobank,BEOBANK,multi,2026-08-23,12
marque_generique_traditionnelles_2,Marques — banques traditionnelles (2),Beobank,BEOBANK,multi,2026-08-30,11
marque_generique_traditionnelles_2,Marques — banques traditionnelles (2),Beobank,BEOBANK,multi,2026-09-06,11
marque_generique_traditionnelles_2,Marques — banques traditionnelles (2),Beobank,BEOBANK,multi,2026-09-13,10
marque_generique_traditionnelles_2,Marques — banques traditionnelles (2),Beobank,BEOBANK,multi,2026-09-20,8
marque_generique_traditionnelles_2,Marques — banques traditionnelles (2),ING,ING,en,2021-09-19,63
marque_generique_traditionnelles_2,Marques — banques traditionnelles (2),ING,ING,en,2021-09-26,74
marque_generique_traditionnelles_2,Marques — banques traditionnelles (2),ING,ING,en,2021-10-03,75
marque_generique_traditionnelles_2,Marques — banques traditionnelles (2),ING,ING,en,2021-10-10,69
marque_generique_traditionnelles_2,Marques — banques traditionnelles (2),ING,ING,en,2021-10-17,66
marque_generique_traditionnelles_2,Marques — banques traditionnelles (2),ING,ING,en,2021-10-24,70
marque_generique_traditionnelles_2,Marques — banques traditionnelles (2),ING,ING,en,2021-10-31,69
marque_generique_traditionnelles_2,Marques — banques traditionnelles (2),ING,ING,en,2021-11-07,62
marque_generique_traditionnelles_2,Marques — banques traditionnelles (2),ING,ING,en,2021-11-14,65
marque_generique_traditionnelles_2,Marques — banques traditionnelles (2),ING,ING,en,2021-11-21,60
marque_generique_traditionnelles_2,Marques — banques traditionnelles (2),ING,ING,en,2021-11-28,67
marque_generique_traditionnelles_2,Marques — banques traditionnelles (2),ING,ING,en,2021-12-05,63
marque_generique_traditionnelles_2,Marques — banques traditionnelles (2),ING,ING,en,2021-12-12,62
marque_generique_traditionnelles_2,Marques — banques traditionnelles (2),ING,ING,en,2021-12-19,66
marque_generique_traditionnelles_2,Marques — banques traditionnelles (2),ING,ING,en,2021-12-26,62
marque_generique_traditionnelles_2,Marques — banques traditionnelles (2),ING,ING,en,2022-01-02,68
marque_generique_traditionnelles_2,Marques — banques traditionnelles (2),ING,ING,en,2022-01-09,62
marque_generique_traditionnelles_2,Marques — banques traditionnelles (2),ING,ING,en,2022-01-16,59
marque_generique_traditionnelles_2,Marques — banques traditionnelles (2),ING,ING,en,2022-01-23,67
marque_generique_traditionnelles_2,Marques — banques traditionnelles (2),ING,ING,en,2022-01-30,74
marque_generique_traditionnelles_2,Marques — banques traditionnelles (2),ING,ING,en,2022-02-06,68
marque_generique_traditionnelles_2,Marques — banques traditionnelles (2),ING,ING,en,2022-02-13,60
marque_generique_traditionnelles_2,Marques — banques traditionnelles (2),ING,ING,en,2022-02-20,68
marque_generique_traditionnelles_2,Marques — banques traditionnelles (2),ING,ING,en,2022-02-27,74
marque_generique_traditionnelles_2,Marques — banques traditionnelles (2),ING,ING,en,2022-03-06,71
marque_generique_traditionnelles_2,Marques — banques traditionnelles (2),ING,ING,en,2022-03-13,66
marque_generique_traditionnelles_2,Marques — banques traditionnelles (2),ING,ING,en,2022-03-20,64
marque_generique_traditionnelles_2,Marques — banques traditionnelles (2),ING,ING,en,2022-03-27,70
marque_generique_traditionnelles_2,Marques — banques traditionnelles (2),ING,ING,en,2022-04-03,64
marque_generique_traditionnelles_2,Marques — banques traditionnelles (2),ING,ING,en,2022-04-10,59
marque_generique_traditionnelles_2,Marques — banques traditionnelles (2),ING,ING,en,2022-04-17,56
marque_generique_traditionnelles_2,Marques — banques traditionnelles (2),ING,ING,en,2022-04-24,66
marque_generique_traditionnelles_2,Marques — banques traditionnelles (2),ING,ING,en,2022-05-01,70
marque_generique_traditionnelles_2,Marques — banques traditionnelles (2),ING,ING,en,2022-05-08,64
marque_generique_traditionnelles_2,Marques — banques traditionnelles (2),ING,ING,en,2022-05-15,56
marque_generique_traditionnelles_2,Marques — banques traditionnelles (2),ING,ING,en,2022-05-22,53
marque_generique_traditionnelles_2,Marques — banques traditionnelles (2),ING,ING,en,2022-05-29,67
marque_generique_traditionnelles_2,Marques — banques traditionnelles (2),ING,ING,en,2022-06-05,61
marque_generique_traditionnelles_2,Marques — banques traditionnelles (2),ING,ING,en,2022-06-12,62
marque_generique_traditionnelles_2,Marques — banques traditionnelles (2),ING,ING,en,2022-06-19,60
marque_generique_traditionnelles_2,Marques — banques traditionnelles (2),ING,ING,en,2022-06-26,68
marque_generique_traditionnelles_2,Marques — banques traditionnelles (2),ING,ING,en,2022-07-03,69
marque_generique_traditionnelles_2,Marques — banques traditionnelles (2),ING,ING,en,2022-07-10,62
marque_generique_traditionnelles_2,Marques — banques traditionnelles (2),ING,ING,en,2022-07-17,53
marque_generique_traditionnelles_2,Marques — banques traditionnelles (2),ING,ING,en,2022-07-24,59
marque_generique_traditionnelles_2,Marques — banques traditionnelles (2),ING,ING,en,2022-07-31,67
marque_generique_traditionnelles_2,Marques — banques traditionnelles (2),ING,ING,en,2022-08-07,54
marque_generique_traditionnelles_2,Marques — banques traditionnelles (2),ING,ING,en,2022-08-14,55
marque_generique_traditionnelles_2,Marques — banques traditionnelles (2),ING,ING,en,2022-08-21,55
marque_generique_traditionnelles_2,Marques — banques traditionnelles (2),ING,ING,en,2022-08-28,61
marque_generique_traditionnelles_2,Marques — banques traditionnelles (2),ING,ING,en,2022-09-04,57
marque_generique_traditionnelles_2,Marques — banques traditionnelles (2),ING,ING,en,2022-09-11,57
marque_generique_traditionnelles_2,Marques — banques traditionnelles (2),ING,ING,en,2022-09-18,56
marque_generique_traditionnelles_2,Marques — banques traditionnelles (2),ING,ING,en,2022-09-25,66
marque_generique_traditionnelles_2,Marques — banques traditionnelles (2),ING,ING,en,2022-10-02,63
marque_generique_traditionnelles_2,Marques — banques traditionnelles (2),ING,ING,en,2022-10-09,57
marque_generique_traditionnelles_2,Marques — banques traditionnelles (2),ING,ING,en,2022-10-16,59
marque_generique_traditionnelles_2,Marques — banques traditionnelles (2),ING,ING,en,2022-10-23,58
marque_generique_traditionnelles_2,Marques — banques traditionnelles (2),ING,ING,en,2022-10-30,61
marque_generique_traditionnelles_2,Marques — banques traditionnelles (2),ING,ING,en,2022-11-06,55
marque_generique_traditionnelles_2,Marques — banques traditionnelles (2),ING,ING,en,2022-11-13,60
marque_generique_traditionnelles_2,Marques — banques traditionnelles (2),ING,ING,en,2022-11-20,57
marque_generique_traditionnelles_2,Marques — banques traditionnelles (2),ING,ING,en,2022-11-27,63
marque_generique_traditionnelles_2,Marques — banques traditionnelles (2),ING,ING,en,2022-12-04,56
marque_generique_traditionnelles_2,Marques — banques traditionnelles (2),ING,ING,en,2022-12-11,55
marque_generique_traditionnelles_2,Marques — banques traditionnelles (2),ING,ING,en,2022-12-18,55
marque_generique_traditionnelles_2,Marques — banques traditionnelles (2),ING,ING,en,2022-12-25,53
marque_generique_traditionnelles_2,Marques — banques traditionnelles (2),ING,ING,en,2023-01-01,60
marque_generique_traditionnelles_2,Marques — banques traditionnelles (2),ING,ING,en,2023-01-08,59
marque_generique_traditionnelles_2,Marques — banques traditionnelles (2),ING,ING,en,2023-01-15,52
marque_generique_traditionnelles_2,Marques — banques traditionnelles (2),ING,ING,en,2023-01-22,52
marque_generique_traditionnelles_2,Marques — banques traditionnelles (2),ING,ING,en,2023-01-29,67
marque_generique_traditionnelles_2,Marques — banques traditionnelles (2),ING,ING,en,2023-02-05,56
marque_generique_traditionnelles_2,Marques — banques traditionnelles (2),ING,ING,en,2023-02-12,58
marque_generique_traditionnelles_2,Marques — banques traditionnelles (2),ING,ING,en,2023-02-19,55
marque_generique_traditionnelles_2,Marques — banques traditionnelles (2),ING,ING,en,2023-02-26,58
marque_generique_traditionnelles_2,Marques — banques traditionnelles (2),ING,ING,en,2023-03-05,58
marque_generique_traditionnelles_2,Marques — banques traditionnelles (2),ING,ING,en,2023-03-12,59
marque_generique_traditionnelles_2,Marques — banques traditionnelles (2),ING,ING,en,2023-03-19,65
marque_generique_traditionnelles_2,Marques — banques traditionnelles (2),ING,ING,en,2023-03-26,55
marque_generique_traditionnelles_2,Marques — banques traditionnelles (2),ING,ING,en,2023-04-02,59
marque_generique_traditionnelles_2,Marques — banques traditionnelles (2),ING,ING,en,2023-04-09,55
marque_generique_traditionnelles_2,Marques — banques traditionnelles (2),ING,ING,en,2023-04-16,51
marque_generique_traditionnelles_2,Marques — banques traditionnelles (2),ING,ING,en,2023-04-23,54
marque_generique_traditionnelles_2,Marques — banques traditionnelles (2),ING,ING,en,2023-04-30,51
marque_generique_traditionnelles_2,Marques — banques traditionnelles (2),ING,ING,en,2023-05-07,53
marque_generique_traditionnelles_2,Marques — banques traditionnelles (2),ING,ING,en,2023-05-14,47
marque_generique_traditionnelles_2,Marques — banques traditionnelles (2),ING,ING,en,2023-05-21,55
marque_generique_traditionnelles_2,Marques — banques traditionnelles (2),ING,ING,en,2023-05-28,53
marque_generique_traditionnelles_2,Marques — banques traditionnelles (2),ING,ING,en,2023-06-04,54
marque_generique_traditionnelles_2,Marques — banques traditionnelles (2),ING,ING,en,2023-06-11,48
marque_generique_traditionnelles_2,Marques — banques traditionnelles (2),ING,ING,en,2023-06-18,52
marque_generique_traditionnelles_2,Marques — banques traditionnelles (2),ING,ING,en,2023-06-25,60
marque_generique_traditionnelles_2,Marques — banques traditionnelles (2),ING,ING,en,2023-07-02,64
marque_generique_traditionnelles_2,Marques — banques traditionnelles (2),ING,ING,en,2023-07-09,62
marque_generique_traditionnelles_2,Marques — banques traditionnelles (2),ING,ING,en,2023-07-16,53
marque_generique_traditionnelles_2,Marques — banques traditionnelles (2),ING,ING,en,2023-07-23,51
marque_generique_traditionnelles_2,Marques — banques traditionnelles (2),ING,ING,en,2023-07-30,62
marque_generique_traditionnelles_2,Marques — banques traditionnelles (2),ING,ING,en,2023-08-06,55
marque_generique_traditionnelles_2,Marques — banques traditionnelles (2),ING,ING,en,2023-08-13,47
marque_generique_traditionnelles_2,Marques — banques traditionnelles (2),ING,ING,en,2023-08-20,59
marque_generique_traditionnelles_2,Marques — banques traditionnelles (2),ING,ING,en,2023-08-27,71
marque_generique_traditionnelles_2,Marques — banques traditionnelles (2),ING,ING,en,2023-09-03,56
marque_generique_traditionnelles_2,Marques — banques traditionnelles (2),ING,ING,en,2023-09-10,55
marque_generique_traditionnelles_2,Marques — banques traditionnelles (2),ING,ING,en,2023-09-17,53
marque_generique_traditionnelles_2,Marques — banques traditionnelles (2),ING,ING,en,2023-09-24,59
marque_generique_traditionnelles_2,Marques — banques traditionnelles (2),ING,ING,en,2023-10-01,60
marque_generique_traditionnelles_2,Marques — banques traditionnelles (2),ING,ING,en,2023-10-08,53
marque_generique_traditionnelles_2,Marques — banques traditionnelles (2),ING,ING,en,2023-10-15,52
marque_generique_traditionnelles_2,Marques — banques traditionnelles (2),ING,ING,en,2023-10-22,50
marque_generique_traditionnelles_2,Marques — banques traditionnelles (2),ING,ING,en,2023-10-29,55
marque_generique_traditionnelles_2,Marques — banques traditionnelles (2),ING,ING,en,2023-11-05,57
marque_generique_traditionnelles_2,Marques — banques traditionnelles (2),ING,ING,en,2023-11-12,52
marque_generique_traditionnelles_2,Marques — banques traditionnelles (2),ING,ING,en,2023-11-19,53
marque_generique_traditionnelles_2,Marques — banques traditionnelles (2),ING,ING,en,2023-11-26,57
marque_generique_traditionnelles_2,Marques — banques traditionnelles (2),ING,ING,en,2023-12-03,55
marque_generique_traditionnelles_2,Marques — banques traditionnelles (2),ING,ING,en,2023-12-10,53
marque_generique_traditionnelles_2,Marques — banques traditionnelles (2),ING,ING,en,2023-12-17,55
marque_generique_traditionnelles_2,Marques — banques traditionnelles (2),ING,ING,en,2023-12-24,51
marque_generique_traditionnelles_2,Marques — banques traditionnelles (2),ING,ING,en,2023-12-31,54
marque_generique_traditionnelles_2,Marques — banques traditionnelles (2),ING,ING,en,2024-01-07,57
marque_generique_traditionnelles_2,Marques — banques traditionnelles (2),ING,ING,en,2024-01-14,51
marque_generique_traditionnelles_2,Marques — banques traditionnelles (2),ING,ING,en,2024-01-21,54
marque_generique_traditionnelles_2,Marques — banques traditionnelles (2),ING,ING,en,2024-01-28,60
marque_generique_traditionnelles_2,Marques — banques traditionnelles (2),ING,ING,en,2024-02-04,55
marque_generique_traditionnelles_2,Marques — banques traditionnelles (2),ING,ING,en,2024-02-11,51
marque_generique_traditionnelles_2,Marques — banques traditionnelles (2),ING,ING,en,2024-02-18,54
marque_generique_traditionnelles_2,Marques — banques traditionnelles (2),ING,ING,en,2024-02-25,58
marque_generique_traditionnelles_2,Marques — banques traditionnelles (2),ING,ING,en,2024-03-03,51
marque_generique_traditionnelles_2,Marques — banques traditionnelles (2),ING,ING,en,2024-03-10,51
marque_generique_traditionnelles_2,Marques — banques traditionnelles (2),ING,ING,en,2024-03-17,48
marque_generique_traditionnelles_2,Marques — banques traditionnelles (2),ING,ING,en,2024-03-24,87
marque_generique_traditionnelles_2,Marques — banques traditionnelles (2),ING,ING,en,2024-03-31,55
marque_generique_traditionnelles_2,Marques — banques traditionnelles (2),ING,ING,en,2024-04-07,55
marque_generique_traditionnelles_2,Marques — banques traditionnelles (2),ING,ING,en,2024-04-14,54
marque_generique_traditionnelles_2,Marques — banques traditionnelles (2),ING,ING,en,2024-04-21,51
marque_generique_traditionnelles_2,Marques — banques traditionnelles (2),ING,ING,en,2024-04-28,50
marque_generique_traditionnelles_2,Marques — banques traditionnelles (2),ING,ING,en,2024-05-05,45
marque_generique_traditionnelles_2,Marques — banques traditionnelles (2),ING,ING,en,2024-05-12,52
marque_generique_traditionnelles_2,Marques — banques traditionnelles (2),ING,ING,en,2024-05-19,51
marque_generique_traditionnelles_2,Marques — banques traditionnelles (2),ING,ING,en,2024-05-26,55
marque_generique_traditionnelles_2,Marques — banques traditionnelles (2),ING,ING,en,2024-06-02,55
marque_generique_traditionnelles_2,Marques — banques traditionnelles (2),ING,ING,en,2024-06-09,49
marque_generique_traditionnelles_2,Marques — banques traditionnelles (2),ING,ING,en,2024-06-16,51
marque_generique_traditionnelles_2,Marques — banques traditionnelles (2),ING,ING,en,2024-06-23,53
marque_generique_traditionnelles_2,Marques — banques traditionnelles (2),ING,ING,en,2024-06-30,56
marque_generique_traditionnelles_2,Marques — banques traditionnelles (2),ING,ING,en,2024-07-07,54
marque_generique_traditionnelles_2,Marques — banques traditionnelles (2),ING,ING,en,2024-07-14,50
marque_generique_traditionnelles_2,Marques — banques traditionnelles (2),ING,ING,en,2024-07-21,51
marque_generique_traditionnelles_2,Marques — banques traditionnelles (2),ING,ING,en,2024-07-28,55
marque_generique_traditionnelles_2,Marques — banques traditionnelles (2),ING,ING,en,2024-08-04,54
marque_generique_traditionnelles_2,Marques — banques traditionnelles (2),ING,ING,en,2024-08-11,52
marque_generique_traditionnelles_2,Marques — banques traditionnelles (2),ING,ING,en,2024-08-18,49
marque_generique_traditionnelles_2,Marques — banques traditionnelles (2),ING,ING,en,2024-08-25,72
marque_generique_traditionnelles_2,Marques — banques traditionnelles (2),ING,ING,en,2024-09-01,74
marque_generique_traditionnelles_2,Marques — banques traditionnelles (2),ING,ING,en,2024-09-08,61
marque_generique_traditionnelles_2,Marques — banques traditionnelles (2),ING,ING,en,2024-09-15,55
marque_generique_traditionnelles_2,Marques — banques traditionnelles (2),ING,ING,en,2024-09-22,57
marque_generique_traditionnelles_2,Marques — banques traditionnelles (2),ING,ING,en,2024-09-29,59
marque_generique_traditionnelles_2,Marques — banques traditionnelles (2),ING,ING,en,2024-10-06,56
marque_generique_traditionnelles_2,Marques — banques traditionnelles (2),ING,ING,en,2024-10-13,52
marque_generique_traditionnelles_2,Marques — banques traditionnelles (2),ING,ING,en,2024-10-20,54
marque_generique_traditionnelles_2,Marques — banques traditionnelles (2),ING,ING,en,2024-10-27,52
marque_generique_traditionnelles_2,Marques — banques traditionnelles (2),ING,ING,en,2024-11-03,53
marque_generique_traditionnelles_2,Marques — banques traditionnelles (2),ING,ING,en,2024-11-10,55
marque_generique_traditionnelles_2,Marques — banques traditionnelles (2),ING,ING,en,2024-11-17,48
marque_generique_traditionnelles_2,Marques — banques traditionnelles (2),ING,ING,en,2024-11-24,49
marque_generique_traditionnelles_2,Marques — banques traditionnelles (2),ING,ING,en,2024-12-01,51
marque_generique_traditionnelles_2,Marques — banques traditionnelles (2),ING,ING,en,2024-12-08,52
marque_generique_traditionnelles_2,Marques — banques traditionnelles (2),ING,ING,en,2024-12-15,54
marque_generique_traditionnelles_2,Marques — banques traditionnelles (2),ING,ING,en,2024-12-22,43
marque_generique_traditionnelles_2,Marques — banques traditionnelles (2),ING,ING,en,2024-12-29,51
marque_generique_traditionnelles_2,Marques — banques traditionnelles (2),ING,ING,en,2025-01-05,53
marque_generique_traditionnelles_2,Marques — banques traditionnelles (2),ING,ING,en,2025-01-12,53
marque_generique_traditionnelles_2,Marques — banques traditionnelles (2),ING,ING,en,2025-01-19,49
marque_generique_traditionnelles_2,Marques — banques traditionnelles (2),ING,ING,en,2025-01-26,48
marque_generique_traditionnelles_2,Marques — banques traditionnelles (2),ING,ING,en,2025-02-02,51
marque_generique_traditionnelles_2,Marques — banques traditionnelles (2),ING,ING,en,2025-02-09,48
marque_generique_traditionnelles_2,Marques — banques traditionnelles (2),ING,ING,en,2025-02-16,47
marque_generique_traditionnelles_2,Marques — banques traditionnelles (2),ING,ING,en,2025-02-23,54
marque_generique_traditionnelles_2,Marques — banques traditionnelles (2),ING,ING,en,2025-03-02,50
marque_generique_traditionnelles_2,Marques — banques traditionnelles (2),ING,ING,en,2025-03-09,53
marque_generique_traditionnelles_2,Marques — banques traditionnelles (2),ING,ING,en,2025-03-16,50
marque_generique_traditionnelles_2,Marques — banques traditionnelles (2),ING,ING,en,2025-03-23,50
marque_generique_traditionnelles_2,Marques — banques traditionnelles (2),ING,ING,en,2025-03-30,55
marque_generique_traditionnelles_2,Marques — banques traditionnelles (2),ING,ING,en,2025-04-06,52
marque_generique_traditionnelles_2,Marques — banques traditionnelles (2),ING,ING,en,2025-04-13,52
marque_generique_traditionnelles_2,Marques — banques traditionnelles (2),ING,ING,en,2025-04-20,50
marque_generique_traditionnelles_2,Marques — banques traditionnelles (2),ING,ING,en,2025-04-27,46
marque_generique_traditionnelles_2,Marques — banques traditionnelles (2),ING,ING,en,2025-05-04,46
marque_generique_traditionnelles_2,Marques — banques traditionnelles (2),ING,ING,en,2025-05-11,49
marque_generique_traditionnelles_2,Marques — banques traditionnelles (2),ING,ING,en,2025-05-18,52
marque_generique_traditionnelles_2,Marques — banques traditionnelles (2),ING,ING,en,2025-05-25,46
marque_generique_traditionnelles_2,Marques — banques traditionnelles (2),ING,ING,en,2025-06-01,50
marque_generique_traditionnelles_2,Marques — banques traditionnelles (2),ING,ING,en,2025-06-08,41
marque_generique_traditionnelles_2,Marques — banques traditionnelles (2),ING,ING,en,2025-06-15,49
marque_generique_traditionnelles_2,Marques — banques traditionnelles (2),ING,ING,en,2025-06-22,56
marque_generique_traditionnelles_2,Marques — banques traditionnelles (2),ING,ING,en,2025-06-29,53
marque_generique_traditionnelles_2,Marques — banques traditionnelles (2),ING,ING,en,2025-07-06,53
marque_generique_traditionnelles_2,Marques — banques traditionnelles (2),ING,ING,en,2025-07-13,48
marque_generique_traditionnelles_2,Marques — banques traditionnelles (2),ING,ING,en,2025-07-20,51
marque_generique_traditionnelles_2,Marques — banques traditionnelles (2),ING,ING,en,2025-07-27,49
marque_generique_traditionnelles_2,Marques — banques traditionnelles (2),ING,ING,en,2025-08-03,48
marque_generique_traditionnelles_2,Marques — banques traditionnelles (2),ING,ING,en,2025-08-10,43
marque_generique_traditionnelles_2,Marques — banques traditionnelles (2),ING,ING,en,2025-08-17,49
marque_generique_traditionnelles_2,Marques — banques traditionnelles (2),ING,ING,en,2025-08-24,51
marque_generique_traditionnelles_2,Marques — banques traditionnelles (2),ING,ING,en,2025-08-31,49
marque_generique_traditionnelles_2,Marques — banques traditionnelles (2),ING,ING,en,2025-09-07,50
marque_generique_traditionnelles_2,Marques — banques traditionnelles (2),ING,ING,en,2025-09-14,48
marque_generique_traditionnelles_2,Marques — banques traditionnelles (2),ING,ING,en,2025-09-21,47
marque_generique_traditionnelles_2,Marques — banques traditionnelles (2),ING,ING,en,2025-09-28,52
marque_generique_traditionnelles_2,Marques — banques traditionnelles (2),ING,ING,en,2025-10-05,50
marque_generique_traditionnelles_2,Marques — banques traditionnelles (2),ING,ING,en,2025-10-12,46
marque_generique_traditionnelles_2,Marques — banques traditionnelles (2),ING,ING,en,2025-10-19,53
marque_generique_traditionnelles_2,Marques — banques traditionnelles (2),ING,ING,en,2025-10-26,49
marque_generique_traditionnelles_2,Marques — banques traditionnelles (2),ING,ING,en,2025-11-02,55
marque_generique_traditionnelles_2,Marques — banques traditionnelles (2),ING,ING,en,2025-11-09,48
marque_generique_traditionnelles_2,Marques — banques traditionnelles (2),ING,ING,en,2025-11-16,50
marque_generique_traditionnelles_2,Marques — banques traditionnelles (2),ING,ING,en,2025-11-23,50
marque_generique_traditionnelles_2,Marques — banques traditionnelles (2),ING,ING,en,2025-11-30,48
marque_generique_traditionnelles_2,Marques — banques traditionnelles (2),ING,ING,en,2025-12-07,47
marque_generique_traditionnelles_2,Marques — banques traditionnelles (2),ING,ING,en,2025-12-14,51
marque_generique_traditionnelles_2,Marques — banques traditionnelles (2),ING,ING,en,2025-12-21,43
marque_generique_traditionnelles_2,Marques — banques traditionnelles (2),ING,ING,en,2025-12-28,45
marque_generique_traditionnelles_2,Marques — banques traditionnelles (2),ING,ING,en,2026-01-04,49
marque_generique_traditionnelles_2,Marques — banques traditionnelles (2),ING,ING,en,2026-01-11,47
marque_generique_traditionnelles_2,Marques — banques traditionnelles (2),ING,ING,en,2026-01-18,48
marque_generique_traditionnelles_2,Marques — banques traditionnelles (2),ING,ING,en,2026-01-25,48
marque_generique_traditionnelles_2,Marques — banques traditionnelles (2),ING,ING,en,2026-02-01,53
marque_generique_traditionnelles_2,Marques — banques traditionnelles (2),ING,ING,en,2026-02-08,45
marque_generique_traditionnelles_2,Marques — banques traditionnelles (2),ING,ING,en,2026-02-15,41
marque_generique_traditionnelles_2,Marques — banques traditionnelles (2),ING,ING,en,2026-02-22,46
marque_generique_traditionnelles_2,Marques — banques traditionnelles (2),ING,ING,en,2026-03-01,49
marque_generique_traditionnelles_2,Marques — banques traditionnelles (2),ING,ING,en,2026-03-08,50
marque_generique_traditionnelles_2,Marques — banques traditionnelles (2),ING,ING,en,2026-03-15,48
marque_generique_traditionnelles_2,Marques — banques traditionnelles (2),ING,ING,en,2026-03-22,44
marque_generique_traditionnelles_2,Marques — banques traditionnelles (2),ING,ING,en,2026-03-29,48
marque_generique_traditionnelles_2,Marques — banques traditionnelles (2),ING,ING,en,2026-04-05,44
marque_generique_traditionnelles_2,Marques — banques traditionnelles (2),ING,ING,en,2026-04-12,42
marque_generique_traditionnelles_2,Marques — banques traditionnelles (2),ING,ING,en,2026-04-19,41
marque_generique_traditionnelles_2,Marques — banques traditionnelles (2),ING,ING,en,2026-04-26,40
marque_generique_traditionnelles_2,Marques — banques traditionnelles (2),ING,ING,en,2026-05-03,50
marque_generique_traditionnelles_2,Marques — banques traditionnelles (2),ING,ING,en,2026-05-10,45
marque_generique_traditionnelles_2,Marques — banques traditionnelles (2),ING,ING,en,2026-05-17,52
marque_generique_traditionnelles_2,Marques — banques traditionnelles (2),ING,ING,en,2026-05-24,40
marque_generique_traditionnelles_2,Marques — banques traditionnelles (2),ING,ING,en,2026-05-31,44
marque_generique_traditionnelles_2,Marques — banques traditionnelles (2),ING,ING,en,2026-06-07,46
marque_generique_traditionnelles_2,Marques — banques traditionnelles (2),ING,ING,en,2026-06-14,40
marque_generique_traditionnelles_2,Marques — banques traditionnelles (2),ING,ING,en,2026-06-21,39
marque_generique_traditionnelles_2,Marques — banques traditionnelles (2),ING,ING,en,2026-06-28,43
marque_generique_traditionnelles_2,Marques — banques traditionnelles (2),ING,ING,en,2026-07-05,42
marque_generique_traditionnelles_2,Marques — banques traditionnelles (2),ING,ING,en,2026-07-12,41
marque_generique_traditionnelles_2,Marques — banques traditionnelles (2),ING,ING,en,2026-07-19,35
marque_generique_traditionnelles_2,Marques — banques traditionnelles (2),ING,ING,en,2026-07-26,38
marque_generique_traditionnelles_2,Marques — banques traditionnelles (2),ING,ING,en,2026-08-02,41
marque_generique_traditionnelles_2,Marques — banques traditionnelles (2),ING,ING,en,2026-08-09,35
marque_generique_traditionnelles_2,Marques — banques traditionnelles (2),ING,ING,en,2026-08-16,37
marque_generique_traditionnelles_2,Marques — banques traditionnelles (2),ING,ING,en,2026-08-23,41
marque_generique_traditionnelles_2,Marques — banques traditionnelles (2),ING,ING,en,2026-08-30,43
marque_generique_traditionnelles_2,Marques — banques traditionnelles (2),ING,ING,en,2026-09-06,41
marque_generique_traditionnelles_2,Marques — banques traditionnelles (2),ING,ING,en,2026-09-13,37
marque_generique_traditionnelles_2,Marques — banques traditionnelles (2),ING,ING,en,2026-09-20,34
marque_generique_traditionnelles_2,Marques — banques traditionnelles (2),KBC,KBC,en,2021-09-19,66
marque_generique_traditionnelles_2,Marques — banques traditionnelles (2),KBC,KBC,en,2021-09-26,76
marque_generique_traditionnelles_2,Marques — banques traditionnelles (2),KBC,KBC,en,2021-10-03,75
marque_generique_traditionnelles_2,Marques — banques traditionnelles (2),KBC,KBC,en,2021-10-10,69
marque_generique_traditionnelles_2,Marques — banques traditionnelles (2),KBC,KBC,en,2021-10-17,68
marque_generique_traditionnelles_2,Marques — banques traditionnelles (2),KBC,KBC,en,2021-10-24,70
marque_generique_traditionnelles_2,Marques — banques traditionnelles (2),KBC,KBC,en,2021-10-31,63
marque_generique_traditionnelles_2,Marques — banques traditionnelles (2),KBC,KBC,en,2021-11-07,63
marque_generique_traditionnelles_2,Marques — banques traditionnelles (2),KBC,KBC,en,2021-11-14,66
marque_generique_traditionnelles_2,Marques — banques traditionnelles (2),KBC,KBC,en,2021-11-21,62
marque_generique_traditionnelles_2,Marques — banques traditionnelles (2),KBC,KBC,en,2021-11-28,71
marque_generique_traditionnelles_2,Marques — banques traditionnelles (2),KBC,KBC,en,2021-12-05,73
marque_generique_traditionnelles_2,Marques — banques traditionnelles (2),KBC,KBC,en,2021-12-12,73
marque_generique_traditionnelles_2,Marques — banques traditionnelles (2),KBC,KBC,en,2021-12-19,69
marque_generique_traditionnelles_2,Marques — banques traditionnelles (2),KBC,KBC,en,2021-12-26,67
marque_generique_traditionnelles_2,Marques — banques traditionnelles (2),KBC,KBC,en,2022-01-02,80
marque_generique_traditionnelles_2,Marques — banques traditionnelles (2),KBC,KBC,en,2022-01-09,76
marque_generique_traditionnelles_2,Marques — banques traditionnelles (2),KBC,KBC,en,2022-01-16,69
marque_generique_traditionnelles_2,Marques — banques traditionnelles (2),KBC,KBC,en,2022-01-23,67
marque_generique_traditionnelles_2,Marques — banques traditionnelles (2),KBC,KBC,en,2022-01-30,75
marque_generique_traditionnelles_2,Marques — banques traditionnelles (2),KBC,KBC,en,2022-02-06,73
marque_generique_traditionnelles_2,Marques — banques traditionnelles (2),KBC,KBC,en,2022-02-13,71
marque_generique_traditionnelles_2,Marques — banques traditionnelles (2),KBC,KBC,en,2022-02-20,75
marque_generique_traditionnelles_2,Marques — banques traditionnelles (2),KBC,KBC,en,2022-02-27,83
marque_generique_traditionnelles_2,Marques — banques traditionnelles (2),KBC,KBC,en,2022-03-06,83
marque_generique_traditionnelles_2,Marques — banques traditionnelles (2),KBC,KBC,en,2022-03-13,77
marque_generique_traditionnelles_2,Marques — banques traditionnelles (2),KBC,KBC,en,2022-03-20,75
marque_generique_traditionnelles_2,Marques — banques traditionnelles (2),KBC,KBC,en,2022-03-27,78
marque_generique_traditionnelles_2,Marques — banques traditionnelles (2),KBC,KBC,en,2022-04-03,72
marque_generique_traditionnelles_2,Marques — banques traditionnelles (2),KBC,KBC,en,2022-04-10,64
marque_generique_traditionnelles_2,Marques — banques traditionnelles (2),KBC,KBC,en,2022-04-17,66
marque_generique_traditionnelles_2,Marques — banques traditionnelles (2),KBC,KBC,en,2022-04-24,68
marque_generique_traditionnelles_2,Marques — banques traditionnelles (2),KBC,KBC,en,2022-05-01,73
marque_generique_traditionnelles_2,Marques — banques traditionnelles (2),KBC,KBC,en,2022-05-08,78
marque_generique_traditionnelles_2,Marques — banques traditionnelles (2),KBC,KBC,en,2022-05-15,64
marque_generique_traditionnelles_2,Marques — banques traditionnelles (2),KBC,KBC,en,2022-05-22,62
marque_generique_traditionnelles_2,Marques — banques traditionnelles (2),KBC,KBC,en,2022-05-29,70
marque_generique_traditionnelles_2,Marques — banques traditionnelles (2),KBC,KBC,en,2022-06-05,70
marque_generique_traditionnelles_2,Marques — banques traditionnelles (2),KBC,KBC,en,2022-06-12,73
marque_generique_traditionnelles_2,Marques — banques traditionnelles (2),KBC,KBC,en,2022-06-19,72
marque_generique_traditionnelles_2,Marques — banques traditionnelles (2),KBC,KBC,en,2022-06-26,78
marque_generique_traditionnelles_2,Marques — banques traditionnelles (2),KBC,KBC,en,2022-07-03,79
marque_generique_traditionnelles_2,Marques — banques traditionnelles (2),KBC,KBC,en,2022-07-10,75
marque_generique_traditionnelles_2,Marques — banques traditionnelles (2),KBC,KBC,en,2022-07-17,62
marque_generique_traditionnelles_2,Marques — banques traditionnelles (2),KBC,KBC,en,2022-07-24,68
marque_generique_traditionnelles_2,Marques — banques traditionnelles (2),KBC,KBC,en,2022-07-31,70
marque_generique_traditionnelles_2,Marques — banques traditionnelles (2),KBC,KBC,en,2022-08-07,69
marque_generique_traditionnelles_2,Marques — banques traditionnelles (2),KBC,KBC,en,2022-08-14,61
marque_generique_traditionnelles_2,Marques — banques traditionnelles (2),KBC,KBC,en,2022-08-21,68
marque_generique_traditionnelles_2,Marques — banques traditionnelles (2),KBC,KBC,en,2022-08-28,74
marque_generique_traditionnelles_2,Marques — banques traditionnelles (2),KBC,KBC,en,2022-09-04,73
marque_generique_traditionnelles_2,Marques — banques traditionnelles (2),KBC,KBC,en,2022-09-11,75
marque_generique_traditionnelles_2,Marques — banques traditionnelles (2),KBC,KBC,en,2022-09-18,73
marque_generique_traditionnelles_2,Marques — banques traditionnelles (2),KBC,KBC,en,2022-09-25,74
marque_generique_traditionnelles_2,Marques — banques traditionnelles (2),KBC,KBC,en,2022-10-02,75
marque_generique_traditionnelles_2,Marques — banques traditionnelles (2),KBC,KBC,en,2022-10-09,73
marque_generique_traditionnelles_2,Marques — banques traditionnelles (2),KBC,KBC,en,2022-10-16,67
marque_generique_traditionnelles_2,Marques — banques traditionnelles (2),KBC,KBC,en,2022-10-23,67
marque_generique_traditionnelles_2,Marques — banques traditionnelles (2),KBC,KBC,en,2022-10-30,61
marque_generique_traditionnelles_2,Marques — banques traditionnelles (2),KBC,KBC,en,2022-11-06,63
marque_generique_traditionnelles_2,Marques — banques traditionnelles (2),KBC,KBC,en,2022-11-13,75
marque_generique_traditionnelles_2,Marques — banques traditionnelles (2),KBC,KBC,en,2022-11-20,61
marque_generique_traditionnelles_2,Marques — banques traditionnelles (2),KBC,KBC,en,2022-11-27,70
marque_generique_traditionnelles_2,Marques — banques traditionnelles (2),KBC,KBC,en,2022-12-04,67
marque_generique_traditionnelles_2,Marques — banques traditionnelles (2),KBC,KBC,en,2022-12-11,69
marque_generique_traditionnelles_2,Marques — banques traditionnelles (2),KBC,KBC,en,2022-12-18,71
marque_generique_traditionnelles_2,Marques — banques traditionnelles (2),KBC,KBC,en,2022-12-25,66
marque_generique_traditionnelles_2,Marques — banques traditionnelles (2),KBC,KBC,en,2023-01-01,76
marque_generique_traditionnelles_2,Marques — banques traditionnelles (2),KBC,KBC,en,2023-01-08,75
marque_generique_traditionnelles_2,Marques — banques traditionnelles (2),KBC,KBC,en,2023-01-15,70
marque_generique_traditionnelles_2,Marques — banques traditionnelles (2),KBC,KBC,en,2023-01-22,74
marque_generique_traditionnelles_2,Marques — banques traditionnelles (2),KBC,KBC,en,2023-01-29,76
marque_generique_traditionnelles_2,Marques — banques traditionnelles (2),KBC,KBC,en,2023-02-05,75
marque_generique_traditionnelles_2,Marques — banques traditionnelles (2),KBC,KBC,en,2023-02-12,72
marque_generique_traditionnelles_2,Marques — banques traditionnelles (2),KBC,KBC,en,2023-02-19,67
marque_generique_traditionnelles_2,Marques — banques traditionnelles (2),KBC,KBC,en,2023-02-26,74
marque_generique_traditionnelles_2,Marques — banques traditionnelles (2),KBC,KBC,en,2023-03-05,74
marque_generique_traditionnelles_2,Marques — banques traditionnelles (2),KBC,KBC,en,2023-03-12,79
marque_generique_traditionnelles_2,Marques — banques traditionnelles (2),KBC,KBC,en,2023-03-19,77
marque_generique_traditionnelles_2,Marques — banques traditionnelles (2),KBC,KBC,en,2023-03-26,75
marque_generique_traditionnelles_2,Marques — banques traditionnelles (2),KBC,KBC,en,2023-04-02,69
marque_generique_traditionnelles_2,Marques — banques traditionnelles (2),KBC,KBC,en,2023-04-09,67
marque_generique_traditionnelles_2,Marques — banques traditionnelles (2),KBC,KBC,en,2023-04-16,67
marque_generique_traditionnelles_2,Marques — banques traditionnelles (2),KBC,KBC,en,2023-04-23,64
marque_generique_traditionnelles_2,Marques — banques traditionnelles (2),KBC,KBC,en,2023-04-30,60
marque_generique_traditionnelles_2,Marques — banques traditionnelles (2),KBC,KBC,en,2023-05-07,65
marque_generique_traditionnelles_2,Marques — banques traditionnelles (2),KBC,KBC,en,2023-05-14,58
marque_generique_traditionnelles_2,Marques — banques traditionnelles (2),KBC,KBC,en,2023-05-21,73
marque_generique_traditionnelles_2,Marques — banques traditionnelles (2),KBC,KBC,en,2023-05-28,66
marque_generique_traditionnelles_2,Marques — banques traditionnelles (2),KBC,KBC,en,2023-06-04,66
marque_generique_traditionnelles_2,Marques — banques traditionnelles (2),KBC,KBC,en,2023-06-11,66
marque_generique_traditionnelles_2,Marques — banques traditionnelles (2),KBC,KBC,en,2023-06-18,61
marque_generique_traditionnelles_2,Marques — banques traditionnelles (2),KBC,KBC,en,2023-06-25,69
marque_generique_traditionnelles_2,Marques — banques traditionnelles (2),KBC,KBC,en,2023-07-02,74
marque_generique_traditionnelles_2,Marques — banques traditionnelles (2),KBC,KBC,en,2023-07-09,72
marque_generique_traditionnelles_2,Marques — banques traditionnelles (2),KBC,KBC,en,2023-07-16,58
marque_generique_traditionnelles_2,Marques — banques traditionnelles (2),KBC,KBC,en,2023-07-23,63
marque_generique_traditionnelles_2,Marques — banques traditionnelles (2),KBC,KBC,en,2023-07-30,66
marque_generique_traditionnelles_2,Marques — banques traditionnelles (2),KBC,KBC,en,2023-08-06,63
marque_generique_traditionnelles_2,Marques — banques traditionnelles (2),KBC,KBC,en,2023-08-13,56
marque_generique_traditionnelles_2,Marques — banques traditionnelles (2),KBC,KBC,en,2023-08-20,84
marque_generique_traditionnelles_2,Marques — banques traditionnelles (2),KBC,KBC,en,2023-08-27,93
marque_generique_traditionnelles_2,Marques — banques traditionnelles (2),KBC,KBC,en,2023-09-03,65
marque_generique_traditionnelles_2,Marques — banques traditionnelles (2),KBC,KBC,en,2023-09-10,58
marque_generique_traditionnelles_2,Marques — banques traditionnelles (2),KBC,KBC,en,2023-09-17,60
marque_generique_traditionnelles_2,Marques — banques traditionnelles (2),KBC,KBC,en,2023-09-24,61
marque_generique_traditionnelles_2,Marques — banques traditionnelles (2),KBC,KBC,en,2023-10-01,69
marque_generique_traditionnelles_2,Marques — banques traditionnelles (2),KBC,KBC,en,2023-10-08,63
marque_generique_traditionnelles_2,Marques — banques traditionnelles (2),KBC,KBC,en,2023-10-15,64
marque_generique_traditionnelles_2,Marques — banques traditionnelles (2),KBC,KBC,en,2023-10-22,65
marque_generique_traditionnelles_2,Marques — banques traditionnelles (2),KBC,KBC,en,2023-10-29,57
marque_generique_traditionnelles_2,Marques — banques traditionnelles (2),KBC,KBC,en,2023-11-05,65
marque_generique_traditionnelles_2,Marques — banques traditionnelles (2),KBC,KBC,en,2023-11-12,58
marque_generique_traditionnelles_2,Marques — banques traditionnelles (2),KBC,KBC,en,2023-11-19,64
marque_generique_traditionnelles_2,Marques — banques traditionnelles (2),KBC,KBC,en,2023-11-26,65
marque_generique_traditionnelles_2,Marques — banques traditionnelles (2),KBC,KBC,en,2023-12-03,66
marque_generique_traditionnelles_2,Marques — banques traditionnelles (2),KBC,KBC,en,2023-12-10,79
marque_generique_traditionnelles_2,Marques — banques traditionnelles (2),KBC,KBC,en,2023-12-17,72
marque_generique_traditionnelles_2,Marques — banques traditionnelles (2),KBC,KBC,en,2023-12-24,63
marque_generique_traditionnelles_2,Marques — banques traditionnelles (2),KBC,KBC,en,2023-12-31,70
marque_generique_traditionnelles_2,Marques — banques traditionnelles (2),KBC,KBC,en,2024-01-07,72
marque_generique_traditionnelles_2,Marques — banques traditionnelles (2),KBC,KBC,en,2024-01-14,68
marque_generique_traditionnelles_2,Marques — banques traditionnelles (2),KBC,KBC,en,2024-01-21,66
marque_generique_traditionnelles_2,Marques — banques traditionnelles (2),KBC,KBC,en,2024-01-28,72
marque_generique_traditionnelles_2,Marques — banques traditionnelles (2),KBC,KBC,en,2024-02-04,65
marque_generique_traditionnelles_2,Marques — banques traditionnelles (2),KBC,KBC,en,2024-02-11,61
marque_generique_traditionnelles_2,Marques — banques traditionnelles (2),KBC,KBC,en,2024-02-18,60
marque_generique_traditionnelles_2,Marques — banques traditionnelles (2),KBC,KBC,en,2024-02-25,71
marque_generique_traditionnelles_2,Marques — banques traditionnelles (2),KBC,KBC,en,2024-03-03,63
marque_generique_traditionnelles_2,Marques — banques traditionnelles (2),KBC,KBC,en,2024-03-10,63
marque_generique_traditionnelles_2,Marques — banques traditionnelles (2),KBC,KBC,en,2024-03-17,61
marque_generique_traditionnelles_2,Marques — banques traditionnelles (2),KBC,KBC,en,2024-03-24,69
marque_generique_traditionnelles_2,Marques — banques traditionnelles (2),KBC,KBC,en,2024-03-31,62
marque_generique_traditionnelles_2,Marques — banques traditionnelles (2),KBC,KBC,en,2024-04-07,59
marque_generique_traditionnelles_2,Marques — banques traditionnelles (2),KBC,KBC,en,2024-04-14,58
marque_generique_traditionnelles_2,Marques — banques traditionnelles (2),KBC,KBC,en,2024-04-21,59
marque_generique_traditionnelles_2,Marques — banques traditionnelles (2),KBC,KBC,en,2024-04-28,59
marque_generique_traditionnelles_2,Marques — banques traditionnelles (2),KBC,KBC,en,2024-05-05,53
marque_generique_traditionnelles_2,Marques — banques traditionnelles (2),KBC,KBC,en,2024-05-12,68
marque_generique_traditionnelles_2,Marques — banques traditionnelles (2),KBC,KBC,en,2024-05-19,57
marque_generique_traditionnelles_2,Marques — banques traditionnelles (2),KBC,KBC,en,2024-05-26,61
marque_generique_traditionnelles_2,Marques — banques traditionnelles (2),KBC,KBC,en,2024-06-02,57
marque_generique_traditionnelles_2,Marques — banques traditionnelles (2),KBC,KBC,en,2024-06-09,52
marque_generique_traditionnelles_2,Marques — banques traditionnelles (2),KBC,KBC,en,2024-06-16,54
marque_generique_traditionnelles_2,Marques — banques traditionnelles (2),KBC,KBC,en,2024-06-23,56
marque_generique_traditionnelles_2,Marques — banques traditionnelles (2),KBC,KBC,en,2024-06-30,63
marque_generique_traditionnelles_2,Marques — banques traditionnelles (2),KBC,KBC,en,2024-07-07,61
marque_generique_traditionnelles_2,Marques — banques traditionnelles (2),KBC,KBC,en,2024-07-14,58
marque_generique_traditionnelles_2,Marques — banques traditionnelles (2),KBC,KBC,en,2024-07-21,57
marque_generique_traditionnelles_2,Marques — banques traditionnelles (2),KBC,KBC,en,2024-07-28,57
marque_generique_traditionnelles_2,Marques — banques traditionnelles (2),KBC,KBC,en,2024-08-04,60
marque_generique_traditionnelles_2,Marques — banques traditionnelles (2),KBC,KBC,en,2024-08-11,55
marque_generique_traditionnelles_2,Marques — banques traditionnelles (2),KBC,KBC,en,2024-08-18,64
marque_generique_traditionnelles_2,Marques — banques traditionnelles (2),KBC,KBC,en,2024-08-25,66
marque_generique_traditionnelles_2,Marques — banques traditionnelles (2),KBC,KBC,en,2024-09-01,100
marque_generique_traditionnelles_2,Marques — banques traditionnelles (2),KBC,KBC,en,2024-09-08,77
marque_generique_traditionnelles_2,Marques — banques traditionnelles (2),KBC,KBC,en,2024-09-15,63
marque_generique_traditionnelles_2,Marques — banques traditionnelles (2),KBC,KBC,en,2024-09-22,63
marque_generique_traditionnelles_2,Marques — banques traditionnelles (2),KBC,KBC,en,2024-09-29,64
marque_generique_traditionnelles_2,Marques — banques traditionnelles (2),KBC,KBC,en,2024-10-06,57
marque_generique_traditionnelles_2,Marques — banques traditionnelles (2),KBC,KBC,en,2024-10-13,57
marque_generique_traditionnelles_2,Marques — banques traditionnelles (2),KBC,KBC,en,2024-10-20,59
marque_generique_traditionnelles_2,Marques — banques traditionnelles (2),KBC,KBC,en,2024-10-27,56
marque_generique_traditionnelles_2,Marques — banques traditionnelles (2),KBC,KBC,en,2024-11-03,59
marque_generique_traditionnelles_2,Marques — banques traditionnelles (2),KBC,KBC,en,2024-11-10,55
marque_generique_traditionnelles_2,Marques — banques traditionnelles (2),KBC,KBC,en,2024-11-17,58
marque_generique_traditionnelles_2,Marques — banques traditionnelles (2),KBC,KBC,en,2024-11-24,62
marque_generique_traditionnelles_2,Marques — banques traditionnelles (2),KBC,KBC,en,2024-12-01,61
marque_generique_traditionnelles_2,Marques — banques traditionnelles (2),KBC,KBC,en,2024-12-08,59
marque_generique_traditionnelles_2,Marques — banques traditionnelles (2),KBC,KBC,en,2024-12-15,65
marque_generique_traditionnelles_2,Marques — banques traditionnelles (2),KBC,KBC,en,2024-12-22,53
marque_generique_traditionnelles_2,Marques — banques traditionnelles (2),KBC,KBC,en,2024-12-29,62
marque_generique_traditionnelles_2,Marques — banques traditionnelles (2),KBC,KBC,en,2025-01-05,66
marque_generique_traditionnelles_2,Marques — banques traditionnelles (2),KBC,KBC,en,2025-01-12,62
marque_generique_traditionnelles_2,Marques — banques traditionnelles (2),KBC,KBC,en,2025-01-19,63
marque_generique_traditionnelles_2,Marques — banques traditionnelles (2),KBC,KBC,en,2025-01-26,60
marque_generique_traditionnelles_2,Marques — banques traditionnelles (2),KBC,KBC,en,2025-02-02,60
marque_generique_traditionnelles_2,Marques — banques traditionnelles (2),KBC,KBC,en,2025-02-09,63
marque_generique_traditionnelles_2,Marques — banques traditionnelles (2),KBC,KBC,en,2025-02-16,61
marque_generique_traditionnelles_2,Marques — banques traditionnelles (2),KBC,KBC,en,2025-02-23,66
marque_generique_traditionnelles_2,Marques — banques traditionnelles (2),KBC,KBC,en,2025-03-02,59
marque_generique_traditionnelles_2,Marques — banques traditionnelles (2),KBC,KBC,en,2025-03-09,62
marque_generique_traditionnelles_2,Marques — banques traditionnelles (2),KBC,KBC,en,2025-03-16,55
marque_generique_traditionnelles_2,Marques — banques traditionnelles (2),KBC,KBC,en,2025-03-23,56
marque_generique_traditionnelles_2,Marques — banques traditionnelles (2),KBC,KBC,en,2025-03-30,64
marque_generique_traditionnelles_2,Marques — banques traditionnelles (2),KBC,KBC,en,2025-04-06,67
marque_generique_traditionnelles_2,Marques — banques traditionnelles (2),KBC,KBC,en,2025-04-13,56
marque_generique_traditionnelles_2,Marques — banques traditionnelles (2),KBC,KBC,en,2025-04-20,56
marque_generique_traditionnelles_2,Marques — banques traditionnelles (2),KBC,KBC,en,2025-04-27,58
marque_generique_traditionnelles_2,Marques — banques traditionnelles (2),KBC,KBC,en,2025-05-04,60
marque_generique_traditionnelles_2,Marques — banques traditionnelles (2),KBC,KBC,en,2025-05-11,60
marque_generique_traditionnelles_2,Marques — banques traditionnelles (2),KBC,KBC,en,2025-05-18,61
marque_generique_traditionnelles_2,Marques — banques traditionnelles (2),KBC,KBC,en,2025-05-25,51
marque_generique_traditionnelles_2,Marques — banques traditionnelles (2),KBC,KBC,en,2025-06-01,60
marque_generique_traditionnelles_2,Marques — banques traditionnelles (2),KBC,KBC,en,2025-06-08,51
marque_generique_traditionnelles_2,Marques — banques traditionnelles (2),KBC,KBC,en,2025-06-15,59
marque_generique_traditionnelles_2,Marques — banques traditionnelles (2),KBC,KBC,en,2025-06-22,58
marque_generique_traditionnelles_2,Marques — banques traditionnelles (2),KBC,KBC,en,2025-06-29,71
marque_generique_traditionnelles_2,Marques — banques traditionnelles (2),KBC,KBC,en,2025-07-06,62
marque_generique_traditionnelles_2,Marques — banques traditionnelles (2),KBC,KBC,en,2025-07-13,61
marque_generique_traditionnelles_2,Marques — banques traditionnelles (2),KBC,KBC,en,2025-07-20,54
marque_generique_traditionnelles_2,Marques — banques traditionnelles (2),KBC,KBC,en,2025-07-27,57
marque_generique_traditionnelles_2,Marques — banques traditionnelles (2),KBC,KBC,en,2025-08-03,62
marque_generique_traditionnelles_2,Marques — banques traditionnelles (2),KBC,KBC,en,2025-08-10,58
marque_generique_traditionnelles_2,Marques — banques traditionnelles (2),KBC,KBC,en,2025-08-17,59
marque_generique_traditionnelles_2,Marques — banques traditionnelles (2),KBC,KBC,en,2025-08-24,61
marque_generique_traditionnelles_2,Marques — banques traditionnelles (2),KBC,KBC,en,2025-08-31,60
marque_generique_traditionnelles_2,Marques — banques traditionnelles (2),KBC,KBC,en,2025-09-07,56
marque_generique_traditionnelles_2,Marques — banques traditionnelles (2),KBC,KBC,en,2025-09-14,59
marque_generique_traditionnelles_2,Marques — banques traditionnelles (2),KBC,KBC,en,2025-09-21,59
marque_generique_traditionnelles_2,Marques — banques traditionnelles (2),KBC,KBC,en,2025-09-28,65
marque_generique_traditionnelles_2,Marques — banques traditionnelles (2),KBC,KBC,en,2025-10-05,60
marque_generique_traditionnelles_2,Marques — banques traditionnelles (2),KBC,KBC,en,2025-10-12,60
marque_generique_traditionnelles_2,Marques — banques traditionnelles (2),KBC,KBC,en,2025-10-19,64
marque_generique_traditionnelles_2,Marques — banques traditionnelles (2),KBC,KBC,en,2025-10-26,62
marque_generique_traditionnelles_2,Marques — banques traditionnelles (2),KBC,KBC,en,2025-11-02,55
marque_generique_traditionnelles_2,Marques — banques traditionnelles (2),KBC,KBC,en,2025-11-09,56
marque_generique_traditionnelles_2,Marques — banques traditionnelles (2),KBC,KBC,en,2025-11-16,60
marque_generique_traditionnelles_2,Marques — banques traditionnelles (2),KBC,KBC,en,2025-11-23,55
marque_generique_traditionnelles_2,Marques — banques traditionnelles (2),KBC,KBC,en,2025-11-30,58
marque_generique_traditionnelles_2,Marques — banques traditionnelles (2),KBC,KBC,en,2025-12-07,66
marque_generique_traditionnelles_2,Marques — banques traditionnelles (2),KBC,KBC,en,2025-12-14,61
marque_generique_traditionnelles_2,Marques — banques traditionnelles (2),KBC,KBC,en,2025-12-21,50
marque_generique_traditionnelles_2,Marques — banques traditionnelles (2),KBC,KBC,en,2025-12-28,56
marque_generique_traditionnelles_2,Marques — banques traditionnelles (2),KBC,KBC,en,2026-01-04,65
marque_generique_traditionnelles_2,Marques — banques traditionnelles (2),KBC,KBC,en,2026-01-11,65
marque_generique_traditionnelles_2,Marques — banques traditionnelles (2),KBC,KBC,en,2026-01-18,55
marque_generique_traditionnelles_2,Marques — banques traditionnelles (2),KBC,KBC,en,2026-01-25,58
marque_generique_traditionnelles_2,Marques — banques traditionnelles (2),KBC,KBC,en,2026-02-01,60
marque_generique_traditionnelles_2,Marques — banques traditionnelles (2),KBC,KBC,en,2026-02-08,55
marque_generique_traditionnelles_2,Marques — banques traditionnelles (2),KBC,KBC,en,2026-02-15,51
marque_generique_traditionnelles_2,Marques — banques traditionnelles (2),KBC,KBC,en,2026-02-22,58
marque_generique_traditionnelles_2,Marques — banques traditionnelles (2),KBC,KBC,en,2026-03-01,56
marque_generique_traditionnelles_2,Marques — banques traditionnelles (2),KBC,KBC,en,2026-03-08,57
marque_generique_traditionnelles_2,Marques — banques traditionnelles (2),KBC,KBC,en,2026-03-15,53
marque_generique_traditionnelles_2,Marques — banques traditionnelles (2),KBC,KBC,en,2026-03-22,56
marque_generique_traditionnelles_2,Marques — banques traditionnelles (2),KBC,KBC,en,2026-03-29,60
marque_generique_traditionnelles_2,Marques — banques traditionnelles (2),KBC,KBC,en,2026-04-05,52
marque_generique_traditionnelles_2,Marques — banques traditionnelles (2),KBC,KBC,en,2026-04-12,57
marque_generique_traditionnelles_2,Marques — banques traditionnelles (2),KBC,KBC,en,2026-04-19,53
marque_generique_traditionnelles_2,Marques — banques traditionnelles (2),KBC,KBC,en,2026-04-26,49
marque_generique_traditionnelles_2,Marques — banques traditionnelles (2),KBC,KBC,en,2026-05-03,53
marque_generique_traditionnelles_2,Marques — banques traditionnelles (2),KBC,KBC,en,2026-05-10,49
marque_generique_traditionnelles_2,Marques — banques traditionnelles (2),KBC,KBC,en,2026-05-17,55
marque_generique_traditionnelles_2,Marques — banques traditionnelles (2),KBC,KBC,en,2026-05-24,52
marque_generique_traditionnelles_2,Marques — banques traditionnelles (2),KBC,KBC,en,2026-05-31,53
marque_generique_traditionnelles_2,Marques — banques traditionnelles (2),KBC,KBC,en,2026-06-07,53
marque_generique_traditionnelles_2,Marques — banques traditionnelles (2),KBC,KBC,en,2026-06-14,47
marque_generique_traditionnelles_2,Marques — banques traditionnelles (2),KBC,KBC,en,2026-06-21,49
marque_generique_traditionnelles_2,Marques — banques traditionnelles (2),KBC,KBC,en,2026-06-28,55
marque_generique_traditionnelles_2,Marques — banques traditionnelles (2),KBC,KBC,en,2026-07-05,50
marque_generique_traditionnelles_2,Marques — banques traditionnelles (2),KBC,KBC,en,2026-07-12,65
marque_generique_traditionnelles_2,Marques — banques traditionnelles (2),KBC,KBC,en,2026-07-19,47
marque_generique_traditionnelles_2,Marques — banques traditionnelles (2),KBC,KBC,en,2026-07-26,56
marque_generique_traditionnelles_2,Marques — banques traditionnelles (2),KBC,KBC,en,2026-08-02,49
marque_generique_traditionnelles_2,Marques — banques traditionnelles (2),KBC,KBC,en,2026-08-09,45
marque_generique_traditionnelles_2,Marques — banques traditionnelles (2),KBC,KBC,en,2026-08-16,49
marque_generique_traditionnelles_2,Marques — banques traditionnelles (2),KBC,KBC,en,2026-08-23,47
marque_generique_traditionnelles_2,Marques — banques traditionnelles (2),KBC,KBC,en,2026-08-30,50
marque_generique_traditionnelles_2,Marques — banques traditionnelles (2),KBC,KBC,en,2026-09-06,49
marque_generique_traditionnelles_2,Marques — banques traditionnelles (2),KBC,KBC,en,2026-09-13,43
marque_generique_traditionnelles_2,Marques — banques traditionnelles (2),KBC,KBC,en,2026-09-20,43
marque_generique_traditionnelles_2,Marques — banques traditionnelles (2),/g/121yyfq9,VDK,multi,2021-09-19,4
marque_generique_traditionnelles_2,Marques — banques traditionnelles (2),/g/121yyfq9,VDK,multi,2021-09-26,4
marque_generique_traditionnelles_2,Marques — banques traditionnelles (2),/g/121yyfq9,VDK,multi,2021-10-03,4
marque_generique_traditionnelles_2,Marques — banques traditionnelles (2),/g/121yyfq9,VDK,multi,2021-10-10,4
marque_generique_traditionnelles_2,Marques — banques traditionnelles (2),/g/121yyfq9,VDK,multi,2021-10-17,4
marque_generique_traditionnelles_2,Marques — banques traditionnelles (2),/g/121yyfq9,VDK,multi,2021-10-24,4
marque_generique_traditionnelles_2,Marques — banques traditionnelles (2),/g/121yyfq9,VDK,multi,2021-10-31,4
marque_generique_traditionnelles_2,Marques — banques traditionnelles (2),/g/121yyfq9,VDK,multi,2021-11-07,4
marque_generique_traditionnelles_2,Marques — banques traditionnelles (2),/g/121yyfq9,VDK,multi,2021-11-14,4
marque_generique_traditionnelles_2,Marques — banques traditionnelles (2),/g/121yyfq9,VDK,multi,2021-11-21,4
marque_generique_traditionnelles_2,Marques — banques traditionnelles (2),/g/121yyfq9,VDK,multi,2021-11-28,3
marque_generique_traditionnelles_2,Marques — banques traditionnelles (2),/g/121yyfq9,VDK,multi,2021-12-05,3
marque_generique_traditionnelles_2,Marques — banques traditionnelles (2),/g/121yyfq9,VDK,multi,2021-12-12,4
marque_generique_traditionnelles_2,Marques — banques traditionnelles (2),/g/121yyfq9,VDK,multi,2021-12-19,3
marque_generique_traditionnelles_2,Marques — banques traditionnelles (2),/g/121yyfq9,VDK,multi,2021-12-26,4
marque_generique_traditionnelles_2,Marques — banques traditionnelles (2),/g/121yyfq9,VDK,multi,2022-01-02,4
marque_generique_traditionnelles_2,Marques — banques traditionnelles (2),/g/121yyfq9,VDK,multi,2022-01-09,4
marque_generique_traditionnelles_2,Marques — banques traditionnelles (2),/g/121yyfq9,VDK,multi,2022-01-16,4
marque_generique_traditionnelles_2,Marques — banques traditionnelles (2),/g/121yyfq9,VDK,multi,2022-01-23,4
marque_generique_traditionnelles_2,Marques — banques traditionnelles (2),/g/121yyfq9,VDK,multi,2022-01-30,4
marque_generique_traditionnelles_2,Marques — banques traditionnelles (2),/g/121yyfq9,VDK,multi,2022-02-06,4
marque_generique_traditionnelles_2,Marques — banques traditionnelles (2),/g/121yyfq9,VDK,multi,2022-02-13,3
marque_generique_traditionnelles_2,Marques — banques traditionnelles (2),/g/121yyfq9,VDK,multi,2022-02-20,3
marque_generique_traditionnelles_2,Marques — banques traditionnelles (2),/g/121yyfq9,VDK,multi,2022-02-27,4
marque_generique_traditionnelles_2,Marques — banques traditionnelles (2),/g/121yyfq9,VDK,multi,2022-03-06,4
marque_generique_traditionnelles_2,Marques — banques traditionnelles (2),/g/121yyfq9,VDK,multi,2022-03-13,4
marque_generique_traditionnelles_2,Marques — banques traditionnelles (2),/g/121yyfq9,VDK,multi,2022-03-20,4
marque_generique_traditionnelles_2,Marques — banques traditionnelles (2),/g/121yyfq9,VDK,multi,2022-03-27,4
marque_generique_traditionnelles_2,Marques — banques traditionnelles (2),/g/121yyfq9,VDK,multi,2022-04-03,4
marque_generique_traditionnelles_2,Marques — banques traditionnelles (2),/g/121yyfq9,VDK,multi,2022-04-10,3
marque_generique_traditionnelles_2,Marques — banques traditionnelles (2),/g/121yyfq9,VDK,multi,2022-04-17,3
marque_generique_traditionnelles_2,Marques — banques traditionnelles (2),/g/121yyfq9,VDK,multi,2022-04-24,3
marque_generique_traditionnelles_2,Marques — banques traditionnelles (2),/g/121yyfq9,VDK,multi,2022-05-01,4
marque_generique_traditionnelles_2,Marques — banques traditionnelles (2),/g/121yyfq9,VDK,multi,2022-05-08,3
marque_generique_traditionnelles_2,Marques — banques traditionnelles (2),/g/121yyfq9,VDK,multi,2022-05-15,3
marque_generique_traditionnelles_2,Marques — banques traditionnelles (2),/g/121yyfq9,VDK,multi,2022-05-22,5
marque_generique_traditionnelles_2,Marques — banques traditionnelles (2),/g/121yyfq9,VDK,multi,2022-05-29,4
marque_generique_traditionnelles_2,Marques — banques traditionnelles (2),/g/121yyfq9,VDK,multi,2022-06-05,3
marque_generique_traditionnelles_2,Marques — banques traditionnelles (2),/g/121yyfq9,VDK,multi,2022-06-12,3
marque_generique_traditionnelles_2,Marques — banques traditionnelles (2),/g/121yyfq9,VDK,multi,2022-06-19,4
marque_generique_traditionnelles_2,Marques — banques traditionnelles (2),/g/121yyfq9,VDK,multi,2022-06-26,4
marque_generique_traditionnelles_2,Marques — banques traditionnelles (2),/g/121yyfq9,VDK,multi,2022-07-03,4
marque_generique_traditionnelles_2,Marques — banques traditionnelles (2),/g/121yyfq9,VDK,multi,2022-07-10,4
marque_generique_traditionnelles_2,Marques — banques traditionnelles (2),/g/121yyfq9,VDK,multi,2022-07-17,4
marque_generique_traditionnelles_2,Marques — banques traditionnelles (2),/g/121yyfq9,VDK,multi,2022-07-24,4
marque_generique_traditionnelles_2,Marques — banques traditionnelles (2),/g/121yyfq9,VDK,multi,2022-07-31,4
marque_generique_traditionnelles_2,Marques — banques traditionnelles (2),/g/121yyfq9,VDK,multi,2022-08-07,3
marque_generique_traditionnelles_2,Marques — banques traditionnelles (2),/g/121yyfq9,VDK,multi,2022-08-14,4
marque_generique_traditionnelles_2,Marques — banques traditionnelles (2),/g/121yyfq9,VDK,multi,2022-08-21,3
marque_generique_traditionnelles_2,Marques — banques traditionnelles (2),/g/121yyfq9,VDK,multi,2022-08-28,4
marque_generique_traditionnelles_2,Marques — banques traditionnelles (2),/g/121yyfq9,VDK,multi,2022-09-04,4
marque_generique_traditionnelles_2,Marques — banques traditionnelles (2),/g/121yyfq9,VDK,multi,2022-09-11,4
marque_generique_traditionnelles_2,Marques — banques traditionnelles (2),/g/121yyfq9,VDK,multi,2022-09-18,4
marque_generique_traditionnelles_2,Marques — banques traditionnelles (2),/g/121yyfq9,VDK,multi,2022-09-25,4
marque_generique_traditionnelles_2,Marques — banques traditionnelles (2),/g/121yyfq9,VDK,multi,2022-10-02,4
marque_generique_traditionnelles_2,Marques — banques traditionnelles (2),/g/121yyfq9,VDK,multi,2022-10-09,4
marque_generique_traditionnelles_2,Marques — banques traditionnelles (2),/g/121yyfq9,VDK,multi,2022-10-16,4
marque_generique_traditionnelles_2,Marques — banques traditionnelles (2),/g/121yyfq9,VDK,multi,2022-10-23,4
marque_generique_traditionnelles_2,Marques — banques traditionnelles (2),/g/121yyfq9,VDK,multi,2022-10-30,3
marque_generique_traditionnelles_2,Marques — banques traditionnelles (2),/g/121yyfq9,VDK,multi,2022-11-06,4
marque_generique_traditionnelles_2,Marques — banques traditionnelles (2),/g/121yyfq9,VDK,multi,2022-11-13,4
marque_generique_traditionnelles_2,Marques — banques traditionnelles (2),/g/121yyfq9,VDK,multi,2022-11-20,4
marque_generique_traditionnelles_2,Marques — banques traditionnelles (2),/g/121yyfq9,VDK,multi,2022-11-27,5
marque_generique_traditionnelles_2,Marques — banques traditionnelles (2),/g/121yyfq9,VDK,multi,2022-12-04,4
marque_generique_traditionnelles_2,Marques — banques traditionnelles (2),/g/121yyfq9,VDK,multi,2022-12-11,4
marque_generique_traditionnelles_2,Marques — banques traditionnelles (2),/g/121yyfq9,VDK,multi,2022-12-18,4
marque_generique_traditionnelles_2,Marques — banques traditionnelles (2),/g/121yyfq9,VDK,multi,2022-12-25,4
marque_generique_traditionnelles_2,Marques — banques traditionnelles (2),/g/121yyfq9,VDK,multi,2023-01-01,4
marque_generique_traditionnelles_2,Marques — banques traditionnelles (2),/g/121yyfq9,VDK,multi,2023-01-08,4
marque_generique_traditionnelles_2,Marques — banques traditionnelles (2),/g/121yyfq9,VDK,multi,2023-01-15,3
marque_generique_traditionnelles_2,Marques — banques traditionnelles (2),/g/121yyfq9,VDK,multi,2023-01-22,4
marque_generique_traditionnelles_2,Marques — banques traditionnelles (2),/g/121yyfq9,VDK,multi,2023-01-29,4
marque_generique_traditionnelles_2,Marques — banques traditionnelles (2),/g/121yyfq9,VDK,multi,2023-02-05,4
marque_generique_traditionnelles_2,Marques — banques traditionnelles (2),/g/121yyfq9,VDK,multi,2023-02-12,4
marque_generique_traditionnelles_2,Marques — banques traditionnelles (2),/g/121yyfq9,VDK,multi,2023-02-19,3
marque_generique_traditionnelles_2,Marques — banques traditionnelles (2),/g/121yyfq9,VDK,multi,2023-02-26,4
marque_generique_traditionnelles_2,Marques — banques traditionnelles (2),/g/121yyfq9,VDK,multi,2023-03-05,4
marque_generique_traditionnelles_2,Marques — banques traditionnelles (2),/g/121yyfq9,VDK,multi,2023-03-12,3
marque_generique_traditionnelles_2,Marques — banques traditionnelles (2),/g/121yyfq9,VDK,multi,2023-03-19,3
marque_generique_traditionnelles_2,Marques — banques traditionnelles (2),/g/121yyfq9,VDK,multi,2023-03-26,4
marque_generique_traditionnelles_2,Marques — banques traditionnelles (2),/g/121yyfq9,VDK,multi,2023-04-02,4
marque_generique_traditionnelles_2,Marques — banques traditionnelles (2),/g/121yyfq9,VDK,multi,2023-04-09,4
marque_generique_traditionnelles_2,Marques — banques traditionnelles (2),/g/121yyfq9,VDK,multi,2023-04-16,4
marque_generique_traditionnelles_2,Marques — banques traditionnelles (2),/g/121yyfq9,VDK,multi,2023-04-23,4
marque_generique_traditionnelles_2,Marques — banques traditionnelles (2),/g/121yyfq9,VDK,multi,2023-04-30,4
marque_generique_traditionnelles_2,Marques — banques traditionnelles (2),/g/121yyfq9,VDK,multi,2023-05-07,4
marque_generique_traditionnelles_2,Marques — banques traditionnelles (2),/g/121yyfq9,VDK,multi,2023-05-14,3
marque_generique_traditionnelles_2,Marques — banques traditionnelles (2),/g/121yyfq9,VDK,multi,2023-05-21,4
marque_generique_traditionnelles_2,Marques — banques traditionnelles (2),/g/121yyfq9,VDK,multi,2023-05-28,4
marque_generique_traditionnelles_2,Marques — banques traditionnelles (2),/g/121yyfq9,VDK,multi,2023-06-04,4
marque_generique_traditionnelles_2,Marques — banques traditionnelles (2),/g/121yyfq9,VDK,multi,2023-06-11,4
marque_generique_traditionnelles_2,Marques — banques traditionnelles (2),/g/121yyfq9,VDK,multi,2023-06-18,3
marque_generique_traditionnelles_2,Marques — banques traditionnelles (2),/g/121yyfq9,VDK,multi,2023-06-25,4
marque_generique_traditionnelles_2,Marques — banques traditionnelles (2),/g/121yyfq9,VDK,multi,2023-07-02,7
marque_generique_traditionnelles_2,Marques — banques traditionnelles (2),/g/121yyfq9,VDK,multi,2023-07-09,4
marque_generique_traditionnelles_2,Marques — banques traditionnelles (2),/g/121yyfq9,VDK,multi,2023-07-16,3
marque_generique_traditionnelles_2,Marques — banques traditionnelles (2),/g/121yyfq9,VDK,multi,2023-07-23,3
marque_generique_traditionnelles_2,Marques — banques traditionnelles (2),/g/121yyfq9,VDK,multi,2023-07-30,4
marque_generique_traditionnelles_2,Marques — banques traditionnelles (2),/g/121yyfq9,VDK,multi,2023-08-06,3
marque_generique_traditionnelles_2,Marques — banques traditionnelles (2),/g/121yyfq9,VDK,multi,2023-08-13,3
marque_generique_traditionnelles_2,Marques — banques traditionnelles (2),/g/121yyfq9,VDK,multi,2023-08-20,5
marque_generique_traditionnelles_2,Marques — banques traditionnelles (2),/g/121yyfq9,VDK,multi,2023-08-27,5
marque_generique_traditionnelles_2,Marques — banques traditionnelles (2),/g/121yyfq9,VDK,multi,2023-09-03,4
marque_generique_traditionnelles_2,Marques — banques traditionnelles (2),/g/121yyfq9,VDK,multi,2023-09-10,3
marque_generique_traditionnelles_2,Marques — banques traditionnelles (2),/g/121yyfq9,VDK,multi,2023-09-17,3
marque_generique_traditionnelles_2,Marques — banques traditionnelles (2),/g/121yyfq9,VDK,multi,2023-09-24,4
marque_generique_traditionnelles_2,Marques — banques traditionnelles (2),/g/121yyfq9,VDK,multi,2023-10-01,4
marque_generique_traditionnelles_2,Marques — banques traditionnelles (2),/g/121yyfq9,VDK,multi,2023-10-08,3
marque_generique_traditionnelles_2,Marques — banques traditionnelles (2),/g/121yyfq9,VDK,multi,2023-10-15,3
marque_generique_traditionnelles_2,Marques — banques traditionnelles (2),/g/121yyfq9,VDK,multi,2023-10-22,3
marque_generique_traditionnelles_2,Marques — banques traditionnelles (2),/g/121yyfq9,VDK,multi,2023-10-29,3
marque_generique_traditionnelles_2,Marques — banques traditionnelles (2),/g/121yyfq9,VDK,multi,2023-11-05,3
marque_generique_traditionnelles_2,Marques — banques traditionnelles (2),/g/121yyfq9,VDK,multi,2023-11-12,3
marque_generique_traditionnelles_2,Marques — banques traditionnelles (2),/g/121yyfq9,VDK,multi,2023-11-19,3
marque_generique_traditionnelles_2,Marques — banques traditionnelles (2),/g/121yyfq9,VDK,multi,2023-11-26,3
marque_generique_traditionnelles_2,Marques — banques traditionnelles (2),/g/121yyfq9,VDK,multi,2023-12-03,3
marque_generique_traditionnelles_2,Marques — banques traditionnelles (2),/g/121yyfq9,VDK,multi,2023-12-10,4
marque_generique_traditionnelles_2,Marques — banques traditionnelles (2),/g/121yyfq9,VDK,multi,2023-12-17,3
marque_generique_traditionnelles_2,Marques — banques traditionnelles (2),/g/121yyfq9,VDK,multi,2023-12-24,4
marque_generique_traditionnelles_2,Marques — banques traditionnelles (2),/g/121yyfq9,VDK,multi,2023-12-31,4
marque_generique_traditionnelles_2,Marques — banques traditionnelles (2),/g/121yyfq9,VDK,multi,2024-01-07,4
marque_generique_traditionnelles_2,Marques — banques traditionnelles (2),/g/121yyfq9,VDK,multi,2024-01-14,4
marque_generique_traditionnelles_2,Marques — banques traditionnelles (2),/g/121yyfq9,VDK,multi,2024-01-21,4
marque_generique_traditionnelles_2,Marques — banques traditionnelles (2),/g/121yyfq9,VDK,multi,2024-01-28,4
marque_generique_traditionnelles_2,Marques — banques traditionnelles (2),/g/121yyfq9,VDK,multi,2024-02-04,4
marque_generique_traditionnelles_2,Marques — banques traditionnelles (2),/g/121yyfq9,VDK,multi,2024-02-11,4
marque_generique_traditionnelles_2,Marques — banques traditionnelles (2),/g/121yyfq9,VDK,multi,2024-02-18,4
marque_generique_traditionnelles_2,Marques — banques traditionnelles (2),/g/121yyfq9,VDK,multi,2024-02-25,4
marque_generique_traditionnelles_2,Marques — banques traditionnelles (2),/g/121yyfq9,VDK,multi,2024-03-03,4
marque_generique_traditionnelles_2,Marques — banques traditionnelles (2),/g/121yyfq9,VDK,multi,2024-03-10,3
marque_generique_traditionnelles_2,Marques — banques traditionnelles (2),/g/121yyfq9,VDK,multi,2024-03-17,4
marque_generique_traditionnelles_2,Marques — banques traditionnelles (2),/g/121yyfq9,VDK,multi,2024-03-24,4
marque_generique_traditionnelles_2,Marques — banques traditionnelles (2),/g/121yyfq9,VDK,multi,2024-03-31,4
marque_generique_traditionnelles_2,Marques — banques traditionnelles (2),/g/121yyfq9,VDK,multi,2024-04-07,3
marque_generique_traditionnelles_2,Marques — banques traditionnelles (2),/g/121yyfq9,VDK,multi,2024-04-14,4
marque_generique_traditionnelles_2,Marques — banques traditionnelles (2),/g/121yyfq9,VDK,multi,2024-04-21,3
marque_generique_traditionnelles_2,Marques — banques traditionnelles (2),/g/121yyfq9,VDK,multi,2024-04-28,4
marque_generique_traditionnelles_2,Marques — banques traditionnelles (2),/g/121yyfq9,VDK,multi,2024-05-05,3
marque_generique_traditionnelles_2,Marques — banques traditionnelles (2),/g/121yyfq9,VDK,multi,2024-05-12,4
marque_generique_traditionnelles_2,Marques — banques traditionnelles (2),/g/121yyfq9,VDK,multi,2024-05-19,3
marque_generique_traditionnelles_2,Marques — banques traditionnelles (2),/g/121yyfq9,VDK,multi,2024-05-26,4
marque_generique_traditionnelles_2,Marques — banques traditionnelles (2),/g/121yyfq9,VDK,multi,2024-06-02,4
marque_generique_traditionnelles_2,Marques — banques traditionnelles (2),/g/121yyfq9,VDK,multi,2024-06-09,3
marque_generique_traditionnelles_2,Marques — banques traditionnelles (2),/g/121yyfq9,VDK,multi,2024-06-16,3
marque_generique_traditionnelles_2,Marques — banques traditionnelles (2),/g/121yyfq9,VDK,multi,2024-06-23,4
marque_generique_traditionnelles_2,Marques — banques traditionnelles (2),/g/121yyfq9,VDK,multi,2024-06-30,4
marque_generique_traditionnelles_2,Marques — banques traditionnelles (2),/g/121yyfq9,VDK,multi,2024-07-07,3
marque_generique_traditionnelles_2,Marques — banques traditionnelles (2),/g/121yyfq9,VDK,multi,2024-07-14,3
marque_generique_traditionnelles_2,Marques — banques traditionnelles (2),/g/121yyfq9,VDK,multi,2024-07-21,3
marque_generique_traditionnelles_2,Marques — banques traditionnelles (2),/g/121yyfq9,VDK,multi,2024-07-28,3
marque_generique_traditionnelles_2,Marques — banques traditionnelles (2),/g/121yyfq9,VDK,multi,2024-08-04,3
marque_generique_traditionnelles_2,Marques — banques traditionnelles (2),/g/121yyfq9,VDK,multi,2024-08-11,3
marque_generique_traditionnelles_2,Marques — banques traditionnelles (2),/g/121yyfq9,VDK,multi,2024-08-18,4
marque_generique_traditionnelles_2,Marques — banques traditionnelles (2),/g/121yyfq9,VDK,multi,2024-08-25,5
marque_generique_traditionnelles_2,Marques — banques traditionnelles (2),/g/121yyfq9,VDK,multi,2024-09-01,6
marque_generique_traditionnelles_2,Marques — banques traditionnelles (2),/g/121yyfq9,VDK,multi,2024-09-08,4
marque_generique_traditionnelles_2,Marques — banques traditionnelles (2),/g/121yyfq9,VDK,multi,2024-09-15,3
marque_generique_traditionnelles_2,Marques — banques traditionnelles (2),/g/121yyfq9,VDK,multi,2024-09-22,4
marque_generique_traditionnelles_2,Marques — banques traditionnelles (2),/g/121yyfq9,VDK,multi,2024-09-29,4
marque_generique_traditionnelles_2,Marques — banques traditionnelles (2),/g/121yyfq9,VDK,multi,2024-10-06,4
marque_generique_traditionnelles_2,Marques — banques traditionnelles (2),/g/121yyfq9,VDK,multi,2024-10-13,3
marque_generique_traditionnelles_2,Marques — banques traditionnelles (2),/g/121yyfq9,VDK,multi,2024-10-20,3
marque_generique_traditionnelles_2,Marques — banques traditionnelles (2),/g/121yyfq9,VDK,multi,2024-10-27,3
marque_generique_traditionnelles_2,Marques — banques traditionnelles (2),/g/121yyfq9,VDK,multi,2024-11-03,4
marque_generique_traditionnelles_2,Marques — banques traditionnelles (2),/g/121yyfq9,VDK,multi,2024-11-10,3
marque_generique_traditionnelles_2,Marques — banques traditionnelles (2),/g/121yyfq9,VDK,multi,2024-11-17,3
marque_generique_traditionnelles_2,Marques — banques traditionnelles (2),/g/121yyfq9,VDK,multi,2024-11-24,4
marque_generique_traditionnelles_2,Marques — banques traditionnelles (2),/g/121yyfq9,VDK,multi,2024-12-01,4
marque_generique_traditionnelles_2,Marques — banques traditionnelles (2),/g/121yyfq9,VDK,multi,2024-12-08,4
marque_generique_traditionnelles_2,Marques — banques traditionnelles (2),/g/121yyfq9,VDK,multi,2024-12-15,4
marque_generique_traditionnelles_2,Marques — banques traditionnelles (2),/g/121yyfq9,VDK,multi,2024-12-22,3
marque_generique_traditionnelles_2,Marques — banques traditionnelles (2),/g/121yyfq9,VDK,multi,2024-12-29,5
marque_generique_traditionnelles_2,Marques — banques traditionnelles (2),/g/121yyfq9,VDK,multi,2025-01-05,4
marque_generique_traditionnelles_2,Marques — banques traditionnelles (2),/g/121yyfq9,VDK,multi,2025-01-12,4
marque_generique_traditionnelles_2,Marques — banques traditionnelles (2),/g/121yyfq9,VDK,multi,2025-01-19,4
marque_generique_traditionnelles_2,Marques — banques traditionnelles (2),/g/121yyfq9,VDK,multi,2025-01-26,3
marque_generique_traditionnelles_2,Marques — banques traditionnelles (2),/g/121yyfq9,VDK,multi,2025-02-02,4
marque_generique_traditionnelles_2,Marques — banques traditionnelles (2),/g/121yyfq9,VDK,multi,2025-02-09,3
marque_generique_traditionnelles_2,Marques — banques traditionnelles (2),/g/121yyfq9,VDK,multi,2025-02-16,3
marque_generique_traditionnelles_2,Marques — banques traditionnelles (2),/g/121yyfq9,VDK,multi,2025-02-23,4
marque_generique_traditionnelles_2,Marques — banques traditionnelles (2),/g/121yyfq9,VDK,multi,2025-03-02,4
marque_generique_traditionnelles_2,Marques — banques traditionnelles (2),/g/121yyfq9,VDK,multi,2025-03-09,4
marque_generique_traditionnelles_2,Marques — banques traditionnelles (2),/g/121yyfq9,VDK,multi,2025-03-16,4
marque_generique_traditionnelles_2,Marques — banques traditionnelles (2),/g/121yyfq9,VDK,multi,2025-03-23,4
marque_generique_traditionnelles_2,Marques — banques traditionnelles (2),/g/121yyfq9,VDK,multi,2025-03-30,4
marque_generique_traditionnelles_2,Marques — banques traditionnelles (2),/g/121yyfq9,VDK,multi,2025-04-06,3
marque_generique_traditionnelles_2,Marques — banques traditionnelles (2),/g/121yyfq9,VDK,multi,2025-04-13,3
marque_generique_traditionnelles_2,Marques — banques traditionnelles (2),/g/121yyfq9,VDK,multi,2025-04-20,3
marque_generique_traditionnelles_2,Marques — banques traditionnelles (2),/g/121yyfq9,VDK,multi,2025-04-27,3
marque_generique_traditionnelles_2,Marques — banques traditionnelles (2),/g/121yyfq9,VDK,multi,2025-05-04,4
marque_generique_traditionnelles_2,Marques — banques traditionnelles (2),/g/121yyfq9,VDK,multi,2025-05-11,4
marque_generique_traditionnelles_2,Marques — banques traditionnelles (2),/g/121yyfq9,VDK,multi,2025-05-18,3
marque_generique_traditionnelles_2,Marques — banques traditionnelles (2),/g/121yyfq9,VDK,multi,2025-05-25,3
marque_generique_traditionnelles_2,Marques — banques traditionnelles (2),/g/121yyfq9,VDK,multi,2025-06-01,4
marque_generique_traditionnelles_2,Marques — banques traditionnelles (2),/g/121yyfq9,VDK,multi,2025-06-08,3
marque_generique_traditionnelles_2,Marques — banques traditionnelles (2),/g/121yyfq9,VDK,multi,2025-06-15,3
marque_generique_traditionnelles_2,Marques — banques traditionnelles (2),/g/121yyfq9,VDK,multi,2025-06-22,3
marque_generique_traditionnelles_2,Marques — banques traditionnelles (2),/g/121yyfq9,VDK,multi,2025-06-29,4
marque_generique_traditionnelles_2,Marques — banques traditionnelles (2),/g/121yyfq9,VDK,multi,2025-07-06,3
marque_generique_traditionnelles_2,Marques — banques traditionnelles (2),/g/121yyfq9,VDK,multi,2025-07-13,4
marque_generique_traditionnelles_2,Marques — banques traditionnelles (2),/g/121yyfq9,VDK,multi,2025-07-20,3
marque_generique_traditionnelles_2,Marques — banques traditionnelles (2),/g/121yyfq9,VDK,multi,2025-07-27,4
marque_generique_traditionnelles_2,Marques — banques traditionnelles (2),/g/121yyfq9,VDK,multi,2025-08-03,3
marque_generique_traditionnelles_2,Marques — banques traditionnelles (2),/g/121yyfq9,VDK,multi,2025-08-10,3
marque_generique_traditionnelles_2,Marques — banques traditionnelles (2),/g/121yyfq9,VDK,multi,2025-08-17,4
marque_generique_traditionnelles_2,Marques — banques traditionnelles (2),/g/121yyfq9,VDK,multi,2025-08-24,4
marque_generique_traditionnelles_2,Marques — banques traditionnelles (2),/g/121yyfq9,VDK,multi,2025-08-31,5
marque_generique_traditionnelles_2,Marques — banques traditionnelles (2),/g/121yyfq9,VDK,multi,2025-09-07,4
marque_generique_traditionnelles_2,Marques — banques traditionnelles (2),/g/121yyfq9,VDK,multi,2025-09-14,4
marque_generique_traditionnelles_2,Marques — banques traditionnelles (2),/g/121yyfq9,VDK,multi,2025-09-21,4
marque_generique_traditionnelles_2,Marques — banques traditionnelles (2),/g/121yyfq9,VDK,multi,2025-09-28,4
marque_generique_traditionnelles_2,Marques — banques traditionnelles (2),/g/121yyfq9,VDK,multi,2025-10-05,4
marque_generique_traditionnelles_2,Marques — banques traditionnelles (2),/g/121yyfq9,VDK,multi,2025-10-12,4
marque_generique_traditionnelles_2,Marques — banques traditionnelles (2),/g/121yyfq9,VDK,multi,2025-10-19,4
marque_generique_traditionnelles_2,Marques — banques traditionnelles (2),/g/121yyfq9,VDK,multi,2025-10-26,3
marque_generique_traditionnelles_2,Marques — banques traditionnelles (2),/g/121yyfq9,VDK,multi,2025-11-02,4
marque_generique_traditionnelles_2,Marques — banques traditionnelles (2),/g/121yyfq9,VDK,multi,2025-11-09,3
marque_generique_traditionnelles_2,Marques — banques traditionnelles (2),/g/121yyfq9,VDK,multi,2025-11-16,3
marque_generique_traditionnelles_2,Marques — banques traditionnelles (2),/g/121yyfq9,VDK,multi,2025-11-23,3
marque_generique_traditionnelles_2,Marques — banques traditionnelles (2),/g/121yyfq9,VDK,multi,2025-11-30,4
marque_generique_traditionnelles_2,Marques — banques traditionnelles (2),/g/121yyfq9,VDK,multi,2025-12-07,4
marque_generique_traditionnelles_2,Marques — banques traditionnelles (2),/g/121yyfq9,VDK,multi,2025-12-14,3
marque_generique_traditionnelles_2,Marques — banques traditionnelles (2),/g/121yyfq9,VDK,multi,2025-12-21,3
marque_generique_traditionnelles_2,Marques — banques traditionnelles (2),/g/121yyfq9,VDK,multi,2025-12-28,4
marque_generique_traditionnelles_2,Marques — banques traditionnelles (2),/g/121yyfq9,VDK,multi,2026-01-04,4
marque_generique_traditionnelles_2,Marques — banques traditionnelles (2),/g/121yyfq9,VDK,multi,2026-01-11,4
marque_generique_traditionnelles_2,Marques — banques traditionnelles (2),/g/121yyfq9,VDK,multi,2026-01-18,4
marque_generique_traditionnelles_2,Marques — banques traditionnelles (2),/g/121yyfq9,VDK,multi,2026-01-25,4
marque_generique_traditionnelles_2,Marques — banques traditionnelles (2),/g/121yyfq9,VDK,multi,2026-02-01,4
marque_generique_traditionnelles_2,Marques — banques traditionnelles (2),/g/121yyfq9,VDK,multi,2026-02-08,4
marque_generique_traditionnelles_2,Marques — banques traditionnelles (2),/g/121yyfq9,VDK,multi,2026-02-15,3
marque_generique_traditionnelles_2,Marques — banques traditionnelles (2),/g/121yyfq9,VDK,multi,2026-02-22,4
marque_generique_traditionnelles_2,Marques — banques traditionnelles (2),/g/121yyfq9,VDK,multi,2026-03-01,4
marque_generique_traditionnelles_2,Marques — banques traditionnelles (2),/g/121yyfq9,VDK,multi,2026-03-08,3
marque_generique_traditionnelles_2,Marques — banques traditionnelles (2),/g/121yyfq9,VDK,multi,2026-03-15,4
marque_generique_traditionnelles_2,Marques — banques traditionnelles (2),/g/121yyfq9,VDK,multi,2026-03-22,4
marque_generique_traditionnelles_2,Marques — banques traditionnelles (2),/g/121yyfq9,VDK,multi,2026-03-29,4
marque_generique_traditionnelles_2,Marques — banques traditionnelles (2),/g/121yyfq9,VDK,multi,2026-04-05,4
marque_generique_traditionnelles_2,Marques — banques traditionnelles (2),/g/121yyfq9,VDK,multi,2026-04-12,3
marque_generique_traditionnelles_2,Marques — banques traditionnelles (2),/g/121yyfq9,VDK,multi,2026-04-19,3
marque_generique_traditionnelles_2,Marques — banques traditionnelles (2),/g/121yyfq9,VDK,multi,2026-04-26,3
marque_generique_traditionnelles_2,Marques — banques traditionnelles (2),/g/121yyfq9,VDK,multi,2026-05-03,3
marque_generique_traditionnelles_2,Marques — banques traditionnelles (2),/g/121yyfq9,VDK,multi,2026-05-10,5
marque_generique_traditionnelles_2,Marques — banques traditionnelles (2),/g/121yyfq9,VDK,multi,2026-05-17,5
marque_generique_traditionnelles_2,Marques — banques traditionnelles (2),/g/121yyfq9,VDK,multi,2026-05-24,5
marque_generique_traditionnelles_2,Marques — banques traditionnelles (2),/g/121yyfq9,VDK,multi,2026-05-31,4
marque_generique_traditionnelles_2,Marques — banques traditionnelles (2),/g/121yyfq9,VDK,multi,2026-06-07,3
marque_generique_traditionnelles_2,Marques — banques traditionnelles (2),/g/121yyfq9,VDK,multi,2026-06-14,3
marque_generique_traditionnelles_2,Marques — banques traditionnelles (2),/g/121yyfq9,VDK,multi,2026-06-21,3
marque_generique_traditionnelles_2,Marques — banques traditionnelles (2),/g/121yyfq9,VDK,multi,2026-06-28,4
marque_generique_traditionnelles_2,Marques — banques traditionnelles (2),/g/121yyfq9,VDK,multi,2026-07-05,5
marque_generique_traditionnelles_2,Marques — banques traditionnelles (2),/g/121yyfq9,VDK,multi,2026-07-12,4
marque_generique_traditionnelles_2,Marques — banques traditionnelles (2),/g/121yyfq9,VDK,multi,2026-07-19,3
marque_generique_traditionnelles_2,Marques — banques traditionnelles (2),/g/121yyfq9,VDK,multi,2026-07-26,3
marque_generique_traditionnelles_2,Marques — banques traditionnelles (2),/g/121yyfq9,VDK,multi,2026-08-02,3
marque_generique_traditionnelles_2,Marques — banques traditionnelles (2),/g/121yyfq9,VDK,multi,2026-08-09,3
marque_generique_traditionnelles_2,Marques — banques traditionnelles (2),/g/121yyfq9,VDK,multi,2026-08-16,3
marque_generique_traditionnelles_2,Marques — banques traditionnelles (2),/g/121yyfq9,VDK,multi,2026-08-23,4
marque_generique_traditionnelles_2,Marques — banques traditionnelles (2),/g/121yyfq9,VDK,multi,2026-08-30,4
marque_generique_traditionnelles_2,Marques — banques traditionnelles (2),/g/121yyfq9,VDK,multi,2026-09-06,3
marque_generique_traditionnelles_2,Marques — banques traditionnelles (2),/g/121yyfq9,VDK,multi,2026-09-13,3
marque_generique_traditionnelles_2,Marques — banques traditionnelles (2),/g/121yyfq9,VDK,multi,2026-09-20,2
