bank,date,source_fiche,raw_value,scale_factor,rescaled_value,share_pct
ARGENTA,2021-09-12,marque_generique_traditionnelles,27,1.0046913178042025,27.126665580713468,0.11520493509515839
ARGENTA,2021-09-19,marque_generique_traditionnelles,27,1.0046913178042025,27.126665580713468,0.0833661849312086
ARGENTA,2021-09-26,marque_generique_traditionnelles,29,1.0046913178042025,29.13604821632187,0.08484358126079791
ARGENTA,2021-10-03,marque_generique_traditionnelles,27,1.0046913178042025,27.126665580713468,0.08039868912569575
ARGENTA,2021-10-10,marque_generique_traditionnelles,26,1.0046913178042025,26.121974262909266,0.07719657641980902
ARGENTA,2021-10-17,marque_generique_traditionnelles,26,1.0046913178042025,26.121974262909266,0.0807824856646873
ARGENTA,2021-10-24,marque_generique_traditionnelles,26,1.0046913178042025,26.121974262909266,0.0802795220117736
ARGENTA,2021-10-31,marque_generique_traditionnelles,26,1.0046913178042025,26.121974262909266,0.08308780234388034
ARGENTA,2021-11-07,marque_generique_traditionnelles,25,1.0046913178042025,25.117282945105064,0.08446291807231245
ARGENTA,2021-11-14,marque_generique_traditionnelles,27,1.0046913178042025,27.126665580713468,0.08825338965513929
ARGENTA,2021-11-21,marque_generique_traditionnelles,27,1.0046913178042025,27.126665580713468,0.0882485808224189
ARGENTA,2021-11-28,marque_generique_traditionnelles,26,1.0046913178042025,26.121974262909266,0.08308740843093561
ARGENTA,2021-12-05,marque_generique_traditionnelles,27,1.0046913178042025,27.126665580713468,0.08015168684734982
ARGENTA,2021-12-12,marque_generique_traditionnelles,27,1.0046913178042025,27.126665580713468,0.07673596556437938
ARGENTA,2021-12-19,marque_generique_traditionnelles,27,1.0046913178042025,27.126665580713468,0.08335719959960619
ARGENTA,2021-12-26,marque_generique_traditionnelles,30,1.0046913178042025,30.140739534126077,0.09092523593690684
ARGENTA,2022-01-02,marque_generique_traditionnelles,32,1.0046913178042025,32.15012216973448,0.0853860833800737
ARGENTA,2022-01-09,marque_generique_traditionnelles,30,1.0046913178042025,30.140739534126077,0.08673683697473121
ARGENTA,2022-01-16,marque_generique_traditionnelles,26,1.0046913178042025,26.121974262909266,0.08076280774796876
ARGENTA,2022-01-23,marque_generique_traditionnelles,26,1.0046913178042025,26.121974262909266,0.08152263211040889
ARGENTA,2022-01-30,marque_generique_traditionnelles,37,1.0046913178042025,37.17357875875549,0.09768813638167675
ARGENTA,2022-02-06,marque_generique_traditionnelles,27,1.0046913178042025,27.126665580713468,0.07991736514619525
ARGENTA,2022-02-13,marque_generique_traditionnelles,28,1.0046913178042025,28.13135689851767,0.0897591668156785
ARGENTA,2022-02-20,marque_generique_traditionnelles,29,1.0046913178042025,29.13604821632187,0.08686485305076422
ARGENTA,2022-02-27,marque_generique_traditionnelles,26,1.0046913178042025,26.121974262909266,0.07167389611735522
ARGENTA,2022-03-06,marque_generique_traditionnelles,26,1.0046913178042025,26.121974262909266,0.07540015136433943
ARGENTA,2022-03-13,marque_generique_traditionnelles,27,1.0046913178042025,27.126665580713468,0.08259446499422848
ARGENTA,2022-03-20,marque_generique_traditionnelles,25,1.0046913178042025,25.117282945105064,0.07488085117655582
ARGENTA,2022-03-27,marque_generique_traditionnelles,27,1.0046913178042025,27.126665580713468,0.07784891809281472
ARGENTA,2022-04-03,marque_generique_traditionnelles,29,1.0046913178042025,29.13604821632187,0.08385294083402935
ARGENTA,2022-04-10,marque_generique_traditionnelles,24,1.0046913178042025,24.11259162730086,0.08027041420889026
ARGENTA,2022-04-17,marque_generique_traditionnelles,25,1.0046913178042025,25.117282945105064,0.08361130488200232
ARGENTA,2022-04-24,marque_generique_traditionnelles,26,1.0046913178042025,26.121974262909266,0.07495218588840062
ARGENTA,2022-05-01,marque_generique_traditionnelles,28,1.0046913178042025,28.13135689851767,0.08190621805174825
ARGENTA,2022-05-08,marque_generique_traditionnelles,27,1.0046913178042025,27.126665580713468,0.08111391399232762
ARGENTA,2022-05-15,marque_generique_traditionnelles,27,1.0046913178042025,27.126665580713468,0.08824282905543147
ARGENTA,2022-05-22,marque_generique_traditionnelles,24,1.0046913178042025,24.11259162730086,0.08508845887418962
ARGENTA,2022-05-29,marque_generique_traditionnelles,29,1.0046913178042025,29.13604821632187,0.08434200705185572
ARGENTA,2022-06-05,marque_generique_traditionnelles,25,1.0046913178042025,25.117282945105064,0.07937829473888573
ARGENTA,2022-06-12,marque_generique_traditionnelles,27,1.0046913178042025,27.126665580713468,0.0828435304705113
ARGENTA,2022-06-19,marque_generique_traditionnelles,29,1.0046913178042025,29.13604821632187,0.08737342052529842
ARGENTA,2022-06-26,marque_generique_traditionnelles,31,1.0046913178042025,31.14543085193028,0.08521273516129971
ARGENTA,2022-07-03,marque_generique_traditionnelles,31,1.0046913178042025,31.14543085193028,0.08272460744164137
ARGENTA,2022-07-10,marque_generique_traditionnelles,29,1.0046913178042025,29.13604821632187,0.08507896829298242
ARGENTA,2022-07-17,marque_generique_traditionnelles,25,1.0046913178042025,25.117282945105064,0.0873996883403435
ARGENTA,2022-07-24,marque_generique_traditionnelles,27,1.0046913178042025,27.126665580713468,0.0862714919762512
ARGENTA,2022-07-31,marque_generique_traditionnelles,26,1.0046913178042025,26.121974262909266,0.07672172250346194
ARGENTA,2022-08-07,marque_generique_traditionnelles,26,1.0046913178042025,26.121974262909266,0.08333322542925815
ARGENTA,2022-08-14,marque_generique_traditionnelles,26,1.0046913178042025,26.121974262909266,0.08902253299180325
ARGENTA,2022-08-21,marque_generique_traditionnelles,29,1.0046913178042025,29.13604821632187,0.09091962256603782
ARGENTA,2022-08-28,marque_generique_traditionnelles,29,1.0046913178042025,29.13604821632187,0.08870217670862239
ARGENTA,2022-09-04,marque_generique_traditionnelles,27,1.0046913178042025,27.126665580713468,0.08309529672739895
ARGENTA,2022-09-11,marque_generique_traditionnelles,28,1.0046913178042025,28.13135689851767,0.08436491437079463
ARGENTA,2022-09-18,marque_generique_traditionnelles,26,1.0046913178042025,26.121974262909266,0.08151295107282835
ARGENTA,2022-09-25,marque_generique_traditionnelles,28,1.0046913178042025,28.13135689851767,0.0833606139818951
ARGENTA,2022-10-02,marque_generique_traditionnelles,24,1.0046913178042025,24.11259162730086,0.0734231633814419
ARGENTA,2022-10-09,marque_generique_traditionnelles,25,1.0046913178042025,25.117282945105064,0.08446425055388285
ARGENTA,2022-10-16,marque_generique_traditionnelles,26,1.0046913178042025,26.121974262909266,0.08638955577457726
ARGENTA,2022-10-23,marque_generique_traditionnelles,28,1.0046913178042025,28.13135689851767,0.08779366403414723
ARGENTA,2022-10-30,marque_generique_traditionnelles,27,1.0046913178042025,27.126665580713468,0.09406386496781176
ARGENTA,2022-11-06,marque_generique_traditionnelles,24,1.0046913178042025,24.11259162730086,0.08631255960025043
ARGENTA,2022-11-13,marque_generique_traditionnelles,28,1.0046913178042025,28.13135689851767,0.08514299346779278
ARGENTA,2022-11-20,marque_generique_traditionnelles,26,1.0046913178042025,26.121974262909266,0.091863084541286
ARGENTA,2022-11-27,marque_generique_traditionnelles,27,1.0046913178042025,27.126665580713468,0.09091588703817041
ARGENTA,2022-12-04,marque_generique_traditionnelles,28,1.0046913178042025,28.13135689851767,0.09427283573150648
ARGENTA,2022-12-11,marque_generique_traditionnelles,27,1.0046913178042025,27.126665580713468,0.09000038949950188
ARGENTA,2022-12-18,marque_generique_traditionnelles,29,1.0046913178042025,29.13604821632187,0.09121332802658431
ARGENTA,2022-12-25,marque_generique_traditionnelles,31,1.0046913178042025,31.14543085193028,0.10437748377448203
ARGENTA,2023-01-01,marque_generique_traditionnelles,34,1.0046913178042025,34.159504805342884,0.10122849506250672
ARGENTA,2023-01-08,marque_generique_traditionnelles,29,1.0046913178042025,29.13604821632187,0.09296807669613531
ARGENTA,2023-01-15,marque_generique_traditionnelles,28,1.0046913178042025,28.13135689851767,0.0927125356733642
ARGENTA,2023-01-22,marque_generique_traditionnelles,28,1.0046913178042025,28.13135689851767,0.09034058520624885
ARGENTA,2023-01-29,marque_generique_traditionnelles,31,1.0046913178042025,31.14543085193028,0.0914847236707261
ARGENTA,2023-02-05,marque_generique_traditionnelles,28,1.0046913178042025,28.13135689851767,0.0883463886478876
ARGENTA,2023-02-12,marque_generique_traditionnelles,26,1.0046913178042025,26.121974262909266,0.0881406097980363
ARGENTA,2023-02-19,marque_generique_traditionnelles,27,1.0046913178042025,27.126665580713468,0.09183929402936086
ARGENTA,2023-02-26,marque_generique_traditionnelles,28,1.0046913178042025,28.13135689851767,0.09033786321400855
ARGENTA,2023-03-05,marque_generique_traditionnelles,26,1.0046913178042025,26.121974262909266,0.08873945809880056
ARGENTA,2023-03-12,marque_generique_traditionnelles,27,1.0046913178042025,27.126665580713468,0.08883800158070991
ARGENTA,2023-03-19,marque_generique_traditionnelles,28,1.0046913178042025,28.13135689851767,0.08891582568180172
ARGENTA,2023-03-26,marque_generique_traditionnelles,28,1.0046913178042025,28.13135689851767,0.09524154115165032
ARGENTA,2023-04-02,marque_generique_traditionnelles,28,1.0046913178042025,28.13135689851767,0.09272657737715786
ARGENTA,2023-04-09,marque_generique_traditionnelles,27,1.0046913178042025,27.126665580713468,0.09540225208947328
ARGENTA,2023-04-16,marque_generique_traditionnelles,26,1.0046913178042025,26.121974262909266,0.09384510032592572
ARGENTA,2023-04-23,marque_generique_traditionnelles,26,1.0046913178042025,26.121974262909266,0.09027209781489695
ARGENTA,2023-04-30,marque_generique_traditionnelles,26,1.0046913178042025,26.121974262909266,0.09661651290378187
ARGENTA,2023-05-07,marque_generique_traditionnelles,26,1.0046913178042025,26.121974262909266,0.0945258756796772
ARGENTA,2023-05-14,marque_generique_traditionnelles,23,1.0046913178042025,23.107900309496657,0.09231126467110812
ARGENTA,2023-05-21,marque_generique_traditionnelles,30,1.0046913178042025,30.140739534126077,0.09934787996783492
ARGENTA,2023-05-28,marque_generique_traditionnelles,25,1.0046913178042025,25.117282945105064,0.09222626586080931
ARGENTA,2023-06-04,marque_generique_traditionnelles,26,1.0046913178042025,26.121974262909266,0.09453305972445422
ARGENTA,2023-06-11,marque_generique_traditionnelles,27,1.0046913178042025,27.126665580713468,0.09745643071016863
ARGENTA,2023-06-18,marque_generique_traditionnelles,26,1.0046913178042025,26.121974262909266,0.09591862102558078
ARGENTA,2023-06-25,marque_generique_traditionnelles,29,1.0046913178042025,29.13604821632187,0.09635734395169186
ARGENTA,2023-07-02,marque_generique_traditionnelles,31,1.0046913178042025,31.14543085193028,0.09341751132966737
ARGENTA,2023-07-09,marque_generique_traditionnelles,30,1.0046913178042025,30.140739534126077,0.09495734604954881
ARGENTA,2023-07-16,marque_generique_traditionnelles,25,1.0046913178042025,25.117282945105064,0.09611070658599483
ARGENTA,2023-07-23,marque_generique_traditionnelles,28,1.0046913178042025,28.13135689851767,0.09823395292336266
ARGENTA,2023-07-30,marque_generique_traditionnelles,29,1.0046913178042025,29.13604821632187,0.09864170693078336
ARGENTA,2023-08-06,marque_generique_traditionnelles,30,1.0046913178042025,30.140739534126077,0.10309350625766994
ARGENTA,2023-08-13,marque_generique_traditionnelles,26,1.0046913178042025,26.121974262909266,0.10190697837821563
ARGENTA,2023-08-20,marque_generique_traditionnelles,62,1.0046913178042025,62.29086170386056,0.16454511923167311
ARGENTA,2023-08-27,marque_generique_traditionnelles,52,1.0046913178042025,52.24394852581853,0.1285035165761153
ARGENTA,2023-09-03,marque_generique_traditionnelles,30,1.0046913178042025,30.140739534126077,0.10034189872907467
ARGENTA,2023-09-10,marque_generique_traditionnelles,26,1.0046913178042025,26.121974262909266,0.09351222906380897
ARGENTA,2023-09-17,marque_generique_traditionnelles,26,1.0046913178042025,26.121974262909266,0.09487078892581699
ARGENTA,2023-09-24,marque_generique_traditionnelles,28,1.0046913178042025,28.13135689851767,0.09365629370393697
ARGENTA,2023-10-01,marque_generique_traditionnelles,28,1.0046913178042025,28.13135689851767,0.09005652706112798
ARGENTA,2023-10-08,marque_generique_traditionnelles,27,1.0046913178042025,27.126665580713468,0.09606988907831741
ARGENTA,2023-10-15,marque_generique_traditionnelles,25,1.0046913178042025,25.117282945105064,0.08620728250055491
ARGENTA,2023-10-22,marque_generique_traditionnelles,27,1.0046913178042025,27.126665580713468,0.09539603008382073
ARGENTA,2023-10-29,marque_generique_traditionnelles,25,1.0046913178042025,25.117282945105064,0.09359773934142543
ARGENTA,2023-11-05,marque_generique_traditionnelles,28,1.0046913178042025,28.13135689851767,0.10179481976002103
ARGENTA,2023-11-12,marque_generique_traditionnelles,27,1.0046913178042025,27.126665580713468,0.101468431250684
ARGENTA,2023-11-19,marque_generique_traditionnelles,25,1.0046913178042025,25.117282945105064,0.09056690475130241
ARGENTA,2023-11-26,marque_generique_traditionnelles,28,1.0046913178042025,28.13135689851767,0.0985817599559054
ARGENTA,2023-12-03,marque_generique_traditionnelles,28,1.0046913178042025,28.13135689851767,0.09755715953945193
ARGENTA,2023-12-10,marque_generique_traditionnelles,29,1.0046913178042025,29.13604821632187,0.0963556115195258
ARGENTA,2023-12-17,marque_generique_traditionnelles,31,1.0046913178042025,31.14543085193028,0.10165190679709751
ARGENTA,2023-12-24,marque_generique_traditionnelles,31,1.0046913178042025,31.14543085193028,0.11068807684796486
ARGENTA,2023-12-31,marque_generique_traditionnelles,32,1.0046913178042025,32.15012216973448,0.10702353227553853
ARGENTA,2024-01-07,marque_generique_traditionnelles,30,1.0046913178042025,30.140739534126077,0.09837709262743584
ARGENTA,2024-01-14,marque_generique_traditionnelles,29,1.0046913178042025,29.13604821632187,0.09666954575346084
ARGENTA,2024-01-21,marque_generique_traditionnelles,30,1.0046913178042025,30.140739534126077,0.08876420087169243
ARGENTA,2024-01-28,marque_generique_traditionnelles,30,1.0046913178042025,30.140739534126077,0.09406529637367438
ARGENTA,2024-02-04,marque_generique_traditionnelles,30,1.0046913178042025,30.140739534126077,0.10202796999278402
ARGENTA,2024-02-11,marque_generique_traditionnelles,29,1.0046913178042025,29.13604821632187,0.1003270195113748
ARGENTA,2024-02-18,marque_generique_traditionnelles,30,1.0046913178042025,30.140739534126077,0.0983674356647104
ARGENTA,2024-02-25,marque_generique_traditionnelles,31,1.0046913178042025,31.14543085193028,0.0981098387844601
ARGENTA,2024-03-03,marque_generique_traditionnelles,29,1.0046913178042025,29.13604821632187,0.09730792286806471
ARGENTA,2024-03-10,marque_generique_traditionnelles,27,1.0046913178042025,27.126665580713468,0.09572527146200972
ARGENTA,2024-03-17,marque_generique_traditionnelles,27,1.0046913178042025,27.126665580713468,0.0950492266680117
ARGENTA,2024-03-24,marque_generique_traditionnelles,30,1.0046913178042025,30.140739534126077,0.08776649927379877
ARGENTA,2024-03-31,marque_generique_traditionnelles,29,1.0046913178042025,29.13604821632187,0.09764013850766096
ARGENTA,2024-04-07,marque_generique_traditionnelles,27,1.0046913178042025,27.126665580713468,0.09341141209287793
ARGENTA,2024-04-14,marque_generique_traditionnelles,27,1.0046913178042025,27.126665580713468,0.09505959507831035
ARGENTA,2024-04-21,marque_generique_traditionnelles,25,1.0046913178042025,25.117282945105064,0.09022727401762633
ARGENTA,2024-04-28,marque_generique_traditionnelles,27,1.0046913178042025,27.126665580713468,0.10183798664754612
ARGENTA,2024-05-05,marque_generique_traditionnelles,25,1.0046913178042025,25.117282945105064,0.0976001442844117
ARGENTA,2024-05-12,marque_generique_traditionnelles,30,1.0046913178042025,30.140739534126077,0.10066552071290408
ARGENTA,2024-05-19,marque_generique_traditionnelles,27,1.0046913178042025,27.126665580713468,0.10183798664754612
ARGENTA,2024-05-26,marque_generique_traditionnelles,28,1.0046913178042025,28.13135689851767,0.09654070855075449
ARGENTA,2024-06-02,marque_generique_traditionnelles,26,1.0046913178042025,26.121974262909266,0.09153292073485624
ARGENTA,2024-06-09,marque_generique_traditionnelles,25,1.0046913178042025,25.117282945105064,0.08471197489668501
ARGENTA,2024-06-16,marque_generique_traditionnelles,24,1.0046913178042025,24.11259162730086,0.08537089368929865
ARGENTA,2024-06-23,marque_generique_traditionnelles,26,1.0046913178042025,26.121974262909266,0.09024360263666435
ARGENTA,2024-06-30,marque_generique_traditionnelles,28,1.0046913178042025,28.13135689851767,0.08860789764847418
ARGENTA,2024-07-07,marque_generique_traditionnelles,29,1.0046913178042025,29.13604821632187,0.09507095918126723
ARGENTA,2024-07-14,marque_generique_traditionnelles,27,1.0046913178042025,27.126665580713468,0.09088896198379441
ARGENTA,2024-07-21,marque_generique_traditionnelles,27,1.0046913178042025,27.126665580713468,0.08909528009501104
ARGENTA,2024-07-28,marque_generique_traditionnelles,28,1.0046913178042025,28.13135689851767,0.09855609321601558
ARGENTA,2024-08-04,marque_generique_traditionnelles,30,1.0046913178042025,30.140739534126077,0.1020134658040062
ARGENTA,2024-08-11,marque_generique_traditionnelles,27,1.0046913178042025,27.126665580713468,0.10298370331316134
ARGENTA,2024-08-18,marque_generique_traditionnelles,30,1.0046913178042025,30.140739534126077,0.09932177080602939
ARGENTA,2024-08-25,marque_generique_traditionnelles,35,1.0046913178042025,35.164196123147086,0.10327549161590222
ARGENTA,2024-09-01,marque_generique_traditionnelles,45,1.0046913178042025,45.21110930118911,0.09989334835710341
ARGENTA,2024-09-08,marque_generique_traditionnelles,35,1.0046913178042025,35.164196123147086,0.10003895051723272
ARGENTA,2024-09-15,marque_generique_traditionnelles,27,1.0046913178042025,27.126665580713468,0.08910560946534533
ARGENTA,2024-09-22,marque_generique_traditionnelles,27,1.0046913178042025,27.126665580713468,0.08710253391169831
ARGENTA,2024-09-29,marque_generique_traditionnelles,27,1.0046913178042025,27.126665580713468,0.0854546944985275
ARGENTA,2024-10-06,marque_generique_traditionnelles,25,1.0046913178042025,25.117282945105064,0.08472933995080033
ARGENTA,2024-10-13,marque_generique_traditionnelles,26,1.0046913178042025,26.121974262909266,0.09120410243686602
ARGENTA,2024-10-20,marque_generique_traditionnelles,25,1.0046913178042025,25.117282945105064,0.0876953395998458
ARGENTA,2024-10-27,marque_generique_traditionnelles,24,1.0046913178042025,24.11259162730086,0.07694537303780313
ARGENTA,2024-11-03,marque_generique_traditionnelles,26,1.0046913178042025,26.121974262909266,0.08782480883497741
ARGENTA,2024-11-10,marque_generique_traditionnelles,24,1.0046913178042025,24.11259162730086,0.08884361000042781
ARGENTA,2024-11-17,marque_generique_traditionnelles,24,1.0046913178042025,24.11259162730086,0.08567925623067513
ARGENTA,2024-11-24,marque_generique_traditionnelles,25,1.0046913178042025,25.117282945105064,0.08589246221068925
ARGENTA,2024-12-01,marque_generique_traditionnelles,27,1.0046913178042025,27.126665580713468,0.0934076750144177
ARGENTA,2024-12-08,marque_generique_traditionnelles,29,1.0046913178042025,29.13604821632187,0.10207877611330951
ARGENTA,2024-12-15,marque_generique_traditionnelles,30,1.0046913178042025,30.140739534126077,0.09405218245528581
ARGENTA,2024-12-22,marque_generique_traditionnelles,26,1.0046913178042025,26.121974262909266,0.09659948504991746
ARGENTA,2024-12-29,marque_generique_traditionnelles,33,1.0046913178042025,33.15481348753868,0.10576427103414766
ARGENTA,2025-01-05,marque_generique_traditionnelles,30,1.0046913178042025,30.140739534126077,0.09803262725678327
ARGENTA,2025-01-12,marque_generique_traditionnelles,27,1.0046913178042025,27.126665580713468,0.09212098380019158
ARGENTA,2025-01-19,marque_generique_traditionnelles,28,1.0046913178042025,28.13135689851767,0.09270386865218246
ARGENTA,2025-01-26,marque_generique_traditionnelles,28,1.0046913178042025,28.13135689851767,0.09363319587891474
ARGENTA,2025-02-02,marque_generique_traditionnelles,29,1.0046913178042025,29.13604821632187,0.09762074640935905
ARGENTA,2025-02-09,marque_generique_traditionnelles,26,1.0046913178042025,26.121974262909266,0.08782247853888134
ARGENTA,2025-02-16,marque_generique_traditionnelles,26,1.0046913178042025,26.121974262909266,0.09025477150192912
ARGENTA,2025-02-23,marque_generique_traditionnelles,28,1.0046913178042025,28.13135689851767,0.09179871764580017
ARGENTA,2025-03-02,marque_generique_traditionnelles,30,1.0046913178042025,30.140739534126077,0.09965119914310203
ARGENTA,2025-03-09,marque_generique_traditionnelles,28,1.0046913178042025,28.13135689851767,0.09457585123985396
ARGENTA,2025-03-16,marque_generique_traditionnelles,26,1.0046913178042025,26.121974262909266,0.09485326833671048
ARGENTA,2025-03-23,marque_generique_traditionnelles,28,1.0046913178042025,28.13135689851767,0.09855524535855031
ARGENTA,2025-03-30,marque_generique_traditionnelles,29,1.0046913178042025,29.13604821632187,0.09091738349378689
ARGENTA,2025-04-06,marque_generique_traditionnelles,29,1.0046913178042025,29.13604821632187,0.09445742169380568
ARGENTA,2025-04-13,marque_generique_traditionnelles,26,1.0046913178042025,26.121974262909266,0.09152461051292372
ARGENTA,2025-04-20,marque_generique_traditionnelles,26,1.0046913178042025,26.121974262909266,0.09554370126943447
ARGENTA,2025-04-27,marque_generique_traditionnelles,25,1.0046913178042025,25.117282945105064,0.09393299474821466
ARGENTA,2025-05-04,marque_generique_traditionnelles,26,1.0046913178042025,26.121974262909266,0.09088029953138406
ARGENTA,2025-05-11,marque_generique_traditionnelles,26,1.0046913178042025,26.121974262909266,0.0924933763288727
ARGENTA,2025-05-18,marque_generique_traditionnelles,26,1.0046913178042025,26.121974262909266,0.08963490967290094
ARGENTA,2025-05-25,marque_generique_traditionnelles,23,1.0046913178042025,23.107900309496657,0.08740250643403348
ARGENTA,2025-06-01,marque_generique_traditionnelles,28,1.0046913178042025,28.13135689851767,0.09553487767253688
ARGENTA,2025-06-08,marque_generique_traditionnelles,23,1.0046913178042025,23.107900309496657,0.09012347758027205
ARGENTA,2025-06-15,marque_generique_traditionnelles,25,1.0046913178042025,25.117282945105064,0.0905428857264323
ARGENTA,2025-06-22,marque_generique_traditionnelles,28,1.0046913178042025,28.13135689851767,0.09269865872711282
ARGENTA,2025-06-29,marque_generique_traditionnelles,28,1.0046913178042025,28.13135689851767,0.09002862646049493
ARGENTA,2025-07-06,marque_generique_traditionnelles,28,1.0046913178042025,28.13135689851767,0.09090230001122725
ARGENTA,2025-07-13,marque_generique_traditionnelles,28,1.0046913178042025,28.13135689851767,0.0942648161507781
ARGENTA,2025-07-20,marque_generique_traditionnelles,25,1.0046913178042025,25.117282945105064,0.09254720596695168
ARGENTA,2025-07-27,marque_generique_traditionnelles,25,1.0046913178042025,25.117282945105064,0.08530851177697889
ARGENTA,2025-08-03,marque_generique_traditionnelles,25,1.0046913178042025,25.117282945105064,0.0867847749325603
ARGENTA,2025-08-10,marque_generique_traditionnelles,24,1.0046913178042025,24.11259162730086,0.09331856310652743
ARGENTA,2025-08-17,marque_generique_traditionnelles,27,1.0046913178042025,27.126665580713468,0.09339639489386747
ARGENTA,2025-08-24,marque_generique_traditionnelles,27,1.0046913178042025,27.126665580713468,0.0876639116826627
ARGENTA,2025-08-31,marque_generique_traditionnelles,27,1.0046913178042025,27.126665580713468,0.08851449306973498
ARGENTA,2025-09-07,marque_generique_traditionnelles,28,1.0046913178042025,28.13135689851767,0.09457357888749707
ARGENTA,2025-09-14,marque_generique_traditionnelles,25,1.0046913178042025,25.117282945105064,0.08831124828771236
ARGENTA,2025-09-21,marque_generique_traditionnelles,25,1.0046913178042025,25.117282945105064,0.08738850257510072
ARGENTA,2025-09-28,marque_generique_traditionnelles,29,1.0046913178042025,29.13604821632187,0.09295321300798329
ARGENTA,2025-10-05,marque_generique_traditionnelles,29,1.0046913178042025,29.13604821632187,0.09633343029250926
ARGENTA,2025-10-12,marque_generique_traditionnelles,28,1.0046913178042025,28.13135689851767,0.10103670839290897
ARGENTA,2025-10-19,marque_generique_traditionnelles,27,1.0046913178042025,27.126665580713468,0.09405388397488126
ARGENTA,2025-10-26,marque_generique_traditionnelles,27,1.0046913178042025,27.126665580713468,0.09471195253059164
ARGENTA,2025-11-02,marque_generique_traditionnelles,25,1.0046913178042025,25.117282945105064,0.08530585699732912
ARGENTA,2025-11-09,marque_generique_traditionnelles,23,1.0046913178042025,23.107900309496657,0.08840839740944624
ARGENTA,2025-11-16,marque_generique_traditionnelles,23,1.0046913178042025,23.107900309496657,0.08578126481663094
ARGENTA,2025-11-23,marque_generique_traditionnelles,24,1.0046913178042025,24.11259162730086,0.08851763533511096
ARGENTA,2025-11-30,marque_generique_traditionnelles,27,1.0046913178042025,27.126665580713468,0.09371979108845396
ARGENTA,2025-12-07,marque_generique_traditionnelles,26,1.0046913178042025,26.121974262909266,0.09216494714375735
ARGENTA,2025-12-14,marque_generique_traditionnelles,27,1.0046913178042025,27.126665580713468,0.09212321967526702
ARGENTA,2025-12-21,marque_generique_traditionnelles,24,1.0046913178042025,24.11259162730086,0.09516673217883208
ARGENTA,2025-12-28,marque_generique_traditionnelles,30,1.0046913178042025,30.140739534126077,0.10709428180794774
ARGENTA,2026-01-04,marque_generique_traditionnelles,28,1.0046913178042025,28.13135689851767,0.09393906589803874
ARGENTA,2026-01-11,marque_generique_traditionnelles,28,1.0046913178042025,28.13135689851767,0.09619671632555857
ARGENTA,2026-01-18,marque_generique_traditionnelles,27,1.0046913178042025,27.126665580713468,0.09437625723243542
ARGENTA,2026-01-25,marque_generique_traditionnelles,28,1.0046913178042025,28.13135689851767,0.09720002289701635
ARGENTA,2026-02-01,marque_generique_traditionnelles,29,1.0046913178042025,29.13604821632187,0.09665149298973445
ARGENTA,2026-02-08,marque_generique_traditionnelles,26,1.0046913178042025,26.121974262909266,0.09768976999992927
ARGENTA,2026-02-15,marque_generique_traditionnelles,24,1.0046913178042025,24.11259162730086,0.09592598508694883
ARGENTA,2026-02-22,marque_generique_traditionnelles,26,1.0046913178042025,26.121974262909266,0.09484441999498185
ARGENTA,2026-03-01,marque_generique_traditionnelles,28,1.0046913178042025,28.13135689851767,0.09995852479841259
ARGENTA,2026-03-08,marque_generique_traditionnelles,28,1.0046913178042025,28.13135689851767,0.10214271360459512
ARGENTA,2026-03-15,marque_generique_traditionnelles,24,1.0046913178042025,24.11259162730086,0.08951113266148039
ARGENTA,2026-03-22,marque_generique_traditionnelles,27,1.0046913178042025,27.126665580713468,0.09673876756431342
ARGENTA,2026-03-29,marque_generique_traditionnelles,27,1.0046913178042025,27.126665580713468,0.09471008209644376
ARGENTA,2026-04-05,marque_generique_traditionnelles,24,1.0046913178042025,24.11259162730086,0.09516961399883155
ARGENTA,2026-04-12,marque_generique_traditionnelles,25,1.0046913178042025,25.117282945105064,0.0995241392684127
ARGENTA,2026-04-19,marque_generique_traditionnelles,23,1.0046913178042025,23.107900309496657,0.09048877278140147
ARGENTA,2026-04-26,marque_generique_traditionnelles,23,1.0046913178042025,23.107900309496657,0.09418243141933072
ARGENTA,2026-05-03,marque_generique_traditionnelles,25,1.0046913178042025,25.117282945105064,0.08925064331192595
ARGENTA,2026-05-10,marque_generique_traditionnelles,22,1.0046913178042025,22.103208991692455,0.08863906450180424
ARGENTA,2026-05-17,marque_generique_traditionnelles,24,1.0046913178042025,24.11259162730086,0.08787595540800801
ARGENTA,2026-05-24,marque_generique_traditionnelles,22,1.0046913178042025,22.103208991692455,0.08864179181891646
ARGENTA,2026-05-31,marque_generique_traditionnelles,29,1.0046913178042025,29.13604821632187,0.10579181273320322
ARGENTA,2026-06-07,marque_generique_traditionnelles,28,1.0046913178042025,28.13135689851767,0.10600547498580151
ARGENTA,2026-06-14,marque_generique_traditionnelles,24,1.0046913178042025,24.11259162730086,0.0994900095735245
ARGENTA,2026-06-21,marque_generique_traditionnelles,26,1.0046913178042025,26.121974262909266,0.10602748781166602
ARGENTA,2026-06-28,marque_generique_traditionnelles,25,1.0046913178042025,25.117282945105064,0.09121022065121222
ARGENTA,2026-07-05,marque_generique_traditionnelles,25,1.0046913178042025,25.117282945105064,0.09835822285127555
ARGENTA,2026-07-12,marque_generique_traditionnelles,23,1.0046913178042025,23.107900309496657,0.09417940199894695
ARGENTA,2026-07-19,marque_generique_traditionnelles,20,1.0046913178042025,20.09382635608405,0.08761976164582784
ARGENTA,2026-07-26,marque_generique_traditionnelles,22,1.0046913178042025,22.103208991692455,0.09391905720199153
ARGENTA,2026-08-02,marque_generique_traditionnelles,23,1.0046913178042025,23.107900309496657,0.09418869257482451
ARGENTA,2026-08-09,marque_generique_traditionnelles,20,1.0046913178042025,20.09382635608405,0.0836219374840022
ARGENTA,2026-08-16,marque_generique_traditionnelles,21,1.0046913178042025,21.098517673888253,0.0915991572421661
ARGENTA,2026-08-23,marque_generique_traditionnelles,24,1.0046913178042025,24.11259162730086,0.09708737495103925
ARGENTA,2026-08-30,marque_generique_traditionnelles,25,1.0046913178042025,25.117282945105064,0.0918717720894446
ARGENTA,2026-09-06,marque_generique_traditionnelles,23,1.0046913178042025,23.107900309496657,0.09457294167294542
ARGENTA,2026-09-13,marque_generique_traditionnelles,18,1.0046913178042025,18.084443720475644,0.078511381312621
BELFIUS,2021-09-19,marque_generique_traditionnelles_2,64,0.999254746937982,63.95230380403085,0.1965394371763198
BELFIUS,2021-09-26,marque_generique_traditionnelles_2,65,0.999254746937982,64.95155855096883,0.18913762068966913
BELFIUS,2021-10-03,marque_generique_traditionnelles_2,63,0.999254746937982,62.95304905709287,0.18658181948666777
BELFIUS,2021-10-10,marque_generique_traditionnelles_2,71,0.999254746937982,70.94708703259673,0.20966532509188388
BELFIUS,2021-10-17,marque_generique_traditionnelles_2,61,0.999254746937982,60.954539563216905,0.18850256756645242
BELFIUS,2021-10-24,marque_generique_traditionnelles_2,63,0.999254746937982,62.95304905709287,0.19347085471495645
BELFIUS,2021-10-31,marque_generique_traditionnelles_2,61,0.999254746937982,60.954539563216905,0.1938819280739444
BELFIUS,2021-11-07,marque_generique_traditionnelles_2,54,0.999254746937982,53.959756334651026,0.1814526869190591
BELFIUS,2021-11-14,marque_generique_traditionnelles_2,52,0.999254746937982,51.96124684077506,0.16904975477952516
BELFIUS,2021-11-21,marque_generique_traditionnelles_2,63,0.999254746937982,62.95304905709287,0.2047991199361571
BELFIUS,2021-11-28,marque_generique_traditionnelles_2,61,0.999254746937982,60.954539563216905,0.19388100889448526
BELFIUS,2021-12-05,marque_generique_traditionnelles_2,62,0.999254746937982,61.95379431015488,0.18305608205983023
BELFIUS,2021-12-12,marque_generique_traditionnelles_2,61,0.999254746937982,60.954539563216905,0.17242832278808187
BELFIUS,2021-12-19,marque_generique_traditionnelles_2,63,0.999254746937982,62.95304905709287,0.19344765614638704
BELFIUS,2021-12-26,marque_generique_traditionnelles_2,60,0.999254746937982,59.95528481627892,0.18086644527790524
BELFIUS,2022-01-02,marque_generique_traditionnelles_2,69,0.999254746937982,68.94857753872076,0.1831174687168322
BELFIUS,2022-01-09,marque_generique_traditionnelles_2,61,0.999254746937982,60.954539563216905,0.17541055868846464
BELFIUS,2022-01-16,marque_generique_traditionnelles_2,56,0.999254746937982,55.95826582852699,0.1730093835761909
BELFIUS,2022-01-23,marque_generique_traditionnelles_2,61,0.999254746937982,60.954539563216905,0.1902296684874716
BELFIUS,2022-01-30,marque_generique_traditionnelles_2,60,0.999254746937982,59.95528481627892,0.15755599098877313
BELFIUS,2022-02-06,marque_generique_traditionnelles_2,62,0.999254746937982,61.95379431015488,0.18252092161290615
BELFIUS,2022-02-13,marque_generique_traditionnelles_2,55,0.999254746937982,54.95901108158901,0.17535858869136206
BELFIUS,2022-02-20,marque_generique_traditionnelles_2,62,0.999254746937982,61.95379431015488,0.1847061481616483
BELFIUS,2022-02-27,marque_generique_traditionnelles_2,66,0.999254746937982,65.9508132979068,0.18095690982595777
BELFIUS,2022-03-06,marque_generique_traditionnelles_2,58,0.999254746937982,57.956775322402954,0.16729017446828703
BELFIUS,2022-03-13,marque_generique_traditionnelles_2,56,0.999254746937982,55.95826582852699,0.1703800643820391
BELFIUS,2022-03-20,marque_generique_traditionnelles_2,64,0.999254746937982,63.95230380403085,0.19065768196399507
BELFIUS,2022-03-27,marque_generique_traditionnelles_2,64,0.999254746937982,63.95230380403085,0.1835322386333579
BELFIUS,2022-04-03,marque_generique_traditionnelles_2,65,0.999254746937982,64.95155855096883,0.18692923473408268
BELFIUS,2022-04-10,marque_generique_traditionnelles_2,54,0.999254746937982,53.959756334651026,0.17963112628213485
BELFIUS,2022-04-17,marque_generique_traditionnelles_2,55,0.999254746937982,54.95901108158901,0.18294951096418685
BELFIUS,2022-04-24,marque_generique_traditionnelles_2,63,0.999254746937982,62.95304905709287,0.18063216002278235
BELFIUS,2022-05-01,marque_generique_traditionnelles_2,64,0.999254746937982,63.95230380403085,0.1862011618984725
BELFIUS,2022-05-08,marque_generique_traditionnelles_2,61,0.999254746937982,60.954539563216905,0.18226572170698271
BELFIUS,2022-05-15,marque_generique_traditionnelles_2,56,0.999254746937982,55.95826582852699,0.18203179712791023
BELFIUS,2022-05-22,marque_generique_traditionnelles_2,51,0.999254746937982,50.96199209383708,0.17983456259896985
BELFIUS,2022-05-29,marque_generique_traditionnelles_2,64,0.999254746937982,63.95230380403085,0.18512687851059956
BELFIUS,2022-06-05,marque_generique_traditionnelles_2,59,0.999254746937982,58.95603006934094,0.18631908322674587
BELFIUS,2022-06-12,marque_generique_traditionnelles_2,58,0.999254746937982,57.956775322402954,0.176997201079064
BELFIUS,2022-06-19,marque_generique_traditionnelles_2,59,0.999254746937982,58.95603006934094,0.17679782685371154
BELFIUS,2022-06-26,marque_generique_traditionnelles_2,64,0.999254746937982,63.95230380403085,0.17497111383418598
BELFIUS,2022-07-03,marque_generique_traditionnelles_2,75,0.999254746937982,74.94410602034866,0.199057183702882
BELFIUS,2022-07-10,marque_generique_traditionnelles_2,62,0.999254746937982,61.95379431015488,0.1809087101520807
BELFIUS,2022-07-17,marque_generique_traditionnelles_2,50,0.999254746937982,49.9627373468991,0.17385350486727003
BELFIUS,2022-07-24,marque_generique_traditionnelles_2,58,0.999254746937982,57.956775322402954,0.18432112352028238
BELFIUS,2022-07-31,marque_generique_traditionnelles_2,61,0.999254746937982,60.954539563216905,0.17902694576709927
BELFIUS,2022-08-07,marque_generique_traditionnelles_2,56,0.999254746937982,55.95826582852699,0.17851570995306704
BELFIUS,2022-08-14,marque_generique_traditionnelles_2,51,0.999254746937982,50.96199209383708,0.17367621516048296
BELFIUS,2022-08-21,marque_generique_traditionnelles_2,57,0.999254746937982,56.957520575464976,0.177737084815696
BELFIUS,2022-08-28,marque_generique_traditionnelles_2,60,0.999254746937982,59.95528481627892,0.18252867475041273
BELFIUS,2022-09-04,marque_generique_traditionnelles_2,58,0.999254746937982,57.956775322402954,0.17753510575963685
BELFIUS,2022-09-11,marque_generique_traditionnelles_2,58,0.999254746937982,57.956775322402954,0.17381025753292237
BELFIUS,2022-09-18,marque_generique_traditionnelles_2,56,0.999254746937982,55.95826582852699,0.17461633407539537
BELFIUS,2022-09-25,marque_generique_traditionnelles_2,60,0.999254746937982,59.95528481627892,0.1776632876890399
BELFIUS,2022-10-02,marque_generique_traditionnelles_2,63,0.999254746937982,62.95304905709287,0.1916928747321162
BELFIUS,2022-10-09,marque_generique_traditionnelles_2,53,0.999254746937982,52.96050158771305,0.17809526155119695
BELFIUS,2022-10-16,marque_generique_traditionnelles_2,57,0.999254746937982,56.957520575464976,0.1883676498189671
BELFIUS,2022-10-23,marque_generique_traditionnelles_2,56,0.999254746937982,55.95826582852699,0.17463719250393037
BELFIUS,2022-10-30,marque_generique_traditionnelles_2,50,0.999254746937982,49.9627373468991,0.1732497554938101
BELFIUS,2022-11-06,marque_generique_traditionnelles_2,47,0.999254746937982,46.964973106085154,0.16811411659929054
BELFIUS,2022-11-13,marque_generique_traditionnelles_2,71,0.999254746937982,70.94708703259673,0.2147300391362782
BELFIUS,2022-11-20,marque_generique_traditionnelles_2,54,0.999254746937982,53.959756334651026,0.18976014630852706
BELFIUS,2022-11-27,marque_generique_traditionnelles_2,54,0.999254746937982,53.959756334651026,0.18084784865767878
BELFIUS,2022-12-04,marque_generique_traditionnelles_2,50,0.999254746937982,49.9627373468991,0.16743340705505796
BELFIUS,2022-12-11,marque_generique_traditionnelles_2,53,0.999254746937982,52.96050158771305,0.17571145103702043
BELFIUS,2022-12-18,marque_generique_traditionnelles_2,60,0.999254746937982,59.95528481627892,0.18769604650128868
BELFIUS,2022-12-25,marque_generique_traditionnelles_2,58,0.999254746937982,57.956775322402954,0.19423017150075791
BELFIUS,2023-01-01,marque_generique_traditionnelles_2,61,0.999254746937982,60.954539563216905,0.18063307247496665
BELFIUS,2023-01-08,marque_generique_traditionnelles_2,55,0.999254746937982,54.95901108158901,0.17536467263651212
BELFIUS,2023-01-15,marque_generique_traditionnelles_2,53,0.999254746937982,52.96050158771305,0.1745419678987769
BELFIUS,2023-01-22,marque_generique_traditionnelles_2,57,0.999254746937982,56.957520575464976,0.18291246167921615
BELFIUS,2023-01-29,marque_generique_traditionnelles_2,61,0.999254746937982,60.954539563216905,0.17904421470129175
BELFIUS,2023-02-05,marque_generique_traditionnelles_2,56,0.999254746937982,55.95826582852699,0.17573665994082757
BELFIUS,2023-02-12,marque_generique_traditionnelles_2,54,0.999254746937982,53.959756334651026,0.1820706880736319
BELFIUS,2023-02-19,marque_generique_traditionnelles_2,55,0.999254746937982,54.95901108158901,0.18606771861682683
BELFIUS,2023-02-26,marque_generique_traditionnelles_2,57,0.999254746937982,56.957520575464976,0.18290695046517863
BELFIUS,2023-03-05,marque_generique_traditionnelles_2,54,0.999254746937982,53.959756334651026,0.1833077197032259
BELFIUS,2023-03-12,marque_generique_traditionnelles_2,53,0.999254746937982,52.96050158771305,0.17344207343749382
BELFIUS,2023-03-19,marque_generique_traditionnelles_2,53,0.999254746937982,52.96050158771305,0.16739422645631466
BELFIUS,2023-03-26,marque_generique_traditionnelles_2,51,0.999254746937982,50.96199209383708,0.17253695528035548
BELFIUS,2023-04-02,marque_generique_traditionnelles_2,55,0.999254746937982,54.95901108158901,0.18115588992074438
BELFIUS,2023-04-09,marque_generique_traditionnelles_2,58,0.999254746937982,57.956775322402954,0.20382921274083937
BELFIUS,2023-04-16,marque_generique_traditionnelles_2,50,0.999254746937982,49.9627373468991,0.17949478288611648
BELFIUS,2023-04-23,marque_generique_traditionnelles_2,52,0.999254746937982,51.96124684077506,0.17956723753666398
BELFIUS,2023-04-30,marque_generique_traditionnelles_2,47,0.999254746937982,46.964973106085154,0.17370784782422805
BELFIUS,2023-05-07,marque_generique_traditionnelles_2,49,0.999254746937982,48.96348259996112,0.17718094438442708
BELFIUS,2023-05-14,marque_generique_traditionnelles_2,43,0.999254746937982,42.967954118333225,0.17164805680607015
BELFIUS,2023-05-21,marque_generique_traditionnelles_2,51,0.999254746937982,50.96199209383708,0.16797749331027084
BELFIUS,2023-05-28,marque_generique_traditionnelles_2,47,0.999254746937982,46.964973106085154,0.17244715940390704
BELFIUS,2023-06-04,marque_generique_traditionnelles_2,52,0.999254746937982,51.96124684077506,0.188043047647082
BELFIUS,2023-06-11,marque_generique_traditionnelles_2,50,0.999254746937982,49.9627373468991,0.17949828871707424
BELFIUS,2023-06-18,marque_generique_traditionnelles_2,49,0.999254746937982,48.96348259996112,0.1797915304689236
BELFIUS,2023-06-25,marque_generique_traditionnelles_2,56,0.999254746937982,55.95826582852699,0.1850624980898753
BELFIUS,2023-07-02,marque_generique_traditionnelles_2,62,0.999254746937982,61.95379431015488,0.18582402373560628
BELFIUS,2023-07-09,marque_generique_traditionnelles_2,60,0.999254746937982,59.95528481627892,0.18888702851344055
BELFIUS,2023-07-16,marque_generique_traditionnelles_2,46,0.999254746937982,45.965718359147175,0.1758867660919281
BELFIUS,2023-07-23,marque_generique_traditionnelles_2,55,0.999254746937982,54.95901108158901,0.19191541050719327
BELFIUS,2023-07-30,marque_generique_traditionnelles_2,53,0.999254746937982,52.96050158771305,0.17930071496778874
BELFIUS,2023-08-06,marque_generique_traditionnelles_2,54,0.999254746937982,53.959756334651026,0.18456416675013035
BELFIUS,2023-08-13,marque_generique_traditionnelles_2,47,0.999254746937982,46.964973106085154,0.1832196315134974
BELFIUS,2023-08-20,marque_generique_traditionnelles_2,67,0.999254746937982,66.9500680448448,0.17685269761366723
BELFIUS,2023-08-27,marque_generique_traditionnelles_2,76,0.999254746937982,75.94336076728663,0.18679654188814063
BELFIUS,2023-09-03,marque_generique_traditionnelles_2,54,0.999254746937982,53.959756334651026,0.17963807422332012
BELFIUS,2023-09-10,marque_generique_traditionnelles_2,56,0.999254746937982,55.95826582852699,0.20032108291297057
BELFIUS,2023-09-17,marque_generique_traditionnelles_2,51,0.999254746937982,50.96199209383708,0.18508571926887385
BELFIUS,2023-09-24,marque_generique_traditionnelles_2,57,0.999254746937982,56.957520575464976,0.1896257722266098
BELFIUS,2023-10-01,marque_generique_traditionnelles_2,62,0.999254746937982,61.95379431015488,0.19833183212452907
BELFIUS,2023-10-08,marque_generique_traditionnelles_2,52,0.999254746937982,51.96124684077506,0.18402229369146952
BELFIUS,2023-10-15,marque_generique_traditionnelles_2,53,0.999254746937982,52.96050158771305,0.18177049371627277
BELFIUS,2023-10-22,marque_generique_traditionnelles_2,54,0.999254746937982,53.959756334651026,0.1897596489808099
BELFIUS,2023-10-29,marque_generique_traditionnelles_2,49,0.999254746937982,48.96348259996112,0.18245887867949923
BELFIUS,2023-11-05,marque_generique_traditionnelles_2,48,0.999254746937982,47.96422785302313,0.17356112422306744
BELFIUS,2023-11-12,marque_generique_traditionnelles_2,47,0.999254746937982,46.964973106085154,0.17567445326539416
BELFIUS,2023-11-19,marque_generique_traditionnelles_2,50,0.999254746937982,49.9627373468991,0.1801536608995676
BELFIUS,2023-11-26,marque_generique_traditionnelles_2,51,0.999254746937982,50.96199209383708,0.17858800375655262
BELFIUS,2023-12-03,marque_generique_traditionnelles_2,54,0.999254746937982,53.959756334651026,0.18712785794299483
BELFIUS,2023-12-10,marque_generique_traditionnelles_2,54,0.999254746937982,53.959756334651026,0.17844991470590954
BELFIUS,2023-12-17,marque_generique_traditionnelles_2,58,0.999254746937982,57.956775322402954,0.18915829905650824
BELFIUS,2023-12-24,marque_generique_traditionnelles_2,49,0.999254746937982,48.96348259996112,0.1740118398276258
BELFIUS,2023-12-31,marque_generique_traditionnelles_2,55,0.999254746937982,54.95901108158901,0.18295132644501233
BELFIUS,2024-01-07,marque_generique_traditionnelles_2,54,0.999254746937982,53.959756334651026,0.17612056071409687
BELFIUS,2024-01-14,marque_generique_traditionnelles_2,57,0.999254746937982,56.957520575464976,0.18897750307089115
BELFIUS,2024-01-21,marque_generique_traditionnelles_2,57,0.999254746937982,56.957520575464976,0.16773937453624324
BELFIUS,2024-01-28,marque_generique_traditionnelles_2,58,0.999254746937982,57.956775322402954,0.1808754971453743
BELFIUS,2024-02-04,marque_generique_traditionnelles_2,57,0.999254746937982,56.957520575464976,0.19280416771317999
BELFIUS,2024-02-11,marque_generique_traditionnelles_2,52,0.999254746937982,51.96124684077506,0.17892327013343692
BELFIUS,2024-02-18,marque_generique_traditionnelles_2,65,0.999254746937982,64.95155855096883,0.2119761610311911
BELFIUS,2024-02-25,marque_generique_traditionnelles_2,56,0.999254746937982,55.95826582852699,0.17627164848658666
BELFIUS,2024-03-03,marque_generique_traditionnelles_2,57,0.999254746937982,56.957520575464976,0.19022545465890325
BELFIUS,2024-03-10,marque_generique_traditionnelles_2,58,0.999254746937982,57.956775322402954,0.2045193514216579
BELFIUS,2024-03-17,marque_generique_traditionnelles_2,53,0.999254746937982,52.96050158771305,0.18556850287715065
BELFIUS,2024-03-24,marque_generique_traditionnelles_2,59,0.999254746937982,58.95603006934094,0.17167343768749702
BELFIUS,2024-03-31,marque_generique_traditionnelles_2,58,0.999254746937982,57.956775322402954,0.19422357925556696
BELFIUS,2024-04-07,marque_generique_traditionnelles_2,55,0.999254746937982,54.95901108158901,0.1892528522196767
BELFIUS,2024-04-14,marque_generique_traditionnelles_2,59,0.999254746937982,58.95603006934094,0.20659879221576033
BELFIUS,2024-04-21,marque_generique_traditionnelles_2,54,0.999254746937982,53.959756334651026,0.1938363210452157
BELFIUS,2024-04-28,marque_generique_traditionnelles_2,49,0.999254746937982,48.96348259996112,0.1838170073795354
BELFIUS,2024-05-05,marque_generique_traditionnelles_2,49,0.999254746937982,48.96348259996112,0.19026114316854498
BELFIUS,2024-05-12,marque_generique_traditionnelles_2,54,0.999254746937982,53.959756334651026,0.1802174416728878
BELFIUS,2024-05-19,marque_generique_traditionnelles_2,51,0.999254746937982,50.96199209383708,0.1913197423746185
BELFIUS,2024-05-26,marque_generique_traditionnelles_2,56,0.999254746937982,55.95826582852699,0.19203661778014447
BELFIUS,2024-06-02,marque_generique_traditionnelles_2,52,0.999254746937982,51.96124684077506,0.18207523828374134
BELFIUS,2024-06-09,marque_generique_traditionnelles_2,51,0.999254746937982,50.96199209383708,0.17187730871899565
BELFIUS,2024-06-16,marque_generique_traditionnelles_2,53,0.999254746937982,52.96050158771305,0.18750723359232255
BELFIUS,2024-06-23,marque_generique_traditionnelles_2,49,0.999254746937982,48.96348259996112,0.16915417735987026
BELFIUS,2024-06-30,marque_generique_traditionnelles_2,58,0.999254746937982,57.956775322402954,0.18255173521593257
BELFIUS,2024-07-07,marque_generique_traditionnelles_2,55,0.999254746937982,54.95901108158901,0.17933131701276975
BELFIUS,2024-07-14,marque_generique_traditionnelles_2,57,0.999254746937982,56.957520575464976,0.19083841716083366
BELFIUS,2024-07-21,marque_generique_traditionnelles_2,57,0.999254746937982,56.957520575464976,0.18707224572401487
BELFIUS,2024-07-28,marque_generique_traditionnelles_2,53,0.999254746937982,52.96050158771305,0.18554313430649427
BELFIUS,2024-08-04,marque_generique_traditionnelles_2,53,0.999254746937982,52.96050158771305,0.17924856527040856
BELFIUS,2024-08-11,marque_generique_traditionnelles_2,47,0.999254746937982,46.964973106085154,0.17829787601711072
BELFIUS,2024-08-18,marque_generique_traditionnelles_2,54,0.999254746937982,53.959756334651026,0.17781178014399357
BELFIUS,2024-08-25,marque_generique_traditionnelles_2,58,0.999254746937982,57.956775322402954,0.17021616086237065
BELFIUS,2024-09-01,marque_generique_traditionnelles_2,90,0.999254746937982,89.93292722441838,0.198705613882528
BELFIUS,2024-09-08,marque_generique_traditionnelles_2,62,0.999254746937982,61.95379431015488,0.17625292902028425
BELFIUS,2024-09-15,marque_generique_traditionnelles_2,55,0.999254746937982,54.95901108158901,0.1805292347290719
BELFIUS,2024-09-22,marque_generique_traditionnelles_2,60,0.999254746937982,59.95528481627892,0.19251379102813096
BELFIUS,2024-09-29,marque_generique_traditionnelles_2,59,0.999254746937982,58.95603006934094,0.18572387835250567
BELFIUS,2024-10-06,marque_generique_traditionnelles_2,56,0.999254746937982,55.95826582852699,0.1887667124985156
BELFIUS,2024-10-13,marque_generique_traditionnelles_2,52,0.999254746937982,51.96124684077506,0.1814211602812263
BELFIUS,2024-10-20,marque_generique_traditionnelles_2,50,0.999254746937982,49.9627373468991,0.1744416077387899
BELFIUS,2024-10-27,marque_generique_traditionnelles_2,88,0.999254746937982,87.93441773054242,0.2806063603498266
BELFIUS,2024-11-03,marque_generique_traditionnelles_2,54,0.999254746937982,53.959756334651026,0.1814183429313621
BELFIUS,2024-11-10,marque_generique_traditionnelles_2,46,0.999254746937982,45.965718359147175,0.1693621498016764
BELFIUS,2024-11-17,marque_generique_traditionnelles_2,49,0.999254746937982,48.96348259996112,0.17398191104760452
BELFIUS,2024-11-24,marque_generique_traditionnelles_2,50,0.999254746937982,49.9627373468991,0.17085536436764348
BELFIUS,2024-12-01,marque_generique_traditionnelles_2,52,0.999254746937982,51.96124684077506,0.1789228109811571
BELFIUS,2024-12-08,marque_generique_traditionnelles_2,52,0.999254746937982,51.96124684077506,0.18204735396671037
BELFIUS,2024-12-15,marque_generique_traditionnelles_2,64,0.999254746937982,63.95230380403085,0.19955893049679205
BELFIUS,2024-12-22,marque_generique_traditionnelles_2,49,0.999254746937982,48.96348259996112,0.18106775383064264
BELFIUS,2024-12-29,marque_generique_traditionnelles_2,61,0.999254746937982,60.954539563216905,0.19444574603168255
BELFIUS,2025-01-05,marque_generique_traditionnelles_2,54,0.999254746937982,53.959756334651026,0.17550387818561766
BELFIUS,2025-01-12,marque_generique_traditionnelles_2,52,0.999254746937982,51.96124684077506,0.17645814831956574
BELFIUS,2025-01-19,marque_generique_traditionnelles_2,58,0.999254746937982,57.956775322402954,0.19099033531778212
BELFIUS,2025-01-26,marque_generique_traditionnelles_2,55,0.999254746937982,54.95901108158901,0.18292711114070107
BELFIUS,2025-02-02,marque_generique_traditionnelles_2,53,0.999254746937982,52.96050158771305,0.17744491829576117
BELFIUS,2025-02-09,marque_generique_traditionnelles_2,59,0.999254746937982,58.95603006934094,0.1982110782818637
BELFIUS,2025-02-16,marque_generique_traditionnelles_2,54,0.999254746937982,53.959756334651026,0.1864378790541425
BELFIUS,2025-02-23,marque_generique_traditionnelles_2,55,0.999254746937982,54.95901108158901,0.17934317063237848
BELFIUS,2025-03-02,marque_generique_traditionnelles_2,53,0.999254746937982,52.96050158771305,0.1750978102066926
BELFIUS,2025-03-09,marque_generique_traditionnelles_2,55,0.999254746937982,54.95901108158901,0.18476873600845523
BELFIUS,2025-03-16,marque_generique_traditionnelles_2,53,0.999254746937982,52.96050158771305,0.1923084609833258
BELFIUS,2025-03-23,marque_generique_traditionnelles_2,56,0.999254746937982,55.95826582852699,0.19604388933190994
BELFIUS,2025-03-30,marque_generique_traditionnelles_2,58,0.999254746937982,57.956775322402954,0.18085082537371455
BELFIUS,2025-04-06,marque_generique_traditionnelles_2,54,0.999254746937982,53.959756334651026,0.17493448050178184
BELFIUS,2025-04-13,marque_generique_traditionnelles_2,57,0.999254746937982,56.957520575464976,0.19956435275465606
BELFIUS,2025-04-20,marque_generique_traditionnelles_2,47,0.999254746937982,46.964973106085154,0.17177902846900184
BELFIUS,2025-04-27,marque_generique_traditionnelles_2,51,0.999254746937982,50.96199209383708,0.19058640005653413
BELFIUS,2025-05-04,marque_generique_traditionnelles_2,54,0.999254746937982,53.959756334651026,0.18773002258472582
BELFIUS,2025-05-11,marque_generique_traditionnelles_2,48,0.999254746937982,47.96422785302313,0.16983300467578735
BELFIUS,2025-05-18,marque_generique_traditionnelles_2,53,0.999254746937982,52.96050158771305,0.18172859862229607
BELFIUS,2025-05-25,marque_generique_traditionnelles_2,53,0.999254746937982,52.96050158771305,0.20031593172779089
BELFIUS,2025-06-01,marque_generique_traditionnelles_2,54,0.999254746937982,53.959756334651026,0.1832488471589658
BELFIUS,2025-06-08,marque_generique_traditionnelles_2,48,0.999254746937982,47.96422785302313,0.18706602312069387
BELFIUS,2025-06-15,marque_generique_traditionnelles_2,53,0.999254746937982,52.96050158771305,0.19091223576017174
BELFIUS,2025-06-22,marque_generique_traditionnelles_2,54,0.999254746937982,53.959756334651026,0.17780859471188717
BELFIUS,2025-06-29,marque_generique_traditionnelles_2,59,0.999254746937982,58.95603006934094,0.18867665814534826
BELFIUS,2025-07-06,marque_generique_traditionnelles_2,57,0.999254746937982,56.957520575464976,0.18404976489134048
BELFIUS,2025-07-13,marque_generique_traditionnelles_2,59,0.999254746937982,58.95603006934094,0.1975546133631048
BELFIUS,2025-07-20,marque_generique_traditionnelles_2,50,0.999254746937982,49.9627373468991,0.18409283177730426
BELFIUS,2025-07-27,marque_generique_traditionnelles_2,54,0.999254746937982,53.959756334651026,0.1832692858864569
BELFIUS,2025-08-03,marque_generique_traditionnelles_2,59,0.999254746937982,58.95603006934094,0.20370379278950343
BELFIUS,2025-08-10,marque_generique_traditionnelles_2,46,0.999254746937982,45.965718359147175,0.1778927315543435
BELFIUS,2025-08-17,marque_generique_traditionnelles_2,49,0.999254746937982,48.96348259996112,0.168579980561131
BELFIUS,2025-08-24,marque_generique_traditionnelles_2,64,0.999254746937982,63.95230380403085,0.206671516478802
BELFIUS,2025-08-31,marque_generique_traditionnelles_2,57,0.999254746937982,56.957520575464976,0.18585277446818743
BELFIUS,2025-09-07,marque_generique_traditionnelles_2,56,0.999254746937982,55.95826582852699,0.18812364745977078
BELFIUS,2025-09-14,marque_generique_traditionnelles_2,50,0.999254746937982,49.9627373468991,0.17566675952247626
BELFIUS,2025-09-21,marque_generique_traditionnelles_2,52,0.999254746937982,51.96124684077506,0.1807845045690121
BELFIUS,2025-09-28,marque_generique_traditionnelles_2,57,0.999254746937982,56.957520575464976,0.1817125130748479
BELFIUS,2025-10-05,marque_generique_traditionnelles_2,57,0.999254746937982,56.957520575464976,0.1883204371867073
BELFIUS,2025-10-12,marque_generique_traditionnelles_2,50,0.999254746937982,49.9627373468991,0.17944639293585393
BELFIUS,2025-10-19,marque_generique_traditionnelles_2,53,0.999254746937982,52.96050158771305,0.18362525452165313
BELFIUS,2025-10-26,marque_generique_traditionnelles_2,52,0.999254746937982,51.96124684077506,0.1814211602812263
BELFIUS,2025-11-02,marque_generique_traditionnelles_2,50,0.999254746937982,49.9627373468991,0.16968850239991043
BELFIUS,2025-11-09,marque_generique_traditionnelles_2,46,0.999254746937982,45.965718359147175,0.17586000638214977
BELFIUS,2025-11-16,marque_generique_traditionnelles_2,51,0.999254746937982,50.96199209383708,0.18918136571620486
BELFIUS,2025-11-23,marque_generique_traditionnelles_2,52,0.999254746937982,51.96124684077506,0.19075040835518334
BELFIUS,2025-11-30,marque_generique_traditionnelles_2,52,0.999254746937982,51.96124684077506,0.17952067068926297
BELFIUS,2025-12-07,marque_generique_traditionnelles_2,51,0.999254746937982,50.96199209383708,0.1798068270183637
BELFIUS,2025-12-14,marque_generique_traditionnelles_2,51,0.999254746937982,50.96199209383708,0.17306892285676548
BELFIUS,2025-12-21,marque_generique_traditionnelles_2,45,0.999254746937982,44.96646361220919,0.17747206379786942
BELFIUS,2025-12-28,marque_generique_traditionnelles_2,51,0.999254746937982,50.96199209383708,0.18107511717197283
BELFIUS,2026-01-04,marque_generique_traditionnelles_2,51,0.999254746937982,50.96199209383708,0.1701774269498728
BELFIUS,2026-01-11,marque_generique_traditionnelles_2,50,0.999254746937982,49.9627373468991,0.170850317983108
BELFIUS,2026-01-18,marque_generique_traditionnelles_2,51,0.999254746937982,50.96199209383708,0.17730163188006576
BELFIUS,2026-01-25,marque_generique_traditionnelles_2,54,0.999254746937982,53.959756334651026,0.18644282144534138
BELFIUS,2026-02-01,marque_generique_traditionnelles_2,55,0.999254746937982,54.95901108158901,0.18231266075744804
BELFIUS,2026-02-08,marque_generique_traditionnelles_2,48,0.999254746937982,47.96422785302313,0.17937443548587984
BELFIUS,2026-02-15,marque_generique_traditionnelles_2,46,0.999254746937982,45.965718359147175,0.1828632476335774
BELFIUS,2026-02-22,marque_generique_traditionnelles_2,49,0.999254746937982,48.96348259996112,0.17777802938584222
BELFIUS,2026-03-01,marque_generique_traditionnelles_2,52,0.999254746937982,51.96124684077506,0.18463274273000813
BELFIUS,2026-03-08,marque_generique_traditionnelles_2,53,0.999254746937982,52.96050158771305,0.19229535800722516
BELFIUS,2026-03-15,marque_generique_traditionnelles_2,49,0.999254746937982,48.96348259996112,0.18176299148246347
BELFIUS,2026-03-22,marque_generique_traditionnelles_2,52,0.999254746937982,51.96124684077506,0.1853035333636994
BELFIUS,2026-03-29,marque_generique_traditionnelles_2,54,0.999254746937982,53.959756334651026,0.18839517658935528
BELFIUS,2026-04-05,marque_generique_traditionnelles_2,47,0.999254746937982,46.964973106085154,0.18536532410356904
BELFIUS,2026-04-12,marque_generique_traditionnelles_2,49,0.999254746937982,48.96348259996112,0.19401176759426153
BELFIUS,2026-04-19,marque_generique_traditionnelles_2,51,0.999254746937982,50.96199209383708,0.19956326889516735
BELFIUS,2026-04-26,marque_generique_traditionnelles_2,46,0.999254746937982,45.965718359147175,0.1873455856662794
BELFIUS,2026-05-03,marque_generique_traditionnelles_2,55,0.999254746937982,54.95901108158901,0.19528892139884158
BELFIUS,2026-05-10,marque_generique_traditionnelles_2,43,0.999254746937982,42.967954118333225,0.17231159774297888
BELFIUS,2026-05-17,marque_generique_traditionnelles_2,50,0.999254746937982,49.9627373468991,0.1820842548582403
BELFIUS,2026-05-24,marque_generique_traditionnelles_2,47,0.999254746937982,46.964973106085154,0.188346378592145
BELFIUS,2026-05-31,marque_generique_traditionnelles_2,56,0.999254746937982,55.95826582852699,0.20318220012039995
BELFIUS,2026-06-07,marque_generique_traditionnelles_2,56,0.999254746937982,55.95826582852699,0.2108637194406829
BELFIUS,2026-06-14,marque_generique_traditionnelles_2,45,0.999254746937982,44.96646361220919,0.18553434505982286
BELFIUS,2026-06-21,marque_generique_traditionnelles_2,48,0.999254746937982,47.96422785302313,0.1946838524874955
BELFIUS,2026-06-28,marque_generique_traditionnelles_2,54,0.999254746937982,53.959756334651026,0.19594799693604276
BELFIUS,2026-07-05,marque_generique_traditionnelles_2,52,0.999254746937982,51.96124684077506,0.20347805563065902
BELFIUS,2026-07-12,marque_generique_traditionnelles_2,46,0.999254746937982,45.965718359147175,0.1873395596110218
BELFIUS,2026-07-19,marque_generique_traditionnelles_2,44,0.999254746937982,43.96720886527121,0.1917203967397158
BELFIUS,2026-07-26,marque_generique_traditionnelles_2,46,0.999254746937982,45.965718359147175,0.19531358245429215
BELFIUS,2026-08-02,marque_generique_traditionnelles_2,49,0.999254746937982,48.96348259996112,0.1995770428395518
BELFIUS,2026-08-09,marque_generique_traditionnelles_2,64,0.999254746937982,63.95230380403085,0.26614221979873737
BELFIUS,2026-08-16,marque_generique_traditionnelles_2,45,0.999254746937982,44.96646361220919,0.19522177978107302
BELFIUS,2026-08-23,marque_generique_traditionnelles_2,46,0.999254746937982,45.965718359147175,0.18507719958959634
BELFIUS,2026-08-30,marque_generique_traditionnelles_2,51,0.999254746937982,50.96199209383708,0.18640425929435633
BELFIUS,2026-09-06,marque_generique_traditionnelles_2,51,0.999254746937982,50.96199209383708,0.20857046470149596
BELFIUS,2026-09-13,marque_generique_traditionnelles_2,49,0.999254746937982,48.96348259996112,0.21256891902331204
BELFIUS,2026-09-20,marque_generique_traditionnelles_2,43,0.999254746937982,42.967954118333225,0.7818181818181817
BEOBANK,2021-09-19,marque_generique_traditionnelles_2,15,0.999254746937982,14.98882120406973,0.04606393058819995
BEOBANK,2021-09-26,marque_generique_traditionnelles_2,16,0.999254746937982,15.988075951007712,0.046556952785149326
BEOBANK,2021-10-03,marque_generique_traditionnelles_2,15,0.999254746937982,14.98882120406973,0.0444242427349209
BEOBANK,2021-10-10,marque_generique_traditionnelles_2,14,0.999254746937982,13.989566457131748,0.04134245846882217
BEOBANK,2021-10-17,marque_generique_traditionnelles_2,14,0.999254746937982,13.989566457131748,0.04326288435951367
BEOBANK,2021-10-24,marque_generique_traditionnelles_2,15,0.999254746937982,14.98882120406973,0.04606448921784677
BEOBANK,2021-10-31,marque_generique_traditionnelles_2,14,0.999254746937982,13.989566457131748,0.044497491689101984
BEOBANK,2021-11-07,marque_generique_traditionnelles_2,14,0.999254746937982,13.989566457131748,0.04704328920123755
BEOBANK,2021-11-14,marque_generique_traditionnelles_2,14,0.999254746937982,13.989566457131748,0.04551339551756447
BEOBANK,2021-11-21,marque_generique_traditionnelles_2,13,0.999254746937982,12.990311710193765,0.04226013585984194
BEOBANK,2021-11-28,marque_generique_traditionnelles_2,13,0.999254746937982,12.990311710193765,0.041318903534890296
BEOBANK,2021-12-05,marque_generique_traditionnelles_2,14,0.999254746937982,13.989566457131748,0.0413352443360907
BEOBANK,2021-12-12,marque_generique_traditionnelles_2,14,0.999254746937982,13.989566457131748,0.03957371342677289
BEOBANK,2021-12-19,marque_generique_traditionnelles_2,14,0.999254746937982,13.989566457131748,0.04298836803253045
BEOBANK,2021-12-26,marque_generique_traditionnelles_2,14,0.999254746937982,13.989566457131748,0.04220217056484455
BEOBANK,2022-01-02,marque_generique_traditionnelles_2,16,0.999254746937982,15.988075951007712,0.04246202173143935
BEOBANK,2022-01-09,marque_generique_traditionnelles_2,15,0.999254746937982,14.98882120406973,0.04313374393978638
BEOBANK,2022-01-16,marque_generique_traditionnelles_2,14,0.999254746937982,13.989566457131748,0.04325234589404772
BEOBANK,2022-01-23,marque_generique_traditionnelles_2,15,0.999254746937982,14.98882120406973,0.046777787332984815
BEOBANK,2022-01-30,marque_generique_traditionnelles_2,17,0.999254746937982,16.987330697945694,0.04464086411348572
BEOBANK,2022-02-06,marque_generique_traditionnelles_2,16,0.999254746937982,15.988075951007712,0.04710217331945965
BEOBANK,2022-02-13,marque_generique_traditionnelles_2,14,0.999254746937982,13.989566457131748,0.04463673166689216
BEOBANK,2022-02-20,marque_generique_traditionnelles_2,14,0.999254746937982,13.989566457131748,0.04170783990746897
BEOBANK,2022-02-27,marque_generique_traditionnelles_2,15,0.999254746937982,14.98882120406973,0.041126570414990404
BEOBANK,2022-03-06,marque_generique_traditionnelles_2,13,0.999254746937982,12.990311710193765,0.03749607358771951
BEOBANK,2022-03-13,marque_generique_traditionnelles_2,13,0.999254746937982,12.990311710193765,0.0395525149458305
BEOBANK,2022-03-20,marque_generique_traditionnelles_2,14,0.999254746937982,13.989566457131748,0.04170636792962392
BEOBANK,2022-03-27,marque_generique_traditionnelles_2,15,0.999254746937982,14.98882120406973,0.04301536842969326
BEOBANK,2022-04-03,marque_generique_traditionnelles_2,15,0.999254746937982,14.98882120406973,0.04313751570786523
BEOBANK,2022-04-10,marque_generique_traditionnelles_2,13,0.999254746937982,12.990311710193765,0.043244530401254686
BEOBANK,2022-04-17,marque_generique_traditionnelles_2,13,0.999254746937982,12.990311710193765,0.043242611682444164
BEOBANK,2022-04-24,marque_generique_traditionnelles_2,15,0.999254746937982,14.98882120406973,0.0430076571482815
BEOBANK,2022-05-01,marque_generique_traditionnelles_2,14,0.999254746937982,13.989566457131748,0.04073150416529086
BEOBANK,2022-05-08,marque_generique_traditionnelles_2,16,0.999254746937982,15.988075951007712,0.04780740241494628
BEOBANK,2022-05-15,marque_generique_traditionnelles_2,13,0.999254746937982,12.990311710193765,0.04225738147612202
BEOBANK,2022-05-22,marque_generique_traditionnelles_2,14,0.999254746937982,13.989566457131748,0.04936635051736427
BEOBANK,2022-05-29,marque_generique_traditionnelles_2,17,0.999254746937982,16.987330697945694,0.049174327104378
BEOBANK,2022-06-05,marque_generique_traditionnelles_2,14,0.999254746937982,13.989566457131748,0.04421130788431257
BEOBANK,2022-06-12,marque_generique_traditionnelles_2,14,0.999254746937982,13.989566457131748,0.042723462329429245
BEOBANK,2022-06-19,marque_generique_traditionnelles_2,15,0.999254746937982,14.98882120406973,0.04494860004755378
BEOBANK,2022-06-26,marque_generique_traditionnelles_2,17,0.999254746937982,16.987330697945694,0.04647670211220565
BEOBANK,2022-07-03,marque_generique_traditionnelles_2,16,0.999254746937982,15.988075951007712,0.042465532523281495
BEOBANK,2022-07-10,marque_generique_traditionnelles_2,15,0.999254746937982,14.98882120406973,0.0437682363271163
BEOBANK,2022-07-17,marque_generique_traditionnelles_2,14,0.999254746937982,13.989566457131748,0.04867898136283561
BEOBANK,2022-07-24,marque_generique_traditionnelles_2,15,0.999254746937982,14.98882120406973,0.04766925608283165
BEOBANK,2022-07-31,marque_generique_traditionnelles_2,16,0.999254746937982,15.988075951007712,0.046957887414321116
BEOBANK,2022-08-07,marque_generique_traditionnelles_2,14,0.999254746937982,13.989566457131748,0.04462892748826676
BEOBANK,2022-08-14,marque_generique_traditionnelles_2,13,0.999254746937982,12.990311710193765,0.04427040778600546
BEOBANK,2022-08-21,marque_generique_traditionnelles_2,14,0.999254746937982,13.989566457131748,0.0436547225863113
BEOBANK,2022-08-28,marque_generique_traditionnelles_2,14,0.999254746937982,13.989566457131748,0.04259002410842964
BEOBANK,2022-09-04,marque_generique_traditionnelles_2,15,0.999254746937982,14.98882120406973,0.045914251489561256
BEOBANK,2022-09-11,marque_generique_traditionnelles_2,14,0.999254746937982,13.989566457131748,0.041954200094153675
BEOBANK,2022-09-18,marque_generique_traditionnelles_2,14,0.999254746937982,13.989566457131748,0.04365408351884884
BEOBANK,2022-09-25,marque_generique_traditionnelles_2,14,0.999254746937982,13.989566457131748,0.04145476712744265
BEOBANK,2022-10-02,marque_generique_traditionnelles_2,15,0.999254746937982,14.98882120406973,0.04564116065050385
BEOBANK,2022-10-09,marque_generique_traditionnelles_2,15,0.999254746937982,14.98882120406973,0.05040431930694254
BEOBANK,2022-10-16,marque_generique_traditionnelles_2,14,0.999254746937982,13.989566457131748,0.046265738552027
BEOBANK,2022-10-23,marque_generique_traditionnelles_2,15,0.999254746937982,14.98882120406973,0.046777819420695636
BEOBANK,2022-10-30,marque_generique_traditionnelles_2,13,0.999254746937982,12.990311710193765,0.04504493642839063
BEOBANK,2022-11-06,marque_generique_traditionnelles_2,13,0.999254746937982,12.990311710193765,0.04649964927214419
BEOBANK,2022-11-13,marque_generique_traditionnelles_2,14,0.999254746937982,13.989566457131748,0.04234113447757598
BEOBANK,2022-11-20,marque_generique_traditionnelles_2,13,0.999254746937982,12.990311710193765,0.04568299818538614
BEOBANK,2022-11-27,marque_generique_traditionnelles_2,13,0.999254746937982,12.990311710193765,0.04353744504721896
BEOBANK,2022-12-04,marque_generique_traditionnelles_2,13,0.999254746937982,12.990311710193765,0.04353268583431507
BEOBANK,2022-12-11,marque_generique_traditionnelles_2,13,0.999254746937982,12.990311710193765,0.04309903516002388
BEOBANK,2022-12-18,marque_generique_traditionnelles_2,14,0.999254746937982,13.989566457131748,0.04379574418363402
BEOBANK,2022-12-25,marque_generique_traditionnelles_2,14,0.999254746937982,13.989566457131748,0.04688314484501053
BEOBANK,2023-01-01,marque_generique_traditionnelles_2,16,0.999254746937982,15.988075951007712,0.047379166550810925
BEOBANK,2023-01-08,marque_generique_traditionnelles_2,15,0.999254746937982,14.98882120406973,0.047826728900866936
BEOBANK,2023-01-15,marque_generique_traditionnelles_2,13,0.999254746937982,12.990311710193765,0.04281218080536037
BEOBANK,2023-01-22,marque_generique_traditionnelles_2,15,0.999254746937982,14.98882120406973,0.048134858336635826
BEOBANK,2023-01-29,marque_generique_traditionnelles_2,17,0.999254746937982,16.987330697945694,0.049897568031507536
BEOBANK,2023-02-05,marque_generique_traditionnelles_2,15,0.999254746937982,14.98882120406973,0.04707231962700739
BEOBANK,2023-02-12,marque_generique_traditionnelles_2,14,0.999254746937982,13.989566457131748,0.047203511722793454
BEOBANK,2023-02-19,marque_generique_traditionnelles_2,14,0.999254746937982,13.989566457131748,0.047362692011555914
BEOBANK,2023-02-26,marque_generique_traditionnelles_2,15,0.999254746937982,14.98882120406973,0.04813340801715227
BEOBANK,2023-03-05,marque_generique_traditionnelles_2,14,0.999254746937982,13.989566457131748,0.04752422362676227
BEOBANK,2023-03-12,marque_generique_traditionnelles_2,14,0.999254746937982,13.989566457131748,0.04581488732311157
BEOBANK,2023-03-19,marque_generique_traditionnelles_2,15,0.999254746937982,14.98882120406973,0.0473757244687683
BEOBANK,2023-03-26,marque_generique_traditionnelles_2,15,0.999254746937982,14.98882120406973,0.05074616331775161
BEOBANK,2023-04-02,marque_generique_traditionnelles_2,15,0.999254746937982,14.98882120406973,0.04940615179656665
BEOBANK,2023-04-09,marque_generique_traditionnelles_2,15,0.999254746937982,14.98882120406973,0.052714451570906734
BEOBANK,2023-04-16,marque_generique_traditionnelles_2,13,0.999254746937982,12.990311710193765,0.046668643550390285
BEOBANK,2023-04-23,marque_generique_traditionnelles_2,13,0.999254746937982,12.990311710193765,0.044891809384165995
BEOBANK,2023-04-30,marque_generique_traditionnelles_2,14,0.999254746937982,13.989566457131748,0.05174276318168495
BEOBANK,2023-05-07,marque_generique_traditionnelles_2,14,0.999254746937982,13.989566457131748,0.05062312696697917
BEOBANK,2023-05-14,marque_generique_traditionnelles_2,12,0.999254746937982,11.991056963255783,0.04790178329471725
BEOBANK,2023-05-21,marque_generique_traditionnelles_2,17,0.999254746937982,16.987330697945694,0.05599249777009028
BEOBANK,2023-05-28,marque_generique_traditionnelles_2,14,0.999254746937982,13.989566457131748,0.051367238971376565
BEOBANK,2023-06-04,marque_generique_traditionnelles_2,14,0.999254746937982,13.989566457131748,0.05062697436652208
BEOBANK,2023-06-11,marque_generique_traditionnelles_2,14,0.999254746937982,13.989566457131748,0.05025952084078079
BEOBANK,2023-06-18,marque_generique_traditionnelles_2,13,0.999254746937982,12.990311710193765,0.047699793797877685
BEOBANK,2023-06-25,marque_generique_traditionnelles_2,14,0.999254746937982,13.989566457131748,0.04626562452246882
BEOBANK,2023-07-02,marque_generique_traditionnelles_2,15,0.999254746937982,14.98882120406973,0.044957425097324095
BEOBANK,2023-07-09,marque_generique_traditionnelles_2,15,0.999254746937982,14.98882120406973,0.04722175712836014
BEOBANK,2023-07-16,marque_generique_traditionnelles_2,13,0.999254746937982,12.990311710193765,0.04970712954771881
BEOBANK,2023-07-23,marque_generique_traditionnelles_2,15,0.999254746937982,14.98882120406973,0.0523405665019618
BEOBANK,2023-07-30,marque_generique_traditionnelles_2,14,0.999254746937982,13.989566457131748,0.04736245301035928
BEOBANK,2023-08-06,marque_generique_traditionnelles_2,14,0.999254746937982,13.989566457131748,0.0478499691574412
BEOBANK,2023-08-13,marque_generique_traditionnelles_2,13,0.999254746937982,12.990311710193765,0.05067777041862694
BEOBANK,2023-08-20,marque_generique_traditionnelles_2,18,0.999254746937982,17.986585444883676,0.047512665030537464
BEOBANK,2023-08-27,marque_generique_traditionnelles_2,19,0.999254746937982,18.98584019182166,0.04669913547203516
BEOBANK,2023-09-03,marque_generique_traditionnelles_2,15,0.999254746937982,14.98882120406973,0.04989946506203337
BEOBANK,2023-09-10,marque_generique_traditionnelles_2,14,0.999254746937982,13.989566457131748,0.05008027072824264
BEOBANK,2023-09-17,marque_generique_traditionnelles_2,13,0.999254746937982,12.990311710193765,0.04717871275481098
BEOBANK,2023-09-24,marque_generique_traditionnelles_2,15,0.999254746937982,14.98882120406973,0.049901519007002584
BEOBANK,2023-10-01,marque_generique_traditionnelles_2,14,0.999254746937982,13.989566457131748,0.04478460725392592
BEOBANK,2023-10-08,marque_generique_traditionnelles_2,14,0.999254746937982,13.989566457131748,0.04954446368616487
BEOBANK,2023-10-15,marque_generique_traditionnelles_2,14,0.999254746937982,13.989566457131748,0.0480148473967513
BEOBANK,2023-10-22,marque_generique_traditionnelles_2,13,0.999254746937982,12.990311710193765,0.045682878458343124
BEOBANK,2023-10-29,marque_generique_traditionnelles_2,13,0.999254746937982,12.990311710193765,0.04840745760884673
BEOBANK,2023-11-05,marque_generique_traditionnelles_2,14,0.999254746937982,13.989566457131748,0.050621994565061335
BEOBANK,2023-11-12,marque_generique_traditionnelles_2,13,0.999254746937982,12.990311710193765,0.04859080622234307
BEOBANK,2023-11-19,marque_generique_traditionnelles_2,13,0.999254746937982,12.990311710193765,0.046839951833887575
BEOBANK,2023-11-26,marque_generique_traditionnelles_2,13,0.999254746937982,12.990311710193765,0.04552243233010165
BEOBANK,2023-12-03,marque_generique_traditionnelles_2,14,0.999254746937982,13.989566457131748,0.048514629837072734
BEOBANK,2023-12-10,marque_generique_traditionnelles_2,14,0.999254746937982,13.989566457131748,0.0462647927015321
BEOBANK,2023-12-17,marque_generique_traditionnelles_2,14,0.999254746937982,13.989566457131748,0.04565889977226061
BEOBANK,2023-12-24,marque_generique_traditionnelles_2,14,0.999254746937982,13.989566457131748,0.0497176685221788
BEOBANK,2023-12-31,marque_generique_traditionnelles_2,14,0.999254746937982,13.989566457131748,0.046569428549639504
BEOBANK,2024-01-07,marque_generique_traditionnelles_2,14,0.999254746937982,13.989566457131748,0.04566088611106216
BEOBANK,2024-01-14,marque_generique_traditionnelles_2,13,0.999254746937982,12.990311710193765,0.04310013227932605
BEOBANK,2024-01-21,marque_generique_traditionnelles_2,16,0.999254746937982,15.988075951007712,0.04708473671192792
BEOBANK,2024-01-28,marque_generique_traditionnelles_2,14,0.999254746937982,13.989566457131748,0.043659602759228276
BEOBANK,2024-02-04,marque_generique_traditionnelles_2,14,0.999254746937982,13.989566457131748,0.0473554096137635
BEOBANK,2024-02-11,marque_generique_traditionnelles_2,14,0.999254746937982,13.989566457131748,0.04817164965130994
BEOBANK,2024-02-18,marque_generique_traditionnelles_2,15,0.999254746937982,14.98882120406973,0.04891757562258256
BEOBANK,2024-02-25,marque_generique_traditionnelles_2,13,0.999254746937982,12.990311710193765,0.04092020411295762
BEOBANK,2024-03-03,marque_generique_traditionnelles_2,13,0.999254746937982,12.990311710193765,0.04338475281694284
BEOBANK,2024-03-10,marque_generique_traditionnelles_2,12,0.999254746937982,11.991056963255783,0.04231434856999818
BEOBANK,2024-03-17,marque_generique_traditionnelles_2,13,0.999254746937982,12.990311710193765,0.04551680259250865
BEOBANK,2024-03-24,marque_generique_traditionnelles_2,13,0.999254746937982,12.990311710193765,0.037826350676906116
BEOBANK,2024-03-31,marque_generique_traditionnelles_2,13,0.999254746937982,12.990311710193765,0.04353287121245466
BEOBANK,2024-04-07,marque_generique_traditionnelles_2,12,0.999254746937982,11.991056963255783,0.041291531393384
BEOBANK,2024-04-14,marque_generique_traditionnelles_2,12,0.999254746937982,11.991056963255783,0.042020093332019046
BEOBANK,2024-04-21,marque_generique_traditionnelles_2,13,0.999254746937982,12.990311710193765,0.046664299510885264
BEOBANK,2024-04-28,marque_generique_traditionnelles_2,14,0.999254746937982,13.989566457131748,0.05251914496558155
BEOBANK,2024-05-05,marque_generique_traditionnelles_2,12,0.999254746937982,11.991056963255783,0.046594565673929375
BEOBANK,2024-05-12,marque_generique_traditionnelles_2,13,0.999254746937982,12.990311710193765,0.043385680402732246
BEOBANK,2024-05-19,marque_generique_traditionnelles_2,13,0.999254746937982,12.990311710193765,0.04876777746804001
BEOBANK,2024-05-26,marque_generique_traditionnelles_2,14,0.999254746937982,13.989566457131748,0.04800915444503612
BEOBANK,2024-06-02,marque_generique_traditionnelles_2,13,0.999254746937982,12.990311710193765,0.045518809570935334
BEOBANK,2024-06-09,marque_generique_traditionnelles_2,13,0.999254746937982,12.990311710193765,0.04381186300680281
BEOBANK,2024-06-16,marque_generique_traditionnelles_2,12,0.999254746937982,11.991056963255783,0.04245446798316736
BEOBANK,2024-06-23,marque_generique_traditionnelles_2,13,0.999254746937982,12.990311710193765,0.04487763889139415
BEOBANK,2024-06-30,marque_generique_traditionnelles_2,14,0.999254746937982,13.989566457131748,0.044064211948673375
BEOBANK,2024-07-07,marque_generique_traditionnelles_2,13,0.999254746937982,12.990311710193765,0.0423874022030183
BEOBANK,2024-07-14,marque_generique_traditionnelles_2,14,0.999254746937982,13.989566457131748,0.046872593688625806
BEOBANK,2024-07-21,marque_generique_traditionnelles_2,15,0.999254746937982,14.98882120406973,0.049229538348424966
BEOBANK,2024-07-28,marque_generique_traditionnelles_2,13,0.999254746937982,12.990311710193765,0.04551058011291369
BEOBANK,2024-08-04,marque_generique_traditionnelles_2,12,0.999254746937982,11.991056963255783,0.04058458081594155
BEOBANK,2024-08-11,marque_generique_traditionnelles_2,12,0.999254746937982,11.991056963255783,0.04552286196181551
BEOBANK,2024-08-18,marque_generique_traditionnelles_2,14,0.999254746937982,13.989566457131748,0.046099350407702036
BEOBANK,2024-08-25,marque_generique_traditionnelles_2,15,0.999254746937982,14.98882120406973,0.04402142091268206
BEOBANK,2024-09-01,marque_generique_traditionnelles_2,16,0.999254746937982,15.988075951007712,0.03532544246800498
BEOBANK,2024-09-08,marque_generique_traditionnelles_2,15,0.999254746937982,14.98882120406973,0.04264183766619781
BEOBANK,2024-09-15,marque_generique_traditionnelles_2,14,0.999254746937982,13.989566457131748,0.04595289611285466
BEOBANK,2024-09-22,marque_generique_traditionnelles_2,13,0.999254746937982,12.990311710193765,0.041711321389428374
BEOBANK,2024-09-29,marque_generique_traditionnelles_2,13,0.999254746937982,12.990311710193765,0.0409222104844504
BEOBANK,2024-10-06,marque_generique_traditionnelles_2,13,0.999254746937982,12.990311710193765,0.04382084397286969
BEOBANK,2024-10-13,marque_generique_traditionnelles_2,13,0.999254746937982,12.990311710193765,0.04535529007030657
BEOBANK,2024-10-20,marque_generique_traditionnelles_2,11,0.999254746937982,10.991802216317803,0.03837715370253378
BEOBANK,2024-10-27,marque_generique_traditionnelles_2,11,0.999254746937982,10.991802216317803,0.035075795043728326
BEOBANK,2024-11-03,marque_generique_traditionnelles_2,12,0.999254746937982,11.991056963255783,0.04031518731808047
BEOBANK,2024-11-10,marque_generique_traditionnelles_2,10,0.999254746937982,9.99254746937982,0.03681785865253835
BEOBANK,2024-11-17,marque_generique_traditionnelles_2,12,0.999254746937982,11.991056963255783,0.04260781495043376
BEOBANK,2024-11-24,marque_generique_traditionnelles_2,13,0.999254746937982,12.990311710193765,0.0444223947355873
BEOBANK,2024-12-01,marque_generique_traditionnelles_2,12,0.999254746937982,11.991056963255783,0.04128987945719009
BEOBANK,2024-12-08,marque_generique_traditionnelles_2,11,0.999254746937982,10.991802216317803,0.038510017185265664
BEOBANK,2024-12-15,marque_generique_traditionnelles_2,12,0.999254746937982,11.991056963255783,0.03741729946814851
BEOBANK,2024-12-22,marque_generique_traditionnelles_2,11,0.999254746937982,10.991802216317803,0.040647863104838144
BEOBANK,2024-12-29,marque_generique_traditionnelles_2,13,0.999254746937982,12.990311710193765,0.04143925735101431
BEOBANK,2025-01-05,marque_generique_traditionnelles_2,13,0.999254746937982,12.990311710193765,0.04225093363727833
BEOBANK,2025-01-12,marque_generique_traditionnelles_2,13,0.999254746937982,12.990311710193765,0.044114537079891436
BEOBANK,2025-01-19,marque_generique_traditionnelles_2,13,0.999254746937982,12.990311710193765,0.04280817860570979
BEOBANK,2025-01-26,marque_generique_traditionnelles_2,13,0.999254746937982,12.990311710193765,0.04323731717871116
BEOBANK,2025-02-02,marque_generique_traditionnelles_2,14,0.999254746937982,13.989566457131748,0.04687224256869163
BEOBANK,2025-02-09,marque_generique_traditionnelles_2,12,0.999254746937982,11.991056963255783,0.04031411761665024
BEOBANK,2025-02-16,marque_generique_traditionnelles_2,13,0.999254746937982,12.990311710193765,0.0448831931056269
BEOBANK,2025-02-23,marque_generique_traditionnelles_2,14,0.999254746937982,13.989566457131748,0.045650988888241796
BEOBANK,2025-03-02,marque_generique_traditionnelles_2,13,0.999254746937982,12.990311710193765,0.04294851948466045
BEOBANK,2025-03-09,marque_generique_traditionnelles_2,12,0.999254746937982,11.991056963255783,0.040313178765481135
BEOBANK,2025-03-16,marque_generique_traditionnelles_2,11,0.999254746937982,10.991802216317803,0.03991307680786007
BEOBANK,2025-03-23,marque_generique_traditionnelles_2,12,0.999254746937982,11.991056963255783,0.042009404856837844
BEOBANK,2025-03-30,marque_generique_traditionnelles_2,14,0.999254746937982,13.989566457131748,0.04365364750400006
BEOBANK,2025-04-06,marque_generique_traditionnelles_2,14,0.999254746937982,13.989566457131748,0.045353383833795294
BEOBANK,2025-04-13,marque_generique_traditionnelles_2,12,0.999254746937982,11.991056963255783,0.04201354794834864
BEOBANK,2025-04-20,marque_generique_traditionnelles_2,11,0.999254746937982,10.991802216317803,0.04020360240763873
BEOBANK,2025-04-27,marque_generique_traditionnelles_2,11,0.999254746937982,10.991802216317803,0.04110687060042893
BEOBANK,2025-05-04,marque_generique_traditionnelles_2,14,0.999254746937982,13.989566457131748,0.04867074659604003
BEOBANK,2025-05-11,marque_generique_traditionnelles_2,12,0.999254746937982,11.991056963255783,0.04245825116894684
BEOBANK,2025-05-18,marque_generique_traditionnelles_2,12,0.999254746937982,11.991056963255783,0.04114609780127458
BEOBANK,2025-05-25,marque_generique_traditionnelles_2,11,0.999254746937982,10.991802216317803,0.04157500469822075
BEOBANK,2025-06-01,marque_generique_traditionnelles_2,13,0.999254746937982,12.990311710193765,0.04411546320493621
BEOBANK,2025-06-08,marque_generique_traditionnelles_2,11,0.999254746937982,10.991802216317803,0.042869296965159016
BEOBANK,2025-06-15,marque_generique_traditionnelles_2,12,0.999254746937982,11.991056963255783,0.04322541187022756
BEOBANK,2025-06-22,marque_generique_traditionnelles_2,14,0.999254746937982,13.989566457131748,0.04609852455493371
BEOBANK,2025-06-29,marque_generique_traditionnelles_2,14,0.999254746937982,13.989566457131748,0.04477073244126908
BEOBANK,2025-07-06,marque_generique_traditionnelles_2,14,0.999254746937982,13.989566457131748,0.045205205411908186
BEOBANK,2025-07-13,marque_generique_traditionnelles_2,14,0.999254746937982,13.989566457131748,0.046877365882770625
BEOBANK,2025-07-20,marque_generique_traditionnelles_2,13,0.999254746937982,12.990311710193765,0.04786413626209911
BEOBANK,2025-07-27,marque_generique_traditionnelles_2,12,0.999254746937982,11.991056963255783,0.0407265079747682
BEOBANK,2025-08-03,marque_generique_traditionnelles_2,13,0.999254746937982,12.990311710193765,0.04488388654683974
BEOBANK,2025-08-10,marque_generique_traditionnelles_2,11,0.999254746937982,10.991802216317803,0.04253956624125605
BEOBANK,2025-08-17,marque_generique_traditionnelles_2,13,0.999254746937982,12.990311710193765,0.044725300965198014
BEOBANK,2025-08-24,marque_generique_traditionnelles_2,14,0.999254746937982,13.989566457131748,0.04520939422973794
BEOBANK,2025-08-31,marque_generique_traditionnelles_2,14,0.999254746937982,13.989566457131748,0.04564804986937936
BEOBANK,2025-09-07,marque_generique_traditionnelles_2,13,0.999254746937982,12.990311710193765,0.043671561017446785
BEOBANK,2025-09-14,marque_generique_traditionnelles_2,12,0.999254746937982,11.991056963255783,0.0421600222853943
BEOBANK,2025-09-21,marque_generique_traditionnelles_2,12,0.999254746937982,11.991056963255783,0.0417195010543874
BEOBANK,2025-09-28,marque_generique_traditionnelles_2,14,0.999254746937982,13.989566457131748,0.04463114356224334
BEOBANK,2025-10-05,marque_generique_traditionnelles_2,13,0.999254746937982,12.990311710193765,0.04295027514784552
BEOBANK,2025-10-12,marque_generique_traditionnelles_2,12,0.999254746937982,11.991056963255783,0.04306713430460494
BEOBANK,2025-10-19,marque_generique_traditionnelles_2,12,0.999254746937982,11.991056963255783,0.04157552932565731
BEOBANK,2025-10-26,marque_generique_traditionnelles_2,13,0.999254746937982,12.990311710193765,0.04535529007030657
BEOBANK,2025-11-02,marque_generique_traditionnelles_2,11,0.999254746937982,10.991802216317803,0.0373314705279803
BEOBANK,2025-11-09,marque_generique_traditionnelles_2,10,0.999254746937982,9.99254746937982,0.03823043617003256
BEOBANK,2025-11-16,marque_generique_traditionnelles_2,11,0.999254746937982,10.991802216317803,0.04080382397800498
BEOBANK,2025-11-23,marque_generique_traditionnelles_2,11,0.999254746937982,10.991802216317803,0.04035104792128879
BEOBANK,2025-11-30,marque_generique_traditionnelles_2,13,0.999254746937982,12.990311710193765,0.04488016767231574
BEOBANK,2025-12-07,marque_generique_traditionnelles_2,12,0.999254746937982,11.991056963255783,0.04230748871020322
BEOBANK,2025-12-14,marque_generique_traditionnelles_2,12,0.999254746937982,11.991056963255783,0.04072209949570952
BEOBANK,2025-12-21,marque_generique_traditionnelles_2,11,0.999254746937982,10.991802216317803,0.0433820600394792
BEOBANK,2025-12-28,marque_generique_traditionnelles_2,11,0.999254746937982,10.991802216317803,0.03905541742924904
BEOBANK,2026-01-04,marque_generique_traditionnelles_2,13,0.999254746937982,12.990311710193765,0.043378559810751886
BEOBANK,2026-01-11,marque_generique_traditionnelles_2,14,0.999254746937982,13.989566457131748,0.047838089035270245
BEOBANK,2026-01-18,marque_generique_traditionnelles_2,13,0.999254746937982,12.990311710193765,0.04519453361648734
BEOBANK,2026-01-25,marque_generique_traditionnelles_2,15,0.999254746937982,14.98882120406973,0.05178967262370594
BEOBANK,2026-02-01,marque_generique_traditionnelles_2,14,0.999254746937982,13.989566457131748,0.04640685910189586
BEOBANK,2026-02-08,marque_generique_traditionnelles_2,11,0.999254746937982,10.991802216317803,0.041106641465514134
BEOBANK,2026-02-15,marque_generique_traditionnelles_2,11,0.999254746937982,10.991802216317803,0.04372816791237721
BEOBANK,2026-02-22,marque_generique_traditionnelles_2,12,0.999254746937982,11.991056963255783,0.04353747658428789
BEOBANK,2026-03-01,marque_generique_traditionnelles_2,13,0.999254746937982,12.990311710193765,0.04615818568250203
BEOBANK,2026-03-08,marque_generique_traditionnelles_2,11,0.999254746937982,10.991802216317803,0.03991035732225428
BEOBANK,2026-03-15,marque_generique_traditionnelles_2,12,0.999254746937982,11.991056963255783,0.044513385669174725
BEOBANK,2026-03-22,marque_generique_traditionnelles_2,12,0.999254746937982,11.991056963255783,0.0427623538531614
BEOBANK,2026-03-29,marque_generique_traditionnelles_2,14,0.999254746937982,13.989566457131748,0.04884319393057359
BEOBANK,2026-04-05,marque_generique_traditionnelles_2,12,0.999254746937982,11.991056963255783,0.047327316792400605
BEOBANK,2026-04-12,marque_generique_traditionnelles_2,11,0.999254746937982,10.991802216317803,0.043553662112997486
BEOBANK,2026-04-19,marque_generique_traditionnelles_2,11,0.999254746937982,10.991802216317803,0.04304305799699688
BEOBANK,2026-04-26,marque_generique_traditionnelles_2,11,0.999254746937982,10.991802216317803,0.044800031354979855
BEOBANK,2026-05-03,marque_generique_traditionnelles_2,12,0.999254746937982,11.991056963255783,0.04260849194156543
BEOBANK,2026-05-10,marque_generique_traditionnelles_2,11,0.999254746937982,10.991802216317803,0.044079711050529484
BEOBANK,2026-05-17,marque_generique_traditionnelles_2,12,0.999254746937982,11.991056963255783,0.043700221165977673
BEOBANK,2026-05-24,marque_generique_traditionnelles_2,11,0.999254746937982,10.991802216317803,0.044081067330076495
BEOBANK,2026-05-31,marque_generique_traditionnelles_2,12,0.999254746937982,11.991056963255783,0.043539042882942844
BEOBANK,2026-06-07,marque_generique_traditionnelles_2,12,0.999254746937982,11.991056963255783,0.04518508273728919
BEOBANK,2026-06-14,marque_generique_traditionnelles_2,11,0.999254746937982,10.991802216317803,0.04535283990351226
BEOBANK,2026-06-21,marque_generique_traditionnelles_2,10,0.999254746937982,9.99254746937982,0.0405591359348949
BEOBANK,2026-06-28,marque_generique_traditionnelles_2,11,0.999254746937982,10.991802216317803,0.0399153327091939
BEOBANK,2026-07-05,marque_generique_traditionnelles_2,10,0.999254746937982,9.99254746937982,0.03913039531358827
BEOBANK,2026-07-12,marque_generique_traditionnelles_2,11,0.999254746937982,10.991802216317803,0.04479859034176608
BEOBANK,2026-07-19,marque_generique_traditionnelles_2,11,0.999254746937982,10.991802216317803,0.04793009918492895
BEOBANK,2026-07-26,marque_generique_traditionnelles_2,11,0.999254746937982,10.991802216317803,0.04670542189124378
BEOBANK,2026-08-02,marque_generique_traditionnelles_2,10,0.999254746937982,9.99254746937982,0.04073000874276568
BEOBANK,2026-08-09,marque_generique_traditionnelles_2,9,0.999254746937982,8.993292722441838,0.03742624965919744
BEOBANK,2026-08-16,marque_generique_traditionnelles_2,10,0.999254746937982,9.99254746937982,0.04338261772912734
BEOBANK,2026-08-23,marque_generique_traditionnelles_2,12,0.999254746937982,11.991056963255783,0.04828100858859034
BEOBANK,2026-08-30,marque_generique_traditionnelles_2,11,0.999254746937982,10.991802216317803,0.04020484023995921
BEOBANK,2026-09-06,marque_generique_traditionnelles_2,11,0.999254746937982,10.991802216317803,0.04498578650424423
BEOBANK,2026-09-13,marque_generique_traditionnelles_2,10,0.999254746937982,9.99254746937982,0.043381412045573886
BEOBANK,2026-09-20,marque_generique_traditionnelles_2,8,0.999254746937982,7.994037975503856,0.14545454545454545
BNPPF,2021-09-12,marque_generique_traditionnelles,53,1.0046913178042025,53.24863984362273,0.22614302074234796
BNPPF,2021-09-19,marque_generique_traditionnelles,51,1.0046913178042025,51.23925720801433,0.15746946042561627
BNPPF,2021-09-26,marque_generique_traditionnelles,51,1.0046913178042025,51.23925720801433,0.1492076773896791
BNPPF,2021-10-03,marque_generique_traditionnelles,53,1.0046913178042025,53.24863984362273,0.1578196490245139
BNPPF,2021-10-10,marque_generique_traditionnelles,51,1.0046913178042025,51.23925720801433,0.15142405374654846
BNPPF,2021-10-17,marque_generique_traditionnelles,46,1.0046913178042025,46.21580061899331,0.14292285925290832
BNPPF,2021-10-24,marque_generique_traditionnelles,50,1.0046913178042025,50.23456589021013,0.1543836961764877
BNPPF,2021-10-31,marque_generique_traditionnelles,51,1.0046913178042025,51.23925720801433,0.16297991998222683
BNPPF,2021-11-07,marque_generique_traditionnelles,49,1.0046913178042025,49.229874572405926,0.1655473194217324
BNPPF,2021-11-14,marque_generique_traditionnelles,45,1.0046913178042025,45.21110930118911,0.1470889827585655
BNPPF,2021-11-21,marque_generique_traditionnelles,47,1.0046913178042025,47.220491936797515,0.1536178999501366
BNPPF,2021-11-28,marque_generique_traditionnelles,50,1.0046913178042025,50.23456589021013,0.15978347775179924
BNPPF,2021-12-05,marque_generique_traditionnelles,60,1.0046913178042025,60.28147906825215,0.17811485966077736
BNPPF,2021-12-12,marque_generique_traditionnelles,72,1.0046913178042025,72.33777488190258,0.20462924150501166
BNPPF,2021-12-19,marque_generique_traditionnelles,57,1.0046913178042025,57.26740511483954,0.1759763102658353
BNPPF,2021-12-26,marque_generique_traditionnelles,66,1.0046913178042025,66.30962697507736,0.20003551906119504
BNPPF,2022-01-02,marque_generique_traditionnelles,70,1.0046913178042025,70.32839224629417,0.1867820573939112
BNPPF,2022-01-09,marque_generique_traditionnelles,67,1.0046913178042025,67.31431829288157,0.19371226924356635
BNPPF,2022-01-16,marque_generique_traditionnelles,61,1.0046913178042025,61.286170386056355,0.18948197202408057
BNPPF,2022-01-23,marque_generique_traditionnelles,58,1.0046913178042025,58.27209643264374,0.1818581793232198
BNPPF,2022-01-30,marque_generique_traditionnelles,69,1.0046913178042025,69.32370092848997,0.1821751732523161
BNPPF,2022-02-06,marque_generique_traditionnelles,58,1.0046913178042025,58.27209643264374,0.1716743399436787
BNPPF,2022-02-13,marque_generique_traditionnelles,52,1.0046913178042025,52.24394852581853,0.16669559551483148
BNPPF,2022-02-20,marque_generique_traditionnelles,54,1.0046913178042025,54.253331161426935,0.1617483470600437
BNPPF,2022-02-27,marque_generique_traditionnelles,63,1.0046913178042025,63.29555302166476,0.17367136366897612
BNPPF,2022-03-06,marque_generique_traditionnelles,62,1.0046913178042025,62.29086170386056,0.17980036094573248
BNPPF,2022-03-13,marque_generique_traditionnelles,58,1.0046913178042025,58.27209643264374,0.17742514702463896
BNPPF,2022-03-20,marque_generique_traditionnelles,61,1.0046913178042025,61.286170386056355,0.18270927687079622
BNPPF,2022-03-27,marque_generique_traditionnelles,63,1.0046913178042025,63.29555302166476,0.18164747554990102
BNPPF,2022-04-03,marque_generique_traditionnelles,64,1.0046913178042025,64.30024433946896,0.18505476597854753
BNPPF,2022-04-10,marque_generique_traditionnelles,53,1.0046913178042025,53.24863984362273,0.177263831377966
BNPPF,2022-04-17,marque_generique_traditionnelles,54,1.0046913178042025,54.253331161426935,0.18060041854512499
BNPPF,2022-04-24,marque_generique_traditionnelles,73,1.0046913178042025,73.34246619970678,0.21044267576358633
BNPPF,2022-05-01,marque_generique_traditionnelles,62,1.0046913178042025,62.29086170386056,0.18136376854315683
BNPPF,2022-05-08,marque_generique_traditionnelles,58,1.0046913178042025,58.27209643264374,0.17424470413166673
BNPPF,2022-05-15,marque_generique_traditionnelles,53,1.0046913178042025,53.24863984362273,0.173217405182884
BNPPF,2022-05-22,marque_generique_traditionnelles,53,1.0046913178042025,53.24863984362273,0.1879036800138354
BNPPF,2022-05-29,marque_generique_traditionnelles,60,1.0046913178042025,60.28147906825215,0.17450070424521877
BNPPF,2022-06-05,marque_generique_traditionnelles,60,1.0046913178042025,60.28147906825215,0.19050790737332576
BNPPF,2022-06-12,marque_generique_traditionnelles,61,1.0046913178042025,61.286170386056355,0.18716501328522922
BNPPF,2022-06-19,marque_generique_traditionnelles,62,1.0046913178042025,62.29086170386056,0.18679834732994838
BNPPF,2022-06-26,marque_generique_traditionnelles,68,1.0046913178042025,68.31900961068577,0.18691825777317356
BNPPF,2022-07-03,marque_generique_traditionnelles,69,1.0046913178042025,69.32370092848997,0.18412896495075015
BNPPF,2022-07-10,marque_generique_traditionnelles,61,1.0046913178042025,61.286170386056355,0.1789592091679975
BNPPF,2022-07-17,marque_generique_traditionnelles,53,1.0046913178042025,53.24863984362273,0.1852873392815282
BNPPF,2022-07-24,marque_generique_traditionnelles,58,1.0046913178042025,58.27209643264374,0.1853239457267618
BNPPF,2022-07-31,marque_generique_traditionnelles,69,1.0046913178042025,69.32370092848997,0.20360764818226437
BNPPF,2022-08-07,marque_generique_traditionnelles,66,1.0046913178042025,66.30962697507736,0.21153818762811682
BNPPF,2022-08-14,marque_generique_traditionnelles,58,1.0046913178042025,58.27209643264374,0.1985887274432534
BNPPF,2022-08-21,marque_generique_traditionnelles,62,1.0046913178042025,62.29086170386056,0.1943798827273912
BNPPF,2022-08-28,marque_generique_traditionnelles,64,1.0046913178042025,64.30024433946896,0.1957565279086839
BNPPF,2022-09-04,marque_generique_traditionnelles,63,1.0046913178042025,63.29555302166476,0.1938890256972642
BNPPF,2022-09-11,marque_generique_traditionnelles,62,1.0046913178042025,62.29086170386056,0.1868080246781881
BNPPF,2022-09-18,marque_generique_traditionnelles,65,1.0046913178042025,65.30493565727316,0.2037823776820709
BNPPF,2022-09-25,marque_generique_traditionnelles,63,1.0046913178042025,63.29555302166476,0.18756138145926396
BNPPF,2022-10-02,marque_generique_traditionnelles,55,1.0046913178042025,55.25802247923114,0.16826141608247105
BNPPF,2022-10-09,marque_generique_traditionnelles,47,1.0046913178042025,47.220491936797515,0.15879279104129973
BNPPF,2022-10-16,marque_generique_traditionnelles,48,1.0046913178042025,48.22518325460172,0.159488410660758
BNPPF,2022-10-23,marque_generique_traditionnelles,54,1.0046913178042025,54.253331161426935,0.16931635206585538
BNPPF,2022-10-30,marque_generique_traditionnelles,48,1.0046913178042025,48.22518325460172,0.16722464883166535
BNPPF,2022-11-06,marque_generique_traditionnelles,46,1.0046913178042025,46.21580061899331,0.16543240590048
BNPPF,2022-11-13,marque_generique_traditionnelles,53,1.0046913178042025,53.24863984362273,0.16116352334975062
BNPPF,2022-11-20,marque_generique_traditionnelles,44,1.0046913178042025,44.20641798338491,0.15546060460833017
BNPPF,2022-11-27,marque_generique_traditionnelles,46,1.0046913178042025,46.21580061899331,0.15489373347243848
BNPPF,2022-12-04,marque_generique_traditionnelles,51,1.0046913178042025,51.23925720801433,0.17171123651095824
BNPPF,2022-12-11,marque_generique_traditionnelles,51,1.0046913178042025,51.23925720801433,0.17000073572128135
BNPPF,2022-12-18,marque_generique_traditionnelles,55,1.0046913178042025,55.25802247923114,0.17299079453317714
BNPPF,2022-12-25,marque_generique_traditionnelles,47,1.0046913178042025,47.220491936797515,0.15824973346453725
BNPPF,2023-01-01,marque_generique_traditionnelles,54,1.0046913178042025,54.253331161426935,0.16077466862868717
BNPPF,2023-01-08,marque_generique_traditionnelles,49,1.0046913178042025,49.229874572405926,0.15708399165898726
BNPPF,2023-01-15,marque_generique_traditionnelles,53,1.0046913178042025,53.24863984362273,0.1754915853817251
BNPPF,2023-01-22,marque_generique_traditionnelles,48,1.0046913178042025,48.22518325460172,0.15486957463928375
BNPPF,2023-01-29,marque_generique_traditionnelles,55,1.0046913178042025,55.25802247923114,0.1623116065125786
BNPPF,2023-02-05,marque_generique_traditionnelles,53,1.0046913178042025,53.24863984362273,0.16722709279778725
BNPPF,2023-02-12,marque_generique_traditionnelles,46,1.0046913178042025,46.21580061899331,0.15594107887344882
BNPPF,2023-02-19,marque_generique_traditionnelles,44,1.0046913178042025,44.20641798338491,0.14966403471451398
BNPPF,2023-02-26,marque_generique_traditionnelles,49,1.0046913178042025,49.229874572405926,0.15809126062451498
BNPPF,2023-03-05,marque_generique_traditionnelles,43,1.0046913178042025,43.20172666558071,0.14676141147109323
BNPPF,2023-03-12,marque_generique_traditionnelles,40,1.0046913178042025,40.1876527121681,0.13161185419364432
BNPPF,2023-03-19,marque_generique_traditionnelles,44,1.0046913178042025,44.20641798338491,0.13972486892854558
BNPPF,2023-03-26,marque_generique_traditionnelles,41,1.0046913178042025,41.192344029972304,0.13946082811491653
BNPPF,2023-04-02,marque_generique_traditionnelles,44,1.0046913178042025,44.20641798338491,0.14571319302124808
BNPPF,2023-04-09,marque_generique_traditionnelles,39,1.0046913178042025,39.1829613943639,0.13780325301812807
BNPPF,2023-04-16,marque_generique_traditionnelles,41,1.0046913178042025,41.192344029972304,0.14798650436011362
BNPPF,2023-04-23,marque_generique_traditionnelles,45,1.0046913178042025,45.21110930118911,0.15624016929501394
BNPPF,2023-04-30,marque_generique_traditionnelles,44,1.0046913178042025,44.20641798338491,0.16350486799101546
BNPPF,2023-05-07,marque_generique_traditionnelles,40,1.0046913178042025,40.1876527121681,0.1454244241225803
BNPPF,2023-05-14,marque_generique_traditionnelles,39,1.0046913178042025,39.1829613943639,0.15652779661622682
BNPPF,2023-05-21,marque_generique_traditionnelles,44,1.0046913178042025,44.20641798338491,0.14571022395282454
BNPPF,2023-05-28,marque_generique_traditionnelles,40,1.0046913178042025,40.1876527121681,0.1475620253772949
BNPPF,2023-06-04,marque_generique_traditionnelles,37,1.0046913178042025,37.17357875875549,0.1345278157617233
BNPPF,2023-06-11,marque_generique_traditionnelles,40,1.0046913178042025,40.1876527121681,0.14437989734839796
BNPPF,2023-06-18,marque_generique_traditionnelles,37,1.0046913178042025,37.17357875875549,0.13649957607486493
BNPPF,2023-06-25,marque_generique_traditionnelles,42,1.0046913178042025,42.197035347776506,0.13955201537831236
BNPPF,2023-07-02,marque_generique_traditionnelles,46,1.0046913178042025,46.21580061899331,0.13861953294079674
BNPPF,2023-07-09,marque_generique_traditionnelles,49,1.0046913178042025,49.229874572405926,0.1550969985475964
BNPPF,2023-07-16,marque_generique_traditionnelles,39,1.0046913178042025,39.1829613943639,0.14993270227415192
BNPPF,2023-07-23,marque_generique_traditionnelles,43,1.0046913178042025,43.20172666558071,0.15085928484659267
BNPPF,2023-07-30,marque_generique_traditionnelles,41,1.0046913178042025,41.192344029972304,0.13945896497110752
BNPPF,2023-08-06,marque_generique_traditionnelles,40,1.0046913178042025,40.1876527121681,0.13745800834355992
BNPPF,2023-08-13,marque_generique_traditionnelles,37,1.0046913178042025,37.17357875875549,0.14502146923053763
BNPPF,2023-08-20,marque_generique_traditionnelles,49,1.0046913178042025,49.229874572405926,0.13004372326374167
BNPPF,2023-08-27,marque_generique_traditionnelles,56,1.0046913178042025,56.26271379703534,0.1383884024665857
BNPPF,2023-09-03,marque_generique_traditionnelles,42,1.0046913178042025,42.197035347776506,0.14047865822070454
BNPPF,2023-09-10,marque_generique_traditionnelles,39,1.0046913178042025,39.1829613943639,0.14026834359571347
BNPPF,2023-09-17,marque_generique_traditionnelles,38,1.0046913178042025,38.1782700765597,0.1386573068915787
BNPPF,2023-09-24,marque_generique_traditionnelles,43,1.0046913178042025,43.20172666558071,0.1438293081881889
BNPPF,2023-10-01,marque_generique_traditionnelles,45,1.0046913178042025,45.21110930118911,0.14473370420538423
BNPPF,2023-10-08,marque_generique_traditionnelles,43,1.0046913178042025,43.20172666558071,0.15300019371732035
BNPPF,2023-10-15,marque_generique_traditionnelles,43,1.0046913178042025,43.20172666558071,0.14827652590095444
BNPPF,2023-10-22,marque_generique_traditionnelles,43,1.0046913178042025,43.20172666558071,0.15192701087423302
BNPPF,2023-10-29,marque_generique_traditionnelles,43,1.0046913178042025,43.20172666558071,0.16098811166725172
BNPPF,2023-11-05,marque_generique_traditionnelles,41,1.0046913178042025,41.192344029972304,0.14905670036288796
BNPPF,2023-11-12,marque_generique_traditionnelles,38,1.0046913178042025,38.1782700765597,0.14280742176022193
BNPPF,2023-11-19,marque_generique_traditionnelles,39,1.0046913178042025,39.1829613943639,0.14128437141203176
BNPPF,2023-11-26,marque_generique_traditionnelles,42,1.0046913178042025,42.197035347776506,0.1478726399338581
BNPPF,2023-12-03,marque_generique_traditionnelles,40,1.0046913178042025,40.1876527121681,0.13936737077064562
BNPPF,2023-12-10,marque_generique_traditionnelles,42,1.0046913178042025,42.197035347776506,0.1395495063386236
BNPPF,2023-12-17,marque_generique_traditionnelles,42,1.0046913178042025,42.197035347776506,0.1377219382412289
BNPPF,2023-12-24,marque_generique_traditionnelles,40,1.0046913178042025,40.1876527121681,0.14282332496511596
BNPPF,2023-12-31,marque_generique_traditionnelles,44,1.0046913178042025,44.20641798338491,0.14715735687886547
BNPPF,2024-01-07,marque_generique_traditionnelles,41,1.0046913178042025,41.192344029972304,0.13444869325749564
BNPPF,2024-01-14,marque_generique_traditionnelles,46,1.0046913178042025,46.21580061899331,0.15333790016066204
BNPPF,2024-01-21,marque_generique_traditionnelles,81,1.0046913178042025,81.3799967421404,0.23966334235356954
BNPPF,2024-01-28,marque_generique_traditionnelles,51,1.0046913178042025,51.23925720801433,0.15991100383524642
BNPPF,2024-02-04,marque_generique_traditionnelles,49,1.0046913178042025,49.229874572405926,0.16664568432154722
BNPPF,2024-02-11,marque_generique_traditionnelles,47,1.0046913178042025,47.220491936797515,0.16259896265636603
BNPPF,2024-02-18,marque_generique_traditionnelles,48,1.0046913178042025,48.22518325460172,0.15738789706353662
BNPPF,2024-02-25,marque_generique_traditionnelles,56,1.0046913178042025,56.26271379703534,0.1772306765138634
BNPPF,2024-03-03,marque_generique_traditionnelles,49,1.0046913178042025,49.229874572405926,0.16441683519086797
BNPPF,2024-03-10,marque_generique_traditionnelles,44,1.0046913178042025,44.20641798338491,0.15599673867883065
BNPPF,2024-03-17,marque_generique_traditionnelles,46,1.0046913178042025,46.21580061899331,0.16193571950846436
BNPPF,2024-03-24,marque_generique_traditionnelles,46,1.0046913178042025,46.21580061899331,0.13457529888649145
BNPPF,2024-03-31,marque_generique_traditionnelles,47,1.0046913178042025,47.220491936797515,0.15824436240896775
BNPPF,2024-04-07,marque_generique_traditionnelles,46,1.0046913178042025,46.21580061899331,0.15914536875082907
BNPPF,2024-04-14,marque_generique_traditionnelles,43,1.0046913178042025,43.20172666558071,0.15139120697656833
BNPPF,2024-04-21,marque_generique_traditionnelles,45,1.0046913178042025,45.21110930118911,0.1624090932317274
BNPPF,2024-04-28,marque_generique_traditionnelles,42,1.0046913178042025,42.197035347776506,0.15841464589618284
BNPPF,2024-05-05,marque_generique_traditionnelles,39,1.0046913178042025,39.1829613943639,0.15225622508368228
BNPPF,2024-05-12,marque_generique_traditionnelles,47,1.0046913178042025,47.220491936797515,0.15770931578354971
BNPPF,2024-05-19,marque_generique_traditionnelles,41,1.0046913178042025,41.192344029972304,0.1546428686129404
BNPPF,2024-05-26,marque_generique_traditionnelles,42,1.0046913178042025,42.197035347776506,0.14481106282613174
BNPPF,2024-06-02,marque_generique_traditionnelles,40,1.0046913178042025,40.1876527121681,0.14081987805362498
BNPPF,2024-06-09,marque_generique_traditionnelles,38,1.0046913178042025,38.1782700765597,0.12876220184296122
BNPPF,2024-06-16,marque_generique_traditionnelles,38,1.0046913178042025,38.1782700765597,0.13517058167472287
BNPPF,2024-06-23,marque_generique_traditionnelles,44,1.0046913178042025,44.20641798338491,0.15271994292358582
BNPPF,2024-06-30,marque_generique_traditionnelles,46,1.0046913178042025,46.21580061899331,0.14557011756535043
BNPPF,2024-07-07,marque_generique_traditionnelles,43,1.0046913178042025,43.20172666558071,0.1409672843032583
BNPPF,2024-07-14,marque_generique_traditionnelles,45,1.0046913178042025,45.21110930118911,0.15148160330632401
BNPPF,2024-07-21,marque_generique_traditionnelles,50,1.0046913178042025,50.23456589021013,0.16499125943520565
BNPPF,2024-07-28,marque_generique_traditionnelles,43,1.0046913178042025,43.20172666558071,0.15135400029602392
BNPPF,2024-08-04,marque_generique_traditionnelles,45,1.0046913178042025,45.21110930118911,0.1530201987060093
BNPPF,2024-08-11,marque_generique_traditionnelles,39,1.0046913178042025,39.1829613943639,0.14875423811901084
BNPPF,2024-08-18,marque_generique_traditionnelles,45,1.0046913178042025,45.21110930118911,0.14898265620904405
BNPPF,2024-08-25,marque_generique_traditionnelles,46,1.0046913178042025,46.21580061899331,0.13573350326661435
BNPPF,2024-09-01,marque_generique_traditionnelles,55,1.0046913178042025,55.25802247923114,0.12209187021423751
BNPPF,2024-09-08,marque_generique_traditionnelles,47,1.0046913178042025,47.220491936797515,0.13433801926599823
BNPPF,2024-09-15,marque_generique_traditionnelles,44,1.0046913178042025,44.20641798338491,0.14520914135093313
BNPPF,2024-09-22,marque_generique_traditionnelles,45,1.0046913178042025,45.21110930118911,0.1451708898528305
BNPPF,2024-09-29,marque_generique_traditionnelles,43,1.0046913178042025,43.20172666558071,0.13609451346061785
BNPPF,2024-10-06,marque_generique_traditionnelles,47,1.0046913178042025,47.220491936797515,0.1592911591075046
BNPPF,2024-10-13,marque_generique_traditionnelles,41,1.0046913178042025,41.192344029972304,0.14382185384275026
BNPPF,2024-10-20,marque_generique_traditionnelles,42,1.0046913178042025,42.197035347776506,0.14732817052774091
BNPPF,2024-10-27,marque_generique_traditionnelles,41,1.0046913178042025,41.192344029972304,0.13144834560624702
BNPPF,2024-11-03,marque_generique_traditionnelles,45,1.0046913178042025,45.21110930118911,0.1520044768297686
BNPPF,2024-11-10,marque_generique_traditionnelles,41,1.0046913178042025,41.192344029972304,0.15177450041739754
BNPPF,2024-11-17,marque_generique_traditionnelles,44,1.0046913178042025,44.20641798338491,0.1570786364229044
BNPPF,2024-11-24,marque_generique_traditionnelles,44,1.0046913178042025,44.20641798338491,0.15117073349081306
BNPPF,2024-12-01,marque_generique_traditionnelles,40,1.0046913178042025,40.1876527121681,0.1383817407621003
BNPPF,2024-12-08,marque_generique_traditionnelles,40,1.0046913178042025,40.1876527121681,0.14079831188042694
BNPPF,2024-12-15,marque_generique_traditionnelles,44,1.0046913178042025,44.20641798338491,0.13794320093441917
BNPPF,2024-12-22,marque_generique_traditionnelles,41,1.0046913178042025,41.192344029972304,0.1523299571941006
BNPPF,2024-12-29,marque_generique_traditionnelles,44,1.0046913178042025,44.20641798338491,0.14101902804553024
BNPPF,2025-01-05,marque_generique_traditionnelles,43,1.0046913178042025,43.20172666558071,0.14051343240138933
BNPPF,2025-01-12,marque_generique_traditionnelles,47,1.0046913178042025,47.220491936797515,0.16035874957811128
BNPPF,2025-01-19,marque_generique_traditionnelles,44,1.0046913178042025,44.20641798338491,0.145677507882001
BNPPF,2025-01-26,marque_generique_traditionnelles,43,1.0046913178042025,43.20172666558071,0.14379383652833336
BNPPF,2025-02-02,marque_generique_traditionnelles,46,1.0046913178042025,46.21580061899331,0.1548467012010523
BNPPF,2025-02-09,marque_generique_traditionnelles,47,1.0046913178042025,47.220491936797515,0.15875601889720856
BNPPF,2025-02-16,marque_generique_traditionnelles,43,1.0046913178042025,43.20172666558071,0.14926750671472894
BNPPF,2025-02-23,marque_generique_traditionnelles,46,1.0046913178042025,46.21580061899331,0.15081217898952884
BNPPF,2025-03-02,marque_generique_traditionnelles,45,1.0046913178042025,45.21110930118911,0.14947679871465303
BNPPF,2025-03-09,marque_generique_traditionnelles,43,1.0046913178042025,43.20172666558071,0.14524148583263286
BNPPF,2025-03-16,marque_generique_traditionnelles,37,1.0046913178042025,37.17357875875549,0.13498349724839567
BNPPF,2025-03-23,marque_generique_traditionnelles,40,1.0046913178042025,40.1876527121681,0.1407932076550719
BNPPF,2025-03-30,marque_generique_traditionnelles,44,1.0046913178042025,44.20641798338491,0.1379436163354008
BNPPF,2025-04-06,marque_generique_traditionnelles,43,1.0046913178042025,43.20172666558071,0.14005755630460842
BNPPF,2025-04-13,marque_generique_traditionnelles,39,1.0046913178042025,39.1829613943639,0.1372869157693856
BNPPF,2025-04-20,marque_generique_traditionnelles,39,1.0046913178042025,39.1829613943639,0.1433155519041517
BNPPF,2025-04-27,marque_generique_traditionnelles,38,1.0046913178042025,38.1782700765597,0.14277815201728628
BNPPF,2025-05-04,marque_generique_traditionnelles,42,1.0046913178042025,42.197035347776506,0.14680663770454347
BNPPF,2025-05-11,marque_generique_traditionnelles,40,1.0046913178042025,40.1876527121681,0.14229750204441954
BNPPF,2025-05-18,marque_generique_traditionnelles,42,1.0046913178042025,42.197035347776506,0.14479485408699383
BNPPF,2025-05-25,marque_generique_traditionnelles,38,1.0046913178042025,38.1782700765597,0.1444041410649249
BNPPF,2025-06-01,marque_generique_traditionnelles,46,1.0046913178042025,46.21580061899331,0.15695015617631058
BNPPF,2025-06-08,marque_generique_traditionnelles,42,1.0046913178042025,42.197035347776506,0.1645733068857142
BNPPF,2025-06-15,marque_generique_traditionnelles,40,1.0046913178042025,40.1876527121681,0.14486861716229169
BNPPF,2025-06-22,marque_generique_traditionnelles,46,1.0046913178042025,46.21580061899331,0.15229065362311392
BNPPF,2025-06-29,marque_generique_traditionnelles,45,1.0046913178042025,45.21110930118911,0.14468886395436686
BNPPF,2025-07-06,marque_generique_traditionnelles,44,1.0046913178042025,44.20641798338491,0.14284647144621426
BNPPF,2025-07-13,marque_generique_traditionnelles,40,1.0046913178042025,40.1876527121681,0.13466402307254016
BNPPF,2025-07-20,marque_generique_traditionnelles,40,1.0046913178042025,40.1876527121681,0.1480755295471227
BNPPF,2025-07-27,marque_generique_traditionnelles,43,1.0046913178042025,43.20172666558071,0.1467306402564037
BNPPF,2025-08-03,marque_generique_traditionnelles,42,1.0046913178042025,42.197035347776506,0.14579842188670128
BNPPF,2025-08-10,marque_generique_traditionnelles,38,1.0046913178042025,38.1782700765597,0.14775439158533513
BNPPF,2025-08-17,marque_generique_traditionnelles,41,1.0046913178042025,41.192344029972304,0.14182415520920616
BNPPF,2025-08-24,marque_generique_traditionnelles,43,1.0046913178042025,43.20172666558071,0.13961289638349986
BNPPF,2025-08-31,marque_generique_traditionnelles,48,1.0046913178042025,48.22518325460172,0.15735909879063997
BNPPF,2025-09-07,marque_generique_traditionnelles,44,1.0046913178042025,44.20641798338491,0.1486156239660668
BNPPF,2025-09-14,marque_generique_traditionnelles,40,1.0046913178042025,40.1876527121681,0.14129799726033979
BNPPF,2025-09-21,marque_generique_traditionnelles,42,1.0046913178042025,42.197035347776506,0.14681268432616923
BNPPF,2025-09-28,marque_generique_traditionnelles,43,1.0046913178042025,43.20172666558071,0.13782717790838903
BNPPF,2025-10-05,marque_generique_traditionnelles,41,1.0046913178042025,41.192344029972304,0.13619553937906484
BNPPF,2025-10-12,marque_generique_traditionnelles,40,1.0046913178042025,40.1876527121681,0.14433815484701285
BNPPF,2025-10-19,marque_generique_traditionnelles,40,1.0046913178042025,40.1876527121681,0.1393390873701945
BNPPF,2025-10-26,marque_generique_traditionnelles,40,1.0046913178042025,40.1876527121681,0.14031400374902464
BNPPF,2025-11-02,marque_generique_traditionnelles,43,1.0046913178042025,43.20172666558071,0.14672607403540608
BNPPF,2025-11-09,marque_generique_traditionnelles,35,1.0046913178042025,35.164196123147086,0.13453451779698342
BNPPF,2025-11-16,marque_generique_traditionnelles,38,1.0046913178042025,38.1782700765597,0.141725567957912
BNPPF,2025-11-23,marque_generique_traditionnelles,38,1.0046913178042025,38.1782700765597,0.1401529226139257
BNPPF,2025-11-30,marque_generique_traditionnelles,43,1.0046913178042025,43.20172666558071,0.14925744506679706
BNPPF,2025-12-07,marque_generique_traditionnelles,43,1.0046913178042025,43.20172666558071,0.15242664335313716
BNPPF,2025-12-14,marque_generique_traditionnelles,44,1.0046913178042025,44.20641798338491,0.1501267283596944
BNPPF,2025-12-21,marque_generique_traditionnelles,35,1.0046913178042025,35.164196123147086,0.1387848177607968
BNPPF,2025-12-28,marque_generique_traditionnelles,39,1.0046913178042025,39.1829613943639,0.13922256635033206
BNPPF,2026-01-04,marque_generique_traditionnelles,47,1.0046913178042025,47.220491936797515,0.15768343204313645
BNPPF,2026-01-11,marque_generique_traditionnelles,39,1.0046913178042025,39.1829613943639,0.1339882834534566
BNPPF,2026-01-18,marque_generique_traditionnelles,40,1.0046913178042025,40.1876527121681,0.13981667738138584
BNPPF,2026-01-25,marque_generique_traditionnelles,39,1.0046913178042025,39.1829613943639,0.13538574617798707
BNPPF,2026-02-01,marque_generique_traditionnelles,47,1.0046913178042025,47.220491936797515,0.1566420748454317
BNPPF,2026-02-08,marque_generique_traditionnelles,37,1.0046913178042025,37.17357875875549,0.13902005730759165
BNPPF,2026-02-15,marque_generique_traditionnelles,34,1.0046913178042025,34.159504805342884,0.1358951455398442
BNPPF,2026-02-22,marque_generique_traditionnelles,42,1.0046913178042025,42.197035347776506,0.15321021691497066
BNPPF,2026-03-01,marque_generique_traditionnelles,41,1.0046913178042025,41.192344029972304,0.1463678398833899
BNPPF,2026-03-08,marque_generique_traditionnelles,37,1.0046913178042025,37.17357875875549,0.13497430012035783
BNPPF,2026-03-15,marque_generique_traditionnelles,34,1.0046913178042025,34.159504805342884,0.12680743793709723
BNPPF,2026-03-22,marque_generique_traditionnelles,36,1.0046913178042025,36.16888744095129,0.12898502341908455
BNPPF,2026-03-29,marque_generique_traditionnelles,39,1.0046913178042025,39.1829613943639,0.13680345191708543
BNPPF,2026-04-05,marque_generique_traditionnelles,31,1.0046913178042025,31.14543085193028,0.12292741808182409
BNPPF,2026-04-12,marque_generique_traditionnelles,32,1.0046913178042025,32.15012216973448,0.12739089826356825
BNPPF,2026-04-19,marque_generique_traditionnelles,33,1.0046913178042025,33.15481348753868,0.12983171746896732
BNPPF,2026-04-26,marque_generique_traditionnelles,31,1.0046913178042025,31.14543085193028,0.12694153799996752
BNPPF,2026-05-03,marque_generique_traditionnelles,42,1.0046913178042025,42.197035347776506,0.1499410807640356
BNPPF,2026-05-10,marque_generique_traditionnelles,31,1.0046913178042025,31.14543085193028,0.12490049997981507
BNPPF,2026-05-17,marque_generique_traditionnelles,35,1.0046913178042025,35.164196123147086,0.12815243497001166
BNPPF,2026-05-24,marque_generique_traditionnelles,34,1.0046913178042025,34.159504805342884,0.13699186008377998
BNPPF,2026-05-31,marque_generique_traditionnelles,36,1.0046913178042025,36.16888744095129,0.13132776753087297
BNPPF,2026-06-07,marque_generique_traditionnelles,32,1.0046913178042025,32.15012216973448,0.12114911426948745
BNPPF,2026-06-14,marque_generique_traditionnelles,31,1.0046913178042025,31.14543085193028,0.12850792903246916
BNPPF,2026-06-21,marque_generique_traditionnelles,34,1.0046913178042025,34.159504805342884,0.13865133021525555
BNPPF,2026-06-28,marque_generique_traditionnelles,34,1.0046913178042025,34.159504805342884,0.1240459000856486
BNPPF,2026-07-05,marque_generique_traditionnelles,33,1.0046913178042025,33.15481348753868,0.1298328541636837
BNPPF,2026-07-12,marque_generique_traditionnelles,33,1.0046913178042025,33.15481348753868,0.13512696808544564
BNPPF,2026-07-19,marque_generique_traditionnelles,30,1.0046913178042025,30.140739534126077,0.13142964246874175
BNPPF,2026-07-26,marque_generique_traditionnelles,30,1.0046913178042025,30.140739534126077,0.12807144163907938
BNPPF,2026-08-02,marque_generique_traditionnelles,30,1.0046913178042025,30.140739534126077,0.12285481640194502
BNPPF,2026-08-09,marque_generique_traditionnelles,27,1.0046913178042025,27.126665580713468,0.11288961560340297
BNPPF,2026-08-16,marque_generique_traditionnelles,30,1.0046913178042025,30.140739534126077,0.13085593891738015
BNPPF,2026-08-23,marque_generique_traditionnelles,31,1.0046913178042025,31.14543085193028,0.12540452597842572
BNPPF,2026-08-30,marque_generique_traditionnelles,36,1.0046913178042025,36.16888744095129,0.1322953518088002
BNPPF,2026-09-06,marque_generique_traditionnelles,30,1.0046913178042025,30.140739534126077,0.1233560108777549
BNPPF,2026-09-13,marque_generique_traditionnelles,27,1.0046913178042025,27.126665580713468,0.1177670719689315
BUNQ,2021-09-12,marque_generique_neobanques,0,1.0046913178042025,0.0,0.0
BUNQ,2021-09-19,marque_generique_neobanques,0,1.0046913178042025,0.0,0.0
BUNQ,2021-09-26,marque_generique_neobanques,0,1.0046913178042025,0.0,0.0
BUNQ,2021-10-03,marque_generique_neobanques,0,1.0046913178042025,0.0,0.0
BUNQ,2021-10-10,marque_generique_neobanques,0,1.0046913178042025,0.0,0.0
BUNQ,2021-10-17,marque_generique_neobanques,0,1.0046913178042025,0.0,0.0
BUNQ,2021-10-24,marque_generique_neobanques,0,1.0046913178042025,0.0,0.0
BUNQ,2021-10-31,marque_generique_neobanques,0,1.0046913178042025,0.0,0.0
BUNQ,2021-11-07,marque_generique_neobanques,0,1.0046913178042025,0.0,0.0
BUNQ,2021-11-14,marque_generique_neobanques,0,1.0046913178042025,0.0,0.0
BUNQ,2021-11-21,marque_generique_neobanques,0,1.0046913178042025,0.0,0.0
BUNQ,2021-11-28,marque_generique_neobanques,0,1.0046913178042025,0.0,0.0
BUNQ,2021-12-05,marque_generique_neobanques,0,1.0046913178042025,0.0,0.0
BUNQ,2021-12-12,marque_generique_neobanques,0,1.0046913178042025,0.0,0.0
BUNQ,2021-12-19,marque_generique_neobanques,0,1.0046913178042025,0.0,0.0
BUNQ,2021-12-26,marque_generique_neobanques,0,1.0046913178042025,0.0,0.0
BUNQ,2022-01-02,marque_generique_neobanques,0,1.0046913178042025,0.0,0.0
BUNQ,2022-01-09,marque_generique_neobanques,0,1.0046913178042025,0.0,0.0
BUNQ,2022-01-16,marque_generique_neobanques,0,1.0046913178042025,0.0,0.0
BUNQ,2022-01-23,marque_generique_neobanques,0,1.0046913178042025,0.0,0.0
BUNQ,2022-01-30,marque_generique_neobanques,0,1.0046913178042025,0.0,0.0
BUNQ,2022-02-06,marque_generique_neobanques,0,1.0046913178042025,0.0,0.0
BUNQ,2022-02-13,marque_generique_neobanques,0,1.0046913178042025,0.0,0.0
BUNQ,2022-02-20,marque_generique_neobanques,0,1.0046913178042025,0.0,0.0
BUNQ,2022-02-27,marque_generique_neobanques,1,1.0046913178042025,1.0046913178042025,0.00275668831220597
BUNQ,2022-03-06,marque_generique_neobanques,0,1.0046913178042025,0.0,0.0
BUNQ,2022-03-13,marque_generique_neobanques,0,1.0046913178042025,0.0,0.0
BUNQ,2022-03-20,marque_generique_neobanques,0,1.0046913178042025,0.0,0.0
BUNQ,2022-03-27,marque_generique_neobanques,0,1.0046913178042025,0.0,0.0
BUNQ,2022-04-03,marque_generique_neobanques,0,1.0046913178042025,0.0,0.0
BUNQ,2022-04-10,marque_generique_neobanques,0,1.0046913178042025,0.0,0.0
BUNQ,2022-04-17,marque_generique_neobanques,0,1.0046913178042025,0.0,0.0
BUNQ,2022-04-24,marque_generique_neobanques,0,1.0046913178042025,0.0,0.0
BUNQ,2022-05-01,marque_generique_neobanques,0,1.0046913178042025,0.0,0.0
BUNQ,2022-05-08,marque_generique_neobanques,0,1.0046913178042025,0.0,0.0
BUNQ,2022-05-15,marque_generique_neobanques,0,1.0046913178042025,0.0,0.0
BUNQ,2022-05-22,marque_generique_neobanques,0,1.0046913178042025,0.0,0.0
BUNQ,2022-05-29,marque_generique_neobanques,0,1.0046913178042025,0.0,0.0
BUNQ,2022-06-05,marque_generique_neobanques,0,1.0046913178042025,0.0,0.0
BUNQ,2022-06-12,marque_generique_neobanques,0,1.0046913178042025,0.0,0.0
BUNQ,2022-06-19,marque_generique_neobanques,0,1.0046913178042025,0.0,0.0
BUNQ,2022-06-26,marque_generique_neobanques,0,1.0046913178042025,0.0,0.0
BUNQ,2022-07-03,marque_generique_neobanques,0,1.0046913178042025,0.0,0.0
BUNQ,2022-07-10,marque_generique_neobanques,0,1.0046913178042025,0.0,0.0
BUNQ,2022-07-17,marque_generique_neobanques,0,1.0046913178042025,0.0,0.0
BUNQ,2022-07-24,marque_generique_neobanques,0,1.0046913178042025,0.0,0.0
BUNQ,2022-07-31,marque_generique_neobanques,0,1.0046913178042025,0.0,0.0
BUNQ,2022-08-07,marque_generique_neobanques,0,1.0046913178042025,0.0,0.0
BUNQ,2022-08-14,marque_generique_neobanques,0,1.0046913178042025,0.0,0.0
BUNQ,2022-08-21,marque_generique_neobanques,0,1.0046913178042025,0.0,0.0
BUNQ,2022-08-28,marque_generique_neobanques,0,1.0046913178042025,0.0,0.0
BUNQ,2022-09-04,marque_generique_neobanques,0,1.0046913178042025,0.0,0.0
BUNQ,2022-09-11,marque_generique_neobanques,0,1.0046913178042025,0.0,0.0
BUNQ,2022-09-18,marque_generique_neobanques,0,1.0046913178042025,0.0,0.0
BUNQ,2022-09-25,marque_generique_neobanques,0,1.0046913178042025,0.0,0.0
BUNQ,2022-10-02,marque_generique_neobanques,0,1.0046913178042025,0.0,0.0
BUNQ,2022-10-09,marque_generique_neobanques,0,1.0046913178042025,0.0,0.0
BUNQ,2022-10-16,marque_generique_neobanques,0,1.0046913178042025,0.0,0.0
BUNQ,2022-10-23,marque_generique_neobanques,0,1.0046913178042025,0.0,0.0
BUNQ,2022-10-30,marque_generique_neobanques,0,1.0046913178042025,0.0,0.0
BUNQ,2022-11-06,marque_generique_neobanques,0,1.0046913178042025,0.0,0.0
BUNQ,2022-11-13,marque_generique_neobanques,0,1.0046913178042025,0.0,0.0
BUNQ,2022-11-20,marque_generique_neobanques,0,1.0046913178042025,0.0,0.0
BUNQ,2022-11-27,marque_generique_neobanques,0,1.0046913178042025,0.0,0.0
BUNQ,2022-12-04,marque_generique_neobanques,0,1.0046913178042025,0.0,0.0
BUNQ,2022-12-11,marque_generique_neobanques,0,1.0046913178042025,0.0,0.0
BUNQ,2022-12-18,marque_generique_neobanques,0,1.0046913178042025,0.0,0.0
BUNQ,2022-12-25,marque_generique_neobanques,0,1.0046913178042025,0.0,0.0
BUNQ,2023-01-01,marque_generique_neobanques,0,1.0046913178042025,0.0,0.0
BUNQ,2023-01-08,marque_generique_neobanques,0,1.0046913178042025,0.0,0.0
BUNQ,2023-01-15,marque_generique_neobanques,0,1.0046913178042025,0.0,0.0
BUNQ,2023-01-22,marque_generique_neobanques,0,1.0046913178042025,0.0,0.0
BUNQ,2023-01-29,marque_generique_neobanques,0,1.0046913178042025,0.0,0.0
BUNQ,2023-02-05,marque_generique_neobanques,0,1.0046913178042025,0.0,0.0
BUNQ,2023-02-12,marque_generique_neobanques,0,1.0046913178042025,0.0,0.0
BUNQ,2023-02-19,marque_generique_neobanques,0,1.0046913178042025,0.0,0.0
BUNQ,2023-02-26,marque_generique_neobanques,0,1.0046913178042025,0.0,0.0
BUNQ,2023-03-05,marque_generique_neobanques,0,1.0046913178042025,0.0,0.0
BUNQ,2023-03-12,marque_generique_neobanques,0,1.0046913178042025,0.0,0.0
BUNQ,2023-03-19,marque_generique_neobanques,0,1.0046913178042025,0.0,0.0
BUNQ,2023-03-26,marque_generique_neobanques,0,1.0046913178042025,0.0,0.0
BUNQ,2023-04-02,marque_generique_neobanques,1,1.0046913178042025,1.0046913178042025,0.0033116634777556383
BUNQ,2023-04-09,marque_generique_neobanques,0,1.0046913178042025,0.0,0.0
BUNQ,2023-04-16,marque_generique_neobanques,0,1.0046913178042025,0.0,0.0
BUNQ,2023-04-23,marque_generique_neobanques,0,1.0046913178042025,0.0,0.0
BUNQ,2023-04-30,marque_generique_neobanques,0,1.0046913178042025,0.0,0.0
BUNQ,2023-05-07,marque_generique_neobanques,0,1.0046913178042025,0.0,0.0
BUNQ,2023-05-14,marque_generique_neobanques,0,1.0046913178042025,0.0,0.0
BUNQ,2023-05-21,marque_generique_neobanques,0,1.0046913178042025,0.0,0.0
BUNQ,2023-05-28,marque_generique_neobanques,0,1.0046913178042025,0.0,0.0
BUNQ,2023-06-04,marque_generique_neobanques,0,1.0046913178042025,0.0,0.0
BUNQ,2023-06-11,marque_generique_neobanques,0,1.0046913178042025,0.0,0.0
BUNQ,2023-06-18,marque_generique_neobanques,0,1.0046913178042025,0.0,0.0
BUNQ,2023-06-25,marque_generique_neobanques,0,1.0046913178042025,0.0,0.0
BUNQ,2023-07-02,marque_generique_neobanques,0,1.0046913178042025,0.0,0.0
BUNQ,2023-07-09,marque_generique_neobanques,0,1.0046913178042025,0.0,0.0
BUNQ,2023-07-16,marque_generique_neobanques,0,1.0046913178042025,0.0,0.0
BUNQ,2023-07-23,marque_generique_neobanques,0,1.0046913178042025,0.0,0.0
BUNQ,2023-07-30,marque_generique_neobanques,0,1.0046913178042025,0.0,0.0
BUNQ,2023-08-06,marque_generique_neobanques,0,1.0046913178042025,0.0,0.0
BUNQ,2023-08-13,marque_generique_neobanques,0,1.0046913178042025,0.0,0.0
BUNQ,2023-08-20,marque_generique_neobanques,0,1.0046913178042025,0.0,0.0
BUNQ,2023-08-27,marque_generique_neobanques,0,1.0046913178042025,0.0,0.0
BUNQ,2023-09-03,marque_generique_neobanques,0,1.0046913178042025,0.0,0.0
BUNQ,2023-09-10,marque_generique_neobanques,0,1.0046913178042025,0.0,0.0
BUNQ,2023-09-17,marque_generique_neobanques,0,1.0046913178042025,0.0,0.0
BUNQ,2023-09-24,marque_generique_neobanques,0,1.0046913178042025,0.0,0.0
BUNQ,2023-10-01,marque_generique_neobanques,0,1.0046913178042025,0.0,0.0
BUNQ,2023-10-08,marque_generique_neobanques,0,1.0046913178042025,0.0,0.0
BUNQ,2023-10-15,marque_generique_neobanques,0,1.0046913178042025,0.0,0.0
BUNQ,2023-10-22,marque_generique_neobanques,0,1.0046913178042025,0.0,0.0
BUNQ,2023-10-29,marque_generique_neobanques,0,1.0046913178042025,0.0,0.0
BUNQ,2023-11-05,marque_generique_neobanques,0,1.0046913178042025,0.0,0.0
BUNQ,2023-11-12,marque_generique_neobanques,0,1.0046913178042025,0.0,0.0
BUNQ,2023-11-19,marque_generique_neobanques,0,1.0046913178042025,0.0,0.0
BUNQ,2023-11-26,marque_generique_neobanques,0,1.0046913178042025,0.0,0.0
BUNQ,2023-12-03,marque_generique_neobanques,0,1.0046913178042025,0.0,0.0
BUNQ,2023-12-10,marque_generique_neobanques,0,1.0046913178042025,0.0,0.0
BUNQ,2023-12-17,marque_generique_neobanques,0,1.0046913178042025,0.0,0.0
BUNQ,2023-12-24,marque_generique_neobanques,0,1.0046913178042025,0.0,0.0
BUNQ,2023-12-31,marque_generique_neobanques,0,1.0046913178042025,0.0,0.0
BUNQ,2024-01-07,marque_generique_neobanques,0,1.0046913178042025,0.0,0.0
BUNQ,2024-01-14,marque_generique_neobanques,0,1.0046913178042025,0.0,0.0
BUNQ,2024-01-21,marque_generique_neobanques,0,1.0046913178042025,0.0,0.0
BUNQ,2024-01-28,marque_generique_neobanques,0,1.0046913178042025,0.0,0.0
BUNQ,2024-02-04,marque_generique_neobanques,0,1.0046913178042025,0.0,0.0
BUNQ,2024-02-11,marque_generique_neobanques,0,1.0046913178042025,0.0,0.0
BUNQ,2024-02-18,marque_generique_neobanques,0,1.0046913178042025,0.0,0.0
BUNQ,2024-02-25,marque_generique_neobanques,0,1.0046913178042025,0.0,0.0
BUNQ,2024-03-03,marque_generique_neobanques,0,1.0046913178042025,0.0,0.0
BUNQ,2024-03-10,marque_generique_neobanques,0,1.0046913178042025,0.0,0.0
BUNQ,2024-03-17,marque_generique_neobanques,0,1.0046913178042025,0.0,0.0
BUNQ,2024-03-24,marque_generique_neobanques,0,1.0046913178042025,0.0,0.0
BUNQ,2024-03-31,marque_generique_neobanques,0,1.0046913178042025,0.0,0.0
BUNQ,2024-04-07,marque_generique_neobanques,0,1.0046913178042025,0.0,0.0
BUNQ,2024-04-14,marque_generique_neobanques,0,1.0046913178042025,0.0,0.0
BUNQ,2024-04-21,marque_generique_neobanques,0,1.0046913178042025,0.0,0.0
BUNQ,2024-04-28,marque_generique_neobanques,0,1.0046913178042025,0.0,0.0
BUNQ,2024-05-05,marque_generique_neobanques,0,1.0046913178042025,0.0,0.0
BUNQ,2024-05-12,marque_generique_neobanques,0,1.0046913178042025,0.0,0.0
BUNQ,2024-05-19,marque_generique_neobanques,0,1.0046913178042025,0.0,0.0
BUNQ,2024-05-26,marque_generique_neobanques,0,1.0046913178042025,0.0,0.0
BUNQ,2024-06-02,marque_generique_neobanques,0,1.0046913178042025,0.0,0.0
BUNQ,2024-06-09,marque_generique_neobanques,0,1.0046913178042025,0.0,0.0
BUNQ,2024-06-16,marque_generique_neobanques,0,1.0046913178042025,0.0,0.0
BUNQ,2024-06-23,marque_generique_neobanques,0,1.0046913178042025,0.0,0.0
BUNQ,2024-06-30,marque_generique_neobanques,0,1.0046913178042025,0.0,0.0
BUNQ,2024-07-07,marque_generique_neobanques,0,1.0046913178042025,0.0,0.0
BUNQ,2024-07-14,marque_generique_neobanques,0,1.0046913178042025,0.0,0.0
BUNQ,2024-07-21,marque_generique_neobanques,0,1.0046913178042025,0.0,0.0
BUNQ,2024-07-28,marque_generique_neobanques,0,1.0046913178042025,0.0,0.0
BUNQ,2024-08-04,marque_generique_neobanques,0,1.0046913178042025,0.0,0.0
BUNQ,2024-08-11,marque_generique_neobanques,0,1.0046913178042025,0.0,0.0
BUNQ,2024-08-18,marque_generique_neobanques,0,1.0046913178042025,0.0,0.0
BUNQ,2024-08-25,marque_generique_neobanques,0,1.0046913178042025,0.0,0.0
BUNQ,2024-09-01,marque_generique_neobanques,0,1.0046913178042025,0.0,0.0
BUNQ,2024-09-08,marque_generique_neobanques,0,1.0046913178042025,0.0,0.0
BUNQ,2024-09-15,marque_generique_neobanques,0,1.0046913178042025,0.0,0.0
BUNQ,2024-09-22,marque_generique_neobanques,0,1.0046913178042025,0.0,0.0
BUNQ,2024-09-29,marque_generique_neobanques,0,1.0046913178042025,0.0,0.0
BUNQ,2024-10-06,marque_generique_neobanques,0,1.0046913178042025,0.0,0.0
BUNQ,2024-10-13,marque_generique_neobanques,0,1.0046913178042025,0.0,0.0
BUNQ,2024-10-20,marque_generique_neobanques,0,1.0046913178042025,0.0,0.0
BUNQ,2024-10-27,marque_generique_neobanques,0,1.0046913178042025,0.0,0.0
BUNQ,2024-11-03,marque_generique_neobanques,0,1.0046913178042025,0.0,0.0
BUNQ,2024-11-10,marque_generique_neobanques,0,1.0046913178042025,0.0,0.0
BUNQ,2024-11-17,marque_generique_neobanques,0,1.0046913178042025,0.0,0.0
BUNQ,2024-11-24,marque_generique_neobanques,0,1.0046913178042025,0.0,0.0
BUNQ,2024-12-01,marque_generique_neobanques,0,1.0046913178042025,0.0,0.0
BUNQ,2024-12-08,marque_generique_neobanques,0,1.0046913178042025,0.0,0.0
BUNQ,2024-12-15,marque_generique_neobanques,1,1.0046913178042025,1.0046913178042025,0.003135072748509527
BUNQ,2024-12-22,marque_generique_neobanques,0,1.0046913178042025,0.0,0.0
BUNQ,2024-12-29,marque_generique_neobanques,0,1.0046913178042025,0.0,0.0
BUNQ,2025-01-05,marque_generique_neobanques,0,1.0046913178042025,0.0,0.0
BUNQ,2025-01-12,marque_generique_neobanques,0,1.0046913178042025,0.0,0.0
BUNQ,2025-01-19,marque_generique_neobanques,0,1.0046913178042025,0.0,0.0
BUNQ,2025-01-26,marque_generique_neobanques,0,1.0046913178042025,0.0,0.0
BUNQ,2025-02-02,marque_generique_neobanques,0,1.0046913178042025,0.0,0.0
BUNQ,2025-02-09,marque_generique_neobanques,0,1.0046913178042025,0.0,0.0
BUNQ,2025-02-16,marque_generique_neobanques,0,1.0046913178042025,0.0,0.0
BUNQ,2025-02-23,marque_generique_neobanques,0,1.0046913178042025,0.0,0.0
BUNQ,2025-03-02,marque_generique_neobanques,0,1.0046913178042025,0.0,0.0
BUNQ,2025-03-09,marque_generique_neobanques,0,1.0046913178042025,0.0,0.0
BUNQ,2025-03-16,marque_generique_neobanques,1,1.0046913178042025,1.0046913178042025,0.0036482026283350183
BUNQ,2025-03-23,marque_generique_neobanques,0,1.0046913178042025,0.0,0.0
BUNQ,2025-03-30,marque_generique_neobanques,0,1.0046913178042025,0.0,0.0
BUNQ,2025-04-06,marque_generique_neobanques,0,1.0046913178042025,0.0,0.0
BUNQ,2025-04-13,marque_generique_neobanques,0,1.0046913178042025,0.0,0.0
BUNQ,2025-04-20,marque_generique_neobanques,0,1.0046913178042025,0.0,0.0
BUNQ,2025-04-27,marque_generique_neobanques,0,1.0046913178042025,0.0,0.0
BUNQ,2025-05-04,marque_generique_neobanques,0,1.0046913178042025,0.0,0.0
BUNQ,2025-05-11,marque_generique_neobanques,0,1.0046913178042025,0.0,0.0
BUNQ,2025-05-18,marque_generique_neobanques,0,1.0046913178042025,0.0,0.0
BUNQ,2025-05-25,marque_generique_neobanques,1,1.0046913178042025,1.0046913178042025,0.0038001089753927604
BUNQ,2025-06-01,marque_generique_neobanques,0,1.0046913178042025,0.0,0.0
BUNQ,2025-06-08,marque_generique_neobanques,0,1.0046913178042025,0.0,0.0
BUNQ,2025-06-15,marque_generique_neobanques,0,1.0046913178042025,0.0,0.0
BUNQ,2025-06-22,marque_generique_neobanques,0,1.0046913178042025,0.0,0.0
BUNQ,2025-06-29,marque_generique_neobanques,0,1.0046913178042025,0.0,0.0
BUNQ,2025-07-06,marque_generique_neobanques,0,1.0046913178042025,0.0,0.0
BUNQ,2025-07-13,marque_generique_neobanques,0,1.0046913178042025,0.0,0.0
BUNQ,2025-07-20,marque_generique_neobanques,0,1.0046913178042025,0.0,0.0
BUNQ,2025-07-27,marque_generique_neobanques,0,1.0046913178042025,0.0,0.0
BUNQ,2025-08-03,marque_generique_neobanques,0,1.0046913178042025,0.0,0.0
BUNQ,2025-08-10,marque_generique_neobanques,0,1.0046913178042025,0.0,0.0
BUNQ,2025-08-17,marque_generique_neobanques,0,1.0046913178042025,0.0,0.0
BUNQ,2025-08-24,marque_generique_neobanques,0,1.0046913178042025,0.0,0.0
BUNQ,2025-08-31,marque_generique_neobanques,0,1.0046913178042025,0.0,0.0
BUNQ,2025-09-07,marque_generique_neobanques,0,1.0046913178042025,0.0,0.0
BUNQ,2025-09-14,marque_generique_neobanques,1,1.0046913178042025,1.0046913178042025,0.0035324499315084945
BUNQ,2025-09-21,marque_generique_neobanques,0,1.0046913178042025,0.0,0.0
BUNQ,2025-09-28,marque_generique_neobanques,0,1.0046913178042025,0.0,0.0
BUNQ,2025-10-05,marque_generique_neobanques,0,1.0046913178042025,0.0,0.0
BUNQ,2025-10-12,marque_generique_neobanques,0,1.0046913178042025,0.0,0.0
BUNQ,2025-10-19,marque_generique_neobanques,0,1.0046913178042025,0.0,0.0
BUNQ,2025-10-26,marque_generique_neobanques,0,1.0046913178042025,0.0,0.0
BUNQ,2025-11-02,marque_generique_neobanques,0,1.0046913178042025,0.0,0.0
BUNQ,2025-11-09,marque_generique_neobanques,0,1.0046913178042025,0.0,0.0
BUNQ,2025-11-16,marque_generique_neobanques,0,1.0046913178042025,0.0,0.0
BUNQ,2025-11-23,marque_generique_neobanques,1,1.0046913178042025,1.0046913178042025,0.0036882348056296236
BUNQ,2025-11-30,marque_generique_neobanques,0,1.0046913178042025,0.0,0.0
BUNQ,2025-12-07,marque_generique_neobanques,0,1.0046913178042025,0.0,0.0
BUNQ,2025-12-14,marque_generique_neobanques,0,1.0046913178042025,0.0,0.0
BUNQ,2025-12-21,marque_generique_neobanques,0,1.0046913178042025,0.0,0.0
BUNQ,2025-12-28,marque_generique_neobanques,0,1.0046913178042025,0.0,0.0
BUNQ,2026-01-04,marque_generique_neobanques,0,1.0046913178042025,0.0,0.0
BUNQ,2026-01-11,marque_generique_neobanques,0,1.0046913178042025,0.0,0.0
BUNQ,2026-01-18,marque_generique_neobanques,0,1.0046913178042025,0.0,0.0
BUNQ,2026-01-25,marque_generique_neobanques,0,1.0046913178042025,0.0,0.0
BUNQ,2026-02-01,marque_generique_neobanques,0,1.0046913178042025,0.0,0.0
BUNQ,2026-02-08,marque_generique_neobanques,0,1.0046913178042025,0.0,0.0
BUNQ,2026-02-15,marque_generique_neobanques,1,1.0046913178042025,1.0046913178042025,0.003996916045289535
BUNQ,2026-02-22,marque_generique_neobanques,0,1.0046913178042025,0.0,0.0
BUNQ,2026-03-01,marque_generique_neobanques,0,1.0046913178042025,0.0,0.0
BUNQ,2026-03-08,marque_generique_neobanques,0,1.0046913178042025,0.0,0.0
BUNQ,2026-03-15,marque_generique_neobanques,0,1.0046913178042025,0.0,0.0
BUNQ,2026-03-22,marque_generique_neobanques,0,1.0046913178042025,0.0,0.0
BUNQ,2026-03-29,marque_generique_neobanques,0,1.0046913178042025,0.0,0.0
BUNQ,2026-04-05,marque_generique_neobanques,0,1.0046913178042025,0.0,0.0
BUNQ,2026-04-12,marque_generique_neobanques,0,1.0046913178042025,0.0,0.0
BUNQ,2026-04-19,marque_generique_neobanques,0,1.0046913178042025,0.0,0.0
BUNQ,2026-04-26,marque_generique_neobanques,0,1.0046913178042025,0.0,0.0
BUNQ,2026-05-03,marque_generique_neobanques,0,1.0046913178042025,0.0,0.0
BUNQ,2026-05-10,marque_generique_neobanques,0,1.0046913178042025,0.0,0.0
BUNQ,2026-05-17,marque_generique_neobanques,0,1.0046913178042025,0.0,0.0
BUNQ,2026-05-24,marque_generique_neobanques,0,1.0046913178042025,0.0,0.0
BUNQ,2026-05-31,marque_generique_neobanques,0,1.0046913178042025,0.0,0.0
BUNQ,2026-06-07,marque_generique_neobanques,0,1.0046913178042025,0.0,0.0
BUNQ,2026-06-14,marque_generique_neobanques,0,1.0046913178042025,0.0,0.0
BUNQ,2026-06-21,marque_generique_neobanques,0,1.0046913178042025,0.0,0.0
BUNQ,2026-06-28,marque_generique_neobanques,0,1.0046913178042025,0.0,0.0
BUNQ,2026-07-05,marque_generique_neobanques,0,1.0046913178042025,0.0,0.0
BUNQ,2026-07-12,marque_generique_neobanques,0,1.0046913178042025,0.0,0.0
BUNQ,2026-07-19,marque_generique_neobanques,0,1.0046913178042025,0.0,0.0
BUNQ,2026-07-26,marque_generique_neobanques,1,1.0046913178042025,1.0046913178042025,0.004269048054635979
BUNQ,2026-08-02,marque_generique_neobanques,0,1.0046913178042025,0.0,0.0
BUNQ,2026-08-09,marque_generique_neobanques,0,1.0046913178042025,0.0,0.0
BUNQ,2026-08-16,marque_generique_neobanques,0,1.0046913178042025,0.0,0.0
BUNQ,2026-08-23,marque_generique_neobanques,0,1.0046913178042025,0.0,0.0
BUNQ,2026-08-30,marque_generique_neobanques,0,1.0046913178042025,0.0,0.0
BUNQ,2026-09-06,marque_generique_neobanques,0,1.0046913178042025,0.0,0.0
BUNQ,2026-09-13,marque_generique_neobanques,0,1.0046913178042025,0.0,0.0
CBC,2021-09-12,marque_generique,7,1.0,7.0,0.029728480386452955
CBC,2021-09-19,marque_generique,6,1.0,6.0,0.01843931419064207
CBC,2021-09-26,marque_generique,6,1.0,6.0,0.01747187826520735
CBC,2021-10-03,marque_generique,6,1.0,6.0,0.017782949891826955
CBC,2021-10-10,marque_generique,6,1.0,6.0,0.01773141087488648
CBC,2021-10-17,marque_generique,8,1.0,8.0,0.024740085830155894
CBC,2021-10-24,marque_generique,7,1.0,7.0,0.021512794110678704
CBC,2021-10-31,marque_generique,8,1.0,8.0,0.025446101893410764
CBC,2021-11-07,marque_generique,7,1.0,7.0,0.02353918725199574
CBC,2021-11-14,marque_generique,7,1.0,7.0,0.022773669906013077
CBC,2021-11-21,marque_generique,7,1.0,7.0,0.022772428993120833
CBC,2021-11-28,marque_generique,8,1.0,8.0,0.025445981255379113
CBC,2021-12-05,marque_generique,7,1.0,7.0,0.020683036264153038
CBC,2021-12-12,marque_generique,8,1.0,8.0,0.022630415916340903
CBC,2021-12-19,marque_generique,8,1.0,8.0,0.0245831023651861
CBC,2021-12-26,marque_generique,8,1.0,8.0,0.024133511610478987
CBC,2022-01-02,marque_generique,8,1.0,8.0,0.021246845142120063
CBC,2022-01-09,marque_generique,9,1.0,9.0,0.025899548081384366
CBC,2022-01-16,marque_generique,9,1.0,9.0,0.027825816778473702
CBC,2022-01-23,marque_generique,8,1.0,8.0,0.02496675979844703
CBC,2022-01-30,marque_generique,9,1.0,9.0,0.023651024646853903
CBC,2022-02-06,marque_generique,8,1.0,8.0,0.023568651269255874
CBC,2022-02-13,marque_generique,7,1.0,7.0,0.02233501106883534
CBC,2022-02-20,marque_generique,8,1.0,8.0,0.023850826277011156
CBC,2022-02-27,marque_generique,8,1.0,8.0,0.0219505295873828
CBC,2022-03-06,marque_generique,8,1.0,8.0,0.023091715995264727
CBC,2022-03-13,marque_generique,7,1.0,7.0,0.021313391918344023
CBC,2022-03-20,marque_generique,8,1.0,8.0,0.023849984519491618
CBC,2022-03-27,marque_generique,8,1.0,8.0,0.022958639825799685
CBC,2022-04-03,marque_generique,8,1.0,8.0,0.023023833626704487
CBC,2022-04-10,marque_generique,7,1.0,7.0,0.023302882914752437
CBC,2022-04-17,marque_generique,7,1.0,7.0,0.02330184898793272
CBC,2022-04-24,marque_generique,7,1.0,7.0,0.02008520856571624
CBC,2022-05-01,marque_generique,8,1.0,8.0,0.023292504047272358
CBC,2022-05-08,marque_generique,7,1.0,7.0,0.020931337700052094
CBC,2022-05-15,marque_generique,7,1.0,7.0,0.022770944757294197
CBC,2022-05-22,marque_generique,7,1.0,7.0,0.02470158418993638
CBC,2022-05-29,marque_generique,7,1.0,7.0,0.020263353663461273
CBC,2022-06-05,marque_generique,7,1.0,7.0,0.022122140535128485
CBC,2022-06-12,marque_generique,8,1.0,8.0,0.024431614781113806
CBC,2022-06-19,marque_generique,7,1.0,7.0,0.02099165745251842
CBC,2022-06-26,marque_generique,8,1.0,8.0,0.021887701105542688
CBC,2022-07-03,marque_generique,8,1.0,8.0,0.021248601847230996
CBC,2022-07-10,marque_generique,8,1.0,8.0,0.02336046883539178
CBC,2022-07-17,marque_generique,7,1.0,7.0,0.02435764328966297
CBC,2022-07-24,marque_generique,7,1.0,7.0,0.022262243844046938
CBC,2022-07-31,marque_generique,8,1.0,8.0,0.023496454511832066
CBC,2022-08-07,marque_generique,7,1.0,7.0,0.022331106069309783
CBC,2022-08-14,marque_generique,4,1.0,4.0,0.013631823092055769
CBC,2022-08-21,marque_generique,5,1.0,5.0,0.01560260023785674
CBC,2022-08-28,marque_generique,7,1.0,7.0,0.02131089406326981
CBC,2022-09-04,marque_generique,6,1.0,6.0,0.018379397898386322
CBC,2022-09-11,marque_generique,6,1.0,6.0,0.017993781389600887
CBC,2022-09-18,marque_generique,6,1.0,6.0,0.0187228461951061
CBC,2022-09-25,marque_generique,6,1.0,6.0,0.01777957905463585
CBC,2022-10-02,marque_generique,6,1.0,6.0,0.018270080093334414
CBC,2022-10-09,marque_generique,6,1.0,6.0,0.020176764518315904
CBC,2022-10-16,marque_generique,6,1.0,6.0,0.01984296169311573
CBC,2022-10-23,marque_generique,6,1.0,6.0,0.01872508269349212
CBC,2022-10-30,marque_generique,5,1.0,5.0,0.017337896669963253
CBC,2022-11-06,marque_generique,5,1.0,5.0,0.017897818893620143
CBC,2022-11-13,marque_generique,5,1.0,5.0,0.015133111739853407
CBC,2022-11-20,marque_generique,5,1.0,5.0,0.017583488065778186
CBC,2022-11-27,marque_generique,5,1.0,5.0,0.016757659869337173
CBC,2022-12-04,marque_generique,5,1.0,5.0,0.01675582803765751
CBC,2022-12-11,marque_generique,6,1.0,6.0,0.019906697909120922
CBC,2022-12-18,marque_generique,6,1.0,6.0,0.018783603187920397
CBC,2022-12-25,marque_generique,6,1.0,6.0,0.020107761733149328
CBC,2023-01-01,marque_generique,6,1.0,6.0,0.01778043838270283
CBC,2023-01-08,marque_generique,6,1.0,6.0,0.019144959399961806
CBC,2023-01-15,marque_generique,6,1.0,6.0,0.019774204850726455
CBC,2023-01-22,marque_generique,6,1.0,6.0,0.019268303096536914
CBC,2023-01-29,marque_generique,6,1.0,6.0,0.017624040734383912
CBC,2023-02-05,marque_generique,6,1.0,6.0,0.01884297063236424
CBC,2023-02-12,marque_generique,6,1.0,6.0,0.020245164223254203
CBC,2023-02-19,marque_generique,7,1.0,7.0,0.02369900776388078
CBC,2023-02-26,marque_generique,6,1.0,6.0,0.019267722536079036
CBC,2023-03-05,marque_generique,6,1.0,6.0,0.020382714692006004
CBC,2023-03-12,marque_generique,6,1.0,6.0,0.01964959563121654
CBC,2023-03-19,marque_generique,6,1.0,6.0,0.018964423081878495
CBC,2023-03-26,marque_generique,6,1.0,6.0,0.020313604102758846
CBC,2023-04-02,marque_generique,6,1.0,6.0,0.019777199737289017
CBC,2023-04-09,marque_generique,5,1.0,5.0,0.017584588825635544
CBC,2023-04-16,marque_generique,6,1.0,6.0,0.02155543820265765
CBC,2023-04-23,marque_generique,6,1.0,6.0,0.020734749274232644
CBC,2023-04-30,marque_generique,5,1.0,5.0,0.01849334049780613
CBC,2023-05-07,marque_generique,5,1.0,5.0,0.01809317219447211
CBC,2023-05-14,marque_generique,4,1.0,4.0,0.015979169623329376
CBC,2023-05-21,marque_generique,6,1.0,6.0,0.019776796754840904
CBC,2023-05-28,marque_generique,5,1.0,5.0,0.018359124683663814
CBC,2023-06-04,marque_generique,5,1.0,5.0,0.018094547290531983
CBC,2023-06-11,marque_generique,5,1.0,5.0,0.017963216013445134
CBC,2023-06-18,marque_generique,6,1.0,6.0,0.022031708643502377
CBC,2023-06-25,marque_generique,6,1.0,6.0,0.01984291278685754
CBC,2023-07-02,marque_generique,6,1.0,6.0,0.017996381897644104
CBC,2023-07-09,marque_generique,6,1.0,6.0,0.01890279021363145
CBC,2023-07-16,marque_generique,5,1.0,5.0,0.019132385217789885
CBC,2023-07-23,marque_generique,5,1.0,5.0,0.01745986752038593
CBC,2023-07-30,marque_generique,5,1.0,5.0,0.01692777726725561
CBC,2023-08-06,marque_generique,6,1.0,6.0,0.020522424038257915
CBC,2023-08-13,marque_generique,5,1.0,5.0,0.019505987057592718
CBC,2023-08-20,marque_generique,7,1.0,7.0,0.018490927932536958
CBC,2023-08-27,marque_generique,7,1.0,7.0,0.01721777624806191
CBC,2023-09-03,marque_generique,6,1.0,6.0,0.019974672210440983
CBC,2023-09-10,marque_generique,6,1.0,6.0,0.021478980445192652
CBC,2023-09-17,marque_generique,6,1.0,6.0,0.021791030334301617
CBC,2023-09-24,marque_generique,6,1.0,6.0,0.019975494401168827
CBC,2023-10-01,marque_generique,7,1.0,7.0,0.022409004005815067
CBC,2023-10-08,marque_generique,6,1.0,6.0,0.02124917759445258
CBC,2023-10-15,marque_generique,6,1.0,6.0,0.02059313884124284
CBC,2023-10-22,marque_generique,5,1.0,5.0,0.017583441982571838
CBC,2023-10-29,marque_generique,5,1.0,5.0,0.01863213858481179
CBC,2023-11-05,marque_generique,6,1.0,6.0,0.021711320956306575
CBC,2023-11-12,marque_generique,5,1.0,5.0,0.018702709875781064
CBC,2023-11-19,marque_generique,6,1.0,6.0,0.021634562531920448
CBC,2023-11-26,marque_generique,5,1.0,5.0,0.01752168590934552
CBC,2023-12-03,marque_generique,5,1.0,5.0,0.01733957588526285
CBC,2023-12-10,marque_generique,6,1.0,6.0,0.019842556026293475
CBC,2023-12-17,marque_generique,6,1.0,6.0,0.01958269396503741
CBC,2023-12-24,marque_generique,6,1.0,6.0,0.02132346360033189
CBC,2023-12-31,marque_generique,5,1.0,5.0,0.016644343015325844
CBC,2024-01-07,marque_generique,6,1.0,6.0,0.01958354588799341
CBC,2024-01-14,marque_generique,6,1.0,6.0,0.019907204649525608
CBC,2024-01-21,marque_generique,6,1.0,6.0,0.017669944847476242
CBC,2024-01-28,marque_generique,6,1.0,6.0,0.01872521334796806
CBC,2024-02-04,marque_generique,6,1.0,6.0,0.020310311870868094
CBC,2024-02-11,marque_generique,6,1.0,6.0,0.020660389926559514
CBC,2024-02-18,marque_generique,6,1.0,6.0,0.019581623513916055
CBC,2024-02-25,marque_generique,6,1.0,6.0,0.018900333583610634
CBC,2024-03-03,marque_generique,6,1.0,6.0,0.020038665946513632
CBC,2024-03-10,marque_generique,6,1.0,6.0,0.02117295349342203
CBC,2024-03-17,marque_generique,5,1.0,5.0,0.01751951901076811
CBC,2024-03-24,marque_generique,6,1.0,6.0,0.0174713362638818
CBC,2024-03-31,marque_generique,6,1.0,6.0,0.020107079268141127
CBC,2024-04-07,marque_generique,6,1.0,6.0,0.020661163492049307
CBC,2024-04-14,marque_generique,6,1.0,6.0,0.021025716145347966
CBC,2024-04-21,marque_generique,6,1.0,6.0,0.021553431766044608
CBC,2024-04-28,marque_generique,5,1.0,5.0,0.01877082650363614
CBC,2024-05-05,marque_generique,5,1.0,5.0,0.01942888179778863
CBC,2024-05-12,marque_generique,6,1.0,6.0,0.02003909438232492
CBC,2024-05-19,marque_generique,5,1.0,5.0,0.01877082650363614
CBC,2024-05-26,marque_generique,6,1.0,6.0,0.020590697185141792
CBC,2024-06-02,marque_generique,5,1.0,5.0,0.017520291501248498
CBC,2024-06-09,marque_generique,5,1.0,5.0,0.01686328395508121
CBC,2024-06-16,marque_generique,5,1.0,5.0,0.017702554542631508
CBC,2024-06-23,marque_generique,6,1.0,6.0,0.020728204169039796
CBC,2024-06-30,marque_generique,6,1.0,6.0,0.018898746612498428
CBC,2024-07-07,marque_generique,6,1.0,6.0,0.019578006971036437
CBC,2024-07-14,marque_generique,6,1.0,6.0,0.020103236436493258
CBC,2024-07-21,marque_generique,6,1.0,6.0,0.019706501670081276
CBC,2024-07-28,marque_generique,6,1.0,6.0,0.02102054875736381
CBC,2024-08-04,marque_generique,5,1.0,5.0,0.016922853815266224
CBC,2024-08-11,marque_generique,4,1.0,4.0,0.015185604438811787
CBC,2024-08-18,marque_generique,6,1.0,6.0,0.01977159930536705
CBC,2024-08-25,marque_generique,6,1.0,6.0,0.017621700991694852
CBC,2024-09-01,marque_generique,9,1.0,9.0,0.01988538102935432
CBC,2024-09-08,marque_generique,7,1.0,7.0,0.019914365486082292
CBC,2024-09-15,marque_generique,7,1.0,7.0,0.022993584095381183
CBC,2024-09-22,marque_generique,5,1.0,5.0,0.01605478079355734
CBC,2024-09-29,marque_generique,6,1.0,6.0,0.018901260291854842
CBC,2024-10-06,marque_generique,6,1.0,6.0,0.020240088898782576
CBC,2024-10-13,marque_generique,6,1.0,6.0,0.020948822976148605
CBC,2024-10-20,marque_generique,5,1.0,5.0,0.017457170783859832
CBC,2024-10-27,marque_generique,6,1.0,6.0,0.0191465208453206
CBC,2024-11-03,marque_generique,6,1.0,6.0,0.020172627371357686
CBC,2024-11-10,marque_generique,5,1.0,5.0,0.01842265886920196
CBC,2024-11-17,marque_generique,5,1.0,5.0,0.017766496765463196
CBC,2024-11-24,marque_generique,5,1.0,5.0,0.017098278981530574
CBC,2024-12-01,marque_generique,6,1.0,6.0,0.020660336907938014
CBC,2024-12-08,marque_generique,6,1.0,6.0,0.021021129980721025
CBC,2024-12-15,marque_generique,6,1.0,6.0,0.01872260281114821
CBC,2024-12-22,marque_generique,5,1.0,5.0,0.018490081200922014
CBC,2024-12-29,marque_generique,6,1.0,6.0,0.01914007528479678
CBC,2025-01-05,marque_generique,6,1.0,6.0,0.019514974504017398
CBC,2025-01-12,marque_generique,5,1.0,5.0,0.016979783882042587
CBC,2025-01-19,marque_generique,6,1.0,6.0,0.01977235630402186
CBC,2025-01-26,marque_generique,6,1.0,6.0,0.01997056797864917
CBC,2025-02-02,marque_generique,7,1.0,7.0,0.023453600151674196
CBC,2025-02-09,marque_generique,6,1.0,6.0,0.02017209212174616
CBC,2025-02-16,marque_generique,6,1.0,6.0,0.020730769564400585
CBC,2025-02-23,marque_generique,6,1.0,6.0,0.019579301057597545
CBC,2025-03-02,marque_generique,6,1.0,6.0,0.019837177325448405
CBC,2025-03-09,marque_generique,6,1.0,6.0,0.02017162234605984
CBC,2025-03-16,marque_generique,6,1.0,6.0,0.02178700600085802
CBC,2025-03-23,marque_generique,6,1.0,6.0,0.021020367921977524
CBC,2025-03-30,marque_generique,7,1.0,7.0,0.021843102390940852
CBC,2025-04-06,marque_generique,6,1.0,6.0,0.019451660910052536
CBC,2025-04-13,marque_generique,6,1.0,6.0,0.021022441012710134
CBC,2025-04-20,marque_generique,6,1.0,6.0,0.021945592697049127
CBC,2025-04-27,marque_generique,5,1.0,5.0,0.018698876577038486
CBC,2025-05-04,marque_generique,5,1.0,5.0,0.017395373453917205
CBC,2025-05-11,marque_generique,6,1.0,6.0,0.021244958454814316
CBC,2025-05-18,marque_generique,6,1.0,6.0,0.02058839246316249
CBC,2025-05-25,marque_generique,5,1.0,5.0,0.018911823502655856
CBC,2025-06-01,marque_generique,6,1.0,6.0,0.020376168419569747
CBC,2025-06-08,marque_generique,5,1.0,5.0,0.019500576939747744
CBC,2025-06-15,marque_generique,6,1.0,6.0,0.021628824883085755
CBC,2025-06-22,marque_generique,6,1.0,6.0,0.019771245104497053
CBC,2025-06-29,marque_generique,6,1.0,6.0,0.019201766936149212
CBC,2025-07-06,marque_generique,6,1.0,6.0,0.019388108509479793
CBC,2025-07-13,marque_generique,6,1.0,6.0,0.02010528318790308
CBC,2025-07-20,marque_generique,5,1.0,5.0,0.018423012984568773
CBC,2025-07-27,marque_generique,6,1.0,6.0,0.02037844108300036
CBC,2025-08-03,marque_generique,6,1.0,6.0,0.0207310898528871
CBC,2025-08-10,marque_generique,5,1.0,5.0,0.0193505875579276
CBC,2025-08-17,marque_generique,6,1.0,6.0,0.02065784191926718
CBC,2025-08-24,marque_generique,6,1.0,6.0,0.019389905056002913
CBC,2025-08-31,marque_generique,6,1.0,6.0,0.01957804053867949
CBC,2025-09-07,marque_generique,6,1.0,6.0,0.02017113768710114
CBC,2025-09-14,marque_generique,6,1.0,6.0,0.021095732802163477
CBC,2025-09-21,marque_generique,6,1.0,6.0,0.020875307914337435
CBC,2025-09-28,marque_generique,7,1.0,7.0,0.022332214932681897
CBC,2025-10-05,marque_generique,6,1.0,6.0,0.0198379882358673
CBC,2025-10-12,marque_generique,6,1.0,6.0,0.0215496270778676
CBC,2025-10-19,marque_generique,6,1.0,6.0,0.020803268362275622
CBC,2025-10-26,marque_generique,6,1.0,6.0,0.020948822976148605
CBC,2025-11-02,marque_generique,6,1.0,6.0,0.020377806910986875
CBC,2025-11-09,marque_generique,6,1.0,6.0,0.022955369261251236
CBC,2025-11-16,marque_generique,5,1.0,5.0,0.01856102537827234
CBC,2025-11-23,marque_generique,6,1.0,6.0,0.022026077504225427
CBC,2025-11-30,marque_generique,6,1.0,6.0,0.020729372169151578
CBC,2025-12-07,marque_generique,6,1.0,6.0,0.02116952100545238
CBC,2025-12-14,marque_generique,7,1.0,7.0,0.02377227439945121
CBC,2025-12-21,marque_generique,5,1.0,5.0,0.019733824893190248
CBC,2025-12-28,marque_generique,5,1.0,5.0,0.01776570241196189
CBC,2026-01-04,marque_generique,6,1.0,6.0,0.020035805504210576
CBC,2026-01-11,marque_generique,7,1.0,7.0,0.02393688355339846
CBC,2026-01-18,marque_generique,7,1.0,7.0,0.02435366774664505
CBC,2026-01-25,marque_generique,7,1.0,7.0,0.024186538983299696
CBC,2026-02-01,marque_generique,6,1.0,6.0,0.019903487035470534
CBC,2026-02-08,marque_generique,5,1.0,5.0,0.018698772347126823
CBC,2026-02-15,marque_generique,6,1.0,6.0,0.023869516782676927
CBC,2026-02-22,marque_generique,6,1.0,6.0,0.021784973610433103
CBC,2026-03-01,marque_generique,6,1.0,6.0,0.02131966655408927
CBC,2026-03-08,marque_generique,6,1.0,6.0,0.02178552153877313
CBC,2026-03-15,marque_generique,6,1.0,6.0,0.022273292073706517
CBC,2026-03-22,marque_generique,6,1.0,6.0,0.021397123198162508
CBC,2026-03-29,marque_generique,6,1.0,6.0,0.020948409264966376
CBC,2026-04-05,marque_generique,5,1.0,5.0,0.019734422468939052
CBC,2026-04-12,marque_generique,6,1.0,6.0,0.023774260811392806
CBC,2026-04-19,marque_generique,6,1.0,6.0,0.023495541759165357
CBC,2026-04-26,marque_generique,5,1.0,5.0,0.020378838007325262
CBC,2026-05-03,marque_generique,5,1.0,5.0,0.01776677905547889
CBC,2026-05-10,marque_generique,5,1.0,5.0,0.0200511754956304
CBC,2026-05-17,marque_generique,5,1.0,5.0,0.018222005491212466
CBC,2026-05-24,marque_generique,4,1.0,4.0,0.01604143395689426
CBC,2026-05-31,marque_generique,6,1.0,6.0,0.021785757343840303
CBC,2026-06-07,marque_generique,7,1.0,7.0,0.02637762293434594
CBC,2026-06-14,marque_generique,6,1.0,6.0,0.0247563624295481
CBC,2026-06-21,marque_generique,6,1.0,6.0,0.024353631179144453
CBC,2026-06-28,marque_generique,7,1.0,7.0,0.02541961031190728
CBC,2026-07-05,marque_generique,7,1.0,7.0,0.027411705376879047
CBC,2026-07-12,marque_generique,7,1.0,7.0,0.028529455517933587
CBC,2026-07-19,marque_generique,6,1.0,6.0,0.02616318866096844
CBC,2026-07-26,marque_generique,7,1.0,7.0,0.029743798769718853
CBC,2026-08-02,marque_generique,7,1.0,7.0,0.028532269881431434
CBC,2026-08-09,marque_generique,6,1.0,6.0,0.02496944165898487
CBC,2026-08-16,marque_generique,6,1.0,6.0,0.02604898372235795
CBC,2026-08-23,marque_generique,7,1.0,7.0,0.028184926579513835
CBC,2026-08-30,marque_generique,7,1.0,7.0,0.02560397977884953
CBC,2026-09-06,marque_generique,6,1.0,6.0,0.024556002165392436
CBC,2026-09-13,marque_generique,6,1.0,6.0,0.026048259772700175
CRELAN,2021-09-12,marque_generique_traditionnelles,17,1.0046913178042025,17.079752402671442,0.0725364406154701
CRELAN,2021-09-19,marque_generique_traditionnelles,17,1.0046913178042025,17.079752402671442,0.05248982014187208
CRELAN,2021-09-26,marque_generique_traditionnelles,19,1.0046913178042025,19.08913503827985,0.055587173929488295
CRELAN,2021-10-03,marque_generique_traditionnelles,17,1.0046913178042025,17.079752402671442,0.05062139685691955
CRELAN,2021-10-10,marque_generique_traditionnelles,17,1.0046913178042025,17.079752402671442,0.050474684582182815
CRELAN,2021-10-17,marque_generique_traditionnelles,16,1.0046913178042025,16.07506108486724,0.04971229887057681
CRELAN,2021-10-24,marque_generique_traditionnelles,17,1.0046913178042025,17.079752402671442,0.05249045670000581
CRELAN,2021-10-31,marque_generique_traditionnelles,16,1.0046913178042025,16.07506108486724,0.05113095528854175
CRELAN,2021-11-07,marque_generique_traditionnelles,16,1.0046913178042025,16.07506108486724,0.054056267566279965
CRELAN,2021-11-14,marque_generique_traditionnelles,16,1.0046913178042025,16.07506108486724,0.05229830498082329
CRELAN,2021-11-21,marque_generique_traditionnelles,19,1.0046913178042025,19.08913503827985,0.06210085317133183
CRELAN,2021-11-28,marque_generique_traditionnelles,18,1.0046913178042025,18.084443720475644,0.05752205199064772
CRELAN,2021-12-05,marque_generique_traditionnelles,18,1.0046913178042025,18.084443720475644,0.05343445789823321
CRELAN,2021-12-12,marque_generique_traditionnelles,20,1.0046913178042025,20.09382635608405,0.056841455973614355
CRELAN,2021-12-19,marque_generique_traditionnelles,18,1.0046913178042025,18.084443720475644,0.05557146639973746
CRELAN,2021-12-26,marque_generique_traditionnelles,18,1.0046913178042025,18.084443720475644,0.0545551415621441
CRELAN,2022-01-02,marque_generique_traditionnelles,22,1.0046913178042025,22.103208991692455,0.058702932323800666
CRELAN,2022-01-09,marque_generique_traditionnelles,19,1.0046913178042025,19.08913503827985,0.05493333008399644
CRELAN,2022-01-16,marque_generique_traditionnelles,16,1.0046913178042025,16.07506108486724,0.049700189383365394
CRELAN,2022-01-23,marque_generique_traditionnelles,17,1.0046913178042025,17.079752402671442,0.05330325945680581
CRELAN,2022-01-30,marque_generique_traditionnelles,18,1.0046913178042025,18.084443720475644,0.04752395823973463
CRELAN,2022-02-06,marque_generique_traditionnelles,18,1.0046913178042025,18.084443720475644,0.05327824343079684
CRELAN,2022-02-13,marque_generique_traditionnelles,16,1.0046913178042025,16.07506108486724,0.051290952466102
CRELAN,2022-02-20,marque_generique_traditionnelles,16,1.0046913178042025,16.07506108486724,0.04792543616593888
CRELAN,2022-02-27,marque_generique_traditionnelles,18,1.0046913178042025,18.084443720475644,0.04962038961970746
CRELAN,2022-03-06,marque_generique_traditionnelles,16,1.0046913178042025,16.07506108486724,0.0464000931472858
CRELAN,2022-03-13,marque_generique_traditionnelles,16,1.0046913178042025,16.07506108486724,0.048944868144727996
CRELAN,2022-03-20,marque_generique_traditionnelles,16,1.0046913178042025,16.07506108486724,0.047923744752995726
CRELAN,2022-03-27,marque_generique_traditionnelles,17,1.0046913178042025,17.079752402671442,0.049015985465846304
CRELAN,2022-04-03,marque_generique_traditionnelles,17,1.0046913178042025,17.079752402671442,0.049155172213051684
CRELAN,2022-04-10,marque_generique_traditionnelles,15,1.0046913178042025,15.070369767063038,0.05016900888055642
CRELAN,2022-04-17,marque_generique_traditionnelles,16,1.0046913178042025,16.07506108486724,0.05351123512448148
CRELAN,2022-04-24,marque_generique_traditionnelles,16,1.0046913178042025,16.07506108486724,0.04612442208516961
CRELAN,2022-05-01,marque_generique_traditionnelles,17,1.0046913178042025,17.079752402671442,0.04972877524570429
CRELAN,2022-05-08,marque_generique_traditionnelles,16,1.0046913178042025,16.07506108486724,0.048067504588046
CRELAN,2022-05-15,marque_generique_traditionnelles,16,1.0046913178042025,16.07506108486724,0.052292046847663094
CRELAN,2022-05-22,marque_generique_traditionnelles,14,1.0046913178042025,14.065678449258835,0.04963493434327727
CRELAN,2022-05-29,marque_generique_traditionnelles,18,1.0046913178042025,18.084443720475644,0.05235021127356562
CRELAN,2022-06-05,marque_generique_traditionnelles,15,1.0046913178042025,15.070369767063038,0.04762697684333144
CRELAN,2022-06-12,marque_generique_traditionnelles,16,1.0046913178042025,16.07506108486724,0.04909246250104373
CRELAN,2022-06-19,marque_generique_traditionnelles,17,1.0046913178042025,17.079752402671442,0.051218901687243905
CRELAN,2022-06-26,marque_generique_traditionnelles,18,1.0046913178042025,18.084443720475644,0.04947836235172241
CRELAN,2022-07-03,marque_generique_traditionnelles,18,1.0046913178042025,18.084443720475644,0.04803364303063047
CRELAN,2022-07-10,marque_generique_traditionnelles,17,1.0046913178042025,17.079752402671442,0.049873877964851765
CRELAN,2022-07-17,marque_generique_traditionnelles,13,1.0046913178042025,13.060987131454633,0.045447837936978625
CRELAN,2022-07-24,marque_generique_traditionnelles,17,1.0046913178042025,17.079752402671442,0.0543190875406026
CRELAN,2022-07-31,marque_generique_traditionnelles,17,1.0046913178042025,17.079752402671442,0.050164203175340503
CRELAN,2022-08-07,marque_generique_traditionnelles,16,1.0046913178042025,16.07506108486724,0.051281984879543475
CRELAN,2022-08-14,marque_generique_traditionnelles,15,1.0046913178042025,15.070369767063038,0.051359153649117265
CRELAN,2022-08-21,marque_generique_traditionnelles,16,1.0046913178042025,16.07506108486724,0.05016255038126225
CRELAN,2022-08-28,marque_generique_traditionnelles,17,1.0046913178042025,17.079752402671442,0.05199782772574416
CRELAN,2022-09-04,marque_generique_traditionnelles,16,1.0046913178042025,16.07506108486724,0.04924165731994012
CRELAN,2022-09-11,marque_generique_traditionnelles,15,1.0046913178042025,15.070369767063038,0.04519548984149713
CRELAN,2022-09-18,marque_generique_traditionnelles,17,1.0046913178042025,17.079752402671442,0.05329692954761854
CRELAN,2022-09-25,marque_generique_traditionnelles,17,1.0046913178042025,17.079752402671442,0.050611801346150585
CRELAN,2022-10-02,marque_generique_traditionnelles,17,1.0046913178042025,17.079752402671442,0.05200807406185469
CRELAN,2022-10-09,marque_generique_traditionnelles,16,1.0046913178042025,16.07506108486724,0.05405712035448502
CRELAN,2022-10-16,marque_generique_traditionnelles,15,1.0046913178042025,15.070369767063038,0.049840128331486884
CRELAN,2022-10-23,marque_generique_traditionnelles,17,1.0046913178042025,17.079752402671442,0.05330329602073224
CRELAN,2022-10-30,marque_generique_traditionnelles,14,1.0046913178042025,14.065678449258835,0.048773855909235726
CRELAN,2022-11-06,marque_generique_traditionnelles,15,1.0046913178042025,15.070369767063038,0.05394534975015653
CRELAN,2022-11-13,marque_generique_traditionnelles,16,1.0046913178042025,16.07506108486724,0.048653139124453015
CRELAN,2022-11-20,marque_generique_traditionnelles,15,1.0046913178042025,15.070369767063038,0.052997933389203465
CRELAN,2022-11-27,marque_generique_traditionnelles,15,1.0046913178042025,15.070369767063038,0.0505088261323169
CRELAN,2022-12-04,marque_generique_traditionnelles,16,1.0046913178042025,16.07506108486724,0.05387019184657513
CRELAN,2022-12-11,marque_generique_traditionnelles,17,1.0046913178042025,17.079752402671442,0.056666911907093775
CRELAN,2022-12-18,marque_generique_traditionnelles,17,1.0046913178042025,17.079752402671442,0.05346988194661839
CRELAN,2022-12-25,marque_generique_traditionnelles,16,1.0046913178042025,16.07506108486724,0.05387224969005524
CRELAN,2023-01-01,marque_generique_traditionnelles,18,1.0046913178042025,18.084443720475644,0.05359155620956238
CRELAN,2023-01-08,marque_generique_traditionnelles,16,1.0046913178042025,16.07506108486724,0.05129273197028155
CRELAN,2023-01-15,marque_generique_traditionnelles,17,1.0046913178042025,17.079752402671442,0.056289753801685403
CRELAN,2023-01-22,marque_generique_traditionnelles,16,1.0046913178042025,16.07506108486724,0.051623191546427916
CRELAN,2023-01-29,marque_generique_traditionnelles,18,1.0046913178042025,18.084443720475644,0.05312016213138935
CRELAN,2023-02-05,marque_generique_traditionnelles,17,1.0046913178042025,17.079752402671442,0.05363887882193176
CRELAN,2023-02-12,marque_generique_traditionnelles,15,1.0046913178042025,15.070369767063038,0.0508503518065594
CRELAN,2023-02-19,marque_generique_traditionnelles,16,1.0046913178042025,16.07506108486724,0.05442328535073236
CRELAN,2023-02-26,marque_generique_traditionnelles,17,1.0046913178042025,17.079752402671442,0.054847988379933765
CRELAN,2023-03-05,marque_generique_traditionnelles,17,1.0046913178042025,17.079752402671442,0.05802195337229267
CRELAN,2023-03-12,marque_generique_traditionnelles,15,1.0046913178042025,15.070369767063038,0.04935444532261662
CRELAN,2023-03-19,marque_generique_traditionnelles,17,1.0046913178042025,17.079752402671442,0.05398460844966533
CRELAN,2023-03-26,marque_generique_traditionnelles,17,1.0046913178042025,17.079752402671442,0.05782522141350198
CRELAN,2023-04-02,marque_generique_traditionnelles,16,1.0046913178042025,16.07506108486724,0.05298661564409021
CRELAN,2023-04-09,marque_generique_traditionnelles,15,1.0046913178042025,15.070369767063038,0.05300125116081849
CRELAN,2023-04-16,marque_generique_traditionnelles,15,1.0046913178042025,15.070369767063038,0.054141404034187914
CRELAN,2023-04-23,marque_generique_traditionnelles,15,1.0046913178042025,15.070369767063038,0.052080056431671316
CRELAN,2023-04-30,marque_generique_traditionnelles,15,1.0046913178042025,15.070369767063038,0.055740295906028
CRELAN,2023-05-07,marque_generique_traditionnelles,15,1.0046913178042025,15.070369767063038,0.05453415904596762
CRELAN,2023-05-14,marque_generique_traditionnelles,13,1.0046913178042025,13.060987131454633,0.05217593220540894
CRELAN,2023-05-21,marque_generique_traditionnelles,17,1.0046913178042025,17.079752402671442,0.05629713198177312
CRELAN,2023-05-28,marque_generique_traditionnelles,15,1.0046913178042025,15.070369767063038,0.05533575951648559
CRELAN,2023-06-04,marque_generique_traditionnelles,15,1.0046913178042025,15.070369767063038,0.054538303687185125
CRELAN,2023-06-11,marque_generique_traditionnelles,14,1.0046913178042025,14.065678449258835,0.05053296407193929
CRELAN,2023-06-18,marque_generique_traditionnelles,16,1.0046913178042025,16.07506108486724,0.05902684370804971
CRELAN,2023-06-25,marque_generique_traditionnelles,17,1.0046913178042025,17.079752402671442,0.056485339557888335
CRELAN,2023-07-02,marque_generique_traditionnelles,17,1.0046913178042025,17.079752402671442,0.05122895782594662
CRELAN,2023-07-09,marque_generique_traditionnelles,17,1.0046913178042025,17.079752402671442,0.05380916276141099
CRELAN,2023-07-16,marque_generique_traditionnelles,14,1.0046913178042025,14.065678449258835,0.0538219956881571
CRELAN,2023-07-23,marque_generique_traditionnelles,15,1.0046913178042025,15.070369767063038,0.052625331923230004
CRELAN,2023-07-30,marque_generique_traditionnelles,16,1.0046913178042025,16.07506108486724,0.0544230107204322
CRELAN,2023-08-06,marque_generique_traditionnelles,14,1.0046913178042025,14.065678449258835,0.04811030292024597
CRELAN,2023-08-13,marque_generique_traditionnelles,13,1.0046913178042025,13.060987131454633,0.05095348918910782
CRELAN,2023-08-20,marque_generique_traditionnelles,20,1.0046913178042025,20.09382635608405,0.05307907071989456
CRELAN,2023-08-27,marque_generique_traditionnelles,22,1.0046913178042025,22.103208991692455,0.054366872397587244
CRELAN,2023-09-03,marque_generique_traditionnelles,16,1.0046913178042025,16.07506108486724,0.05351567932217316
CRELAN,2023-09-10,marque_generique_traditionnelles,15,1.0046913178042025,15.070369767063038,0.053949362921428254
CRELAN,2023-09-17,marque_generique_traditionnelles,15,1.0046913178042025,15.070369767063038,0.05473314745720211
CRELAN,2023-09-24,marque_generique_traditionnelles,16,1.0046913178042025,16.07506108486724,0.05351788211653541
CRELAN,2023-10-01,marque_generique_traditionnelles,15,1.0046913178042025,15.070369767063038,0.04824456806846142
CRELAN,2023-10-08,marque_generique_traditionnelles,15,1.0046913178042025,15.070369767063038,0.05337216059906524
CRELAN,2023-10-15,marque_generique_traditionnelles,15,1.0046913178042025,15.070369767063038,0.05172436950033295
CRELAN,2023-10-22,marque_generique_traditionnelles,14,1.0046913178042025,14.065678449258835,0.04946460819161075
CRELAN,2023-10-29,marque_generique_traditionnelles,14,1.0046913178042025,14.065678449258835,0.052414734031198236
CRELAN,2023-11-05,marque_generique_traditionnelles,14,1.0046913178042025,14.065678449258835,0.050897409880010513
CRELAN,2023-11-12,marque_generique_traditionnelles,14,1.0046913178042025,14.065678449258835,0.052613260648502816
CRELAN,2023-11-19,marque_generique_traditionnelles,14,1.0046913178042025,14.065678449258835,0.05071746666072935
CRELAN,2023-11-26,marque_generique_traditionnelles,14,1.0046913178042025,14.065678449258835,0.0492908799779527
CRELAN,2023-12-03,marque_generique_traditionnelles,15,1.0046913178042025,15.070369767063038,0.052262764038992104
CRELAN,2023-12-10,marque_generique_traditionnelles,17,1.0046913178042025,17.079752402671442,0.056484323994204784
CRELAN,2023-12-17,marque_generique_traditionnelles,18,1.0046913178042025,18.084443720475644,0.059023687817669514
CRELAN,2023-12-24,marque_generique_traditionnelles,16,1.0046913178042025,16.07506108486724,0.057129329986046376
CRELAN,2023-12-31,marque_generique_traditionnelles,17,1.0046913178042025,17.079752402671442,0.05685625152137984
CRELAN,2024-01-07,marque_generique_traditionnelles,17,1.0046913178042025,17.079752402671442,0.05574701915554697
CRELAN,2024-01-14,marque_generique_traditionnelles,17,1.0046913178042025,17.079752402671442,0.05666835440720119
CRELAN,2024-01-21,marque_generique_traditionnelles,16,1.0046913178042025,16.07506108486724,0.04734090713156929
CRELAN,2024-01-28,marque_generique_traditionnelles,17,1.0046913178042025,17.079752402671442,0.05330366794508214
CRELAN,2024-02-04,marque_generique_traditionnelles,17,1.0046913178042025,17.079752402671442,0.0578158496625776
CRELAN,2024-02-11,marque_generique_traditionnelles,17,1.0046913178042025,17.079752402671442,0.05881239074804729
CRELAN,2024-02-18,marque_generique_traditionnelles,18,1.0046913178042025,18.084443720475644,0.05902046139882623
CRELAN,2024-02-25,marque_generique_traditionnelles,16,1.0046913178042025,16.07506108486724,0.05063733614681811
CRELAN,2024-03-03,marque_generique_traditionnelles,18,1.0046913178042025,18.084443720475644,0.060398021090522926
CRELAN,2024-03-10,marque_generique_traditionnelles,16,1.0046913178042025,16.07506108486724,0.05672608679230206
CRELAN,2024-03-17,marque_generique_traditionnelles,17,1.0046913178042025,17.079752402671442,0.05984580938356292
CRELAN,2024-03-24,marque_generique_traditionnelles,19,1.0046913178042025,19.08913503827985,0.055585449540072565
CRELAN,2024-03-31,marque_generique_traditionnelles,17,1.0046913178042025,17.079752402671442,0.05723732257345643
CRELAN,2024-04-07,marque_generique_traditionnelles,18,1.0046913178042025,18.084443720475644,0.06227427472858529
CRELAN,2024-04-14,marque_generique_traditionnelles,16,1.0046913178042025,16.07506108486724,0.056331611898257986
CRELAN,2024-04-21,marque_generique_traditionnelles,16,1.0046913178042025,16.07506108486724,0.05774545537128085
CRELAN,2024-04-28,marque_generique_traditionnelles,15,1.0046913178042025,15.070369767063038,0.05657665924863673
CRELAN,2024-05-05,marque_generique_traditionnelles,15,1.0046913178042025,15.070369767063038,0.05856008657064703
CRELAN,2024-05-12,marque_generique_traditionnelles,17,1.0046913178042025,17.079752402671442,0.057043795070645636
CRELAN,2024-05-19,marque_generique_traditionnelles,17,1.0046913178042025,17.079752402671442,0.06412021381512163
CRELAN,2024-05-26,marque_generique_traditionnelles,20,1.0046913178042025,20.09382635608405,0.06895764896482465
CRELAN,2024-06-02,marque_generique_traditionnelles,21,1.0046913178042025,21.098517673888253,0.07393043597815312
CRELAN,2024-06-09,marque_generique_traditionnelles,50,1.0046913178042025,50.23456589021013,0.16942394979337003
CRELAN,2024-06-16,marque_generique_traditionnelles,38,1.0046913178042025,38.1782700765597,0.13517058167472287
CRELAN,2024-06-23,marque_generique_traditionnelles,34,1.0046913178042025,34.159504805342884,0.11801086498640723
CRELAN,2024-06-30,marque_generique_traditionnelles,34,1.0046913178042025,34.159504805342884,0.10759530428743294
CRELAN,2024-07-07,marque_generique_traditionnelles,32,1.0046913178042025,32.15012216973448,0.10490588599312246
CRELAN,2024-07-14,marque_generique_traditionnelles,32,1.0046913178042025,32.15012216973448,0.10772025124005265
CRELAN,2024-07-21,marque_generique_traditionnelles,29,1.0046913178042025,29.13604821632187,0.09569493047241927
CRELAN,2024-07-28,marque_generique_traditionnelles,27,1.0046913178042025,27.126665580713468,0.09503623274401503
CRELAN,2024-08-04,marque_generique_traditionnelles,27,1.0046913178042025,27.126665580713468,0.09181211922360558
CRELAN,2024-08-11,marque_generique_traditionnelles,24,1.0046913178042025,24.11259162730086,0.09154106961169897
CRELAN,2024-08-18,marque_generique_traditionnelles,29,1.0046913178042025,29.13604821632187,0.09601104511249506
CRELAN,2024-08-25,marque_generique_traditionnelles,29,1.0046913178042025,29.13604821632187,0.08557112162460469
CRELAN,2024-09-01,marque_generique_traditionnelles,38,1.0046913178042025,38.1782700765597,0.08435438305710956
CRELAN,2024-09-08,marque_generique_traditionnelles,33,1.0046913178042025,33.15481348753868,0.09432243905910513
CRELAN,2024-09-15,marque_generique_traditionnelles,27,1.0046913178042025,27.126665580713468,0.08910560946534533
CRELAN,2024-09-22,marque_generique_traditionnelles,27,1.0046913178042025,27.126665580713468,0.08710253391169831
CRELAN,2024-09-29,marque_generique_traditionnelles,30,1.0046913178042025,30.140739534126077,0.09494966055391944
CRELAN,2024-10-06,marque_generique_traditionnelles,28,1.0046913178042025,28.13135689851767,0.09489686074489637
CRELAN,2024-10-13,marque_generique_traditionnelles,26,1.0046913178042025,26.121974262909266,0.09120410243686602
CRELAN,2024-10-20,marque_generique_traditionnelles,26,1.0046913178042025,26.121974262909266,0.09120315318383962
CRELAN,2024-10-27,marque_generique_traditionnelles,25,1.0046913178042025,25.117282945105064,0.0801514302477116
CRELAN,2024-11-03,marque_generique_traditionnelles,26,1.0046913178042025,26.121974262909266,0.08782480883497741
CRELAN,2024-11-10,marque_generique_traditionnelles,24,1.0046913178042025,24.11259162730086,0.08884361000042781
CRELAN,2024-11-17,marque_generique_traditionnelles,27,1.0046913178042025,27.126665580713468,0.09638916325950952
CRELAN,2024-11-24,marque_generique_traditionnelles,27,1.0046913178042025,27.126665580713468,0.09276385918754439
CRELAN,2024-12-01,marque_generique_traditionnelles,25,1.0046913178042025,25.117282945105064,0.08648858797631269
CRELAN,2024-12-08,marque_generique_traditionnelles,27,1.0046913178042025,27.126665580713468,0.09503886051928817
CRELAN,2024-12-15,marque_generique_traditionnelles,32,1.0046913178042025,32.15012216973448,0.10032232795230486
CRELAN,2024-12-22,marque_generique_traditionnelles,26,1.0046913178042025,26.121974262909266,0.09659948504991746
CRELAN,2024-12-29,marque_generique_traditionnelles,30,1.0046913178042025,30.140739534126077,0.09614933730377061
CRELAN,2025-01-05,marque_generique_traditionnelles,29,1.0046913178042025,29.13604821632187,0.09476487301489048
CRELAN,2025-01-12,marque_generique_traditionnelles,29,1.0046913178042025,29.13604821632187,0.09894476037798355
CRELAN,2025-01-19,marque_generique_traditionnelles,29,1.0046913178042025,29.13604821632187,0.09601472110404612
CRELAN,2025-01-26,marque_generique_traditionnelles,28,1.0046913178042025,28.13135689851767,0.09363319587891474
CRELAN,2025-02-02,marque_generique_traditionnelles,29,1.0046913178042025,29.13604821632187,0.09762074640935905
CRELAN,2025-02-09,marque_generique_traditionnelles,26,1.0046913178042025,26.121974262909266,0.08782247853888134
CRELAN,2025-02-16,marque_generique_traditionnelles,27,1.0046913178042025,27.126665580713468,0.09372610886738794
CRELAN,2025-02-23,marque_generique_traditionnelles,27,1.0046913178042025,27.126665580713468,0.08852019201559301
CRELAN,2025-03-02,marque_generique_traditionnelles,27,1.0046913178042025,27.126665580713468,0.08968607922879182
CRELAN,2025-03-09,marque_generique_traditionnelles,29,1.0046913178042025,29.13604821632187,0.09795356021270588
CRELAN,2025-03-16,marque_generique_traditionnelles,25,1.0046913178042025,25.117282945105064,0.09120506570837546
CRELAN,2025-03-23,marque_generique_traditionnelles,31,1.0046913178042025,31.14543085193028,0.10911473593268071
CRELAN,2025-03-30,marque_generique_traditionnelles,33,1.0046913178042025,33.15481348753868,0.10345771225155061
CRELAN,2025-04-06,marque_generique_traditionnelles,29,1.0046913178042025,29.13604821632187,0.09445742169380568
CRELAN,2025-04-13,marque_generique_traditionnelles,27,1.0046913178042025,27.126665580713468,0.09504478784034387
CRELAN,2025-04-20,marque_generique_traditionnelles,25,1.0046913178042025,25.117282945105064,0.09186894352830238
CRELAN,2025-04-27,marque_generique_traditionnelles,25,1.0046913178042025,25.117282945105064,0.09393299474821466
CRELAN,2025-05-04,marque_generique_traditionnelles,28,1.0046913178042025,28.13135689851767,0.09787109180302898
CRELAN,2025-05-11,marque_generique_traditionnelles,27,1.0046913178042025,27.126665580713468,0.09605081387998318
CRELAN,2025-05-18,marque_generique_traditionnelles,27,1.0046913178042025,27.126665580713468,0.09308240619878175
CRELAN,2025-05-25,marque_generique_traditionnelles,24,1.0046913178042025,24.11259162730086,0.09120261540942624
CRELAN,2025-06-01,marque_generique_traditionnelles,29,1.0046913178042025,29.13604821632187,0.0989468375894132
CRELAN,2025-06-08,marque_generique_traditionnelles,24,1.0046913178042025,24.11259162730086,0.09404188964897953
CRELAN,2025-06-15,marque_generique_traditionnelles,26,1.0046913178042025,26.121974262909266,0.0941646011554896
CRELAN,2025-06-22,marque_generique_traditionnelles,31,1.0046913178042025,31.14543085193028,0.10263065787644633
CRELAN,2025-06-29,marque_generique_traditionnelles,32,1.0046913178042025,32.15012216973448,0.10288985881199422
CRELAN,2025-07-06,marque_generique_traditionnelles,32,1.0046913178042025,32.15012216973448,0.103888342869974
CRELAN,2025-07-13,marque_generique_traditionnelles,28,1.0046913178042025,28.13135689851767,0.0942648161507781
CRELAN,2025-07-20,marque_generique_traditionnelles,24,1.0046913178042025,24.11259162730086,0.0888453177282736
CRELAN,2025-07-27,marque_generique_traditionnelles,26,1.0046913178042025,26.121974262909266,0.08872085224805805
CRELAN,2025-08-03,marque_generique_traditionnelles,26,1.0046913178042025,26.121974262909266,0.0902561659298627
CRELAN,2025-08-10,marque_generique_traditionnelles,23,1.0046913178042025,23.107900309496657,0.08943028964375546
CRELAN,2025-08-17,marque_generique_traditionnelles,25,1.0046913178042025,25.117282945105064,0.08647814342024766
CRELAN,2025-08-24,marque_generique_traditionnelles,28,1.0046913178042025,28.13135689851767,0.09091072322646503
CRELAN,2025-08-31,marque_generique_traditionnelles,28,1.0046913178042025,28.13135689851767,0.09179280762787331
CRELAN,2025-09-07,marque_generique_traditionnelles,28,1.0046913178042025,28.13135689851767,0.09457357888749707
CRELAN,2025-09-14,marque_generique_traditionnelles,26,1.0046913178042025,26.121974262909266,0.09184369821922085
CRELAN,2025-09-21,marque_generique_traditionnelles,27,1.0046913178042025,27.126665580713468,0.09437958278110878
CRELAN,2025-09-28,marque_generique_traditionnelles,27,1.0046913178042025,27.126665580713468,0.08654264659363961
CRELAN,2025-10-05,marque_generique_traditionnelles,29,1.0046913178042025,29.13604821632187,0.09633343029250926
CRELAN,2025-10-12,marque_generique_traditionnelles,26,1.0046913178042025,26.121974262909266,0.09381980065055834
CRELAN,2025-10-19,marque_generique_traditionnelles,25,1.0046913178042025,25.117282945105064,0.08708692960637154
CRELAN,2025-10-26,marque_generique_traditionnelles,24,1.0046913178042025,24.11259162730086,0.08418840224941478
CRELAN,2025-11-02,marque_generique_traditionnelles,26,1.0046913178042025,26.121974262909266,0.08871809127722229
CRELAN,2025-11-09,marque_generique_traditionnelles,23,1.0046913178042025,23.107900309496657,0.08840839740944624
CRELAN,2025-11-16,marque_generique_traditionnelles,23,1.0046913178042025,23.107900309496657,0.08578126481663094
CRELAN,2025-11-23,marque_generique_traditionnelles,24,1.0046913178042025,24.11259162730086,0.08851763533511096
CRELAN,2025-11-30,marque_generique_traditionnelles,26,1.0046913178042025,26.121974262909266,0.09024868771480751
CRELAN,2025-12-07,marque_generique_traditionnelles,24,1.0046913178042025,24.11259162730086,0.08507533582500677
CRELAN,2025-12-14,marque_generique_traditionnelles,28,1.0046913178042025,28.13135689851767,0.09553519077435098
CRELAN,2025-12-21,marque_generique_traditionnelles,22,1.0046913178042025,22.103208991692455,0.08723617116392941
CRELAN,2025-12-28,marque_generique_traditionnelles,26,1.0046913178042025,26.121974262909266,0.0928150442335547
CRELAN,2026-01-04,marque_generique_traditionnelles,26,1.0046913178042025,26.121974262909266,0.08722913261960741
CRELAN,2026-01-11,marque_generique_traditionnelles,27,1.0046913178042025,27.126665580713468,0.09276111931393148
CRELAN,2026-01-18,marque_generique_traditionnelles,26,1.0046913178042025,26.121974262909266,0.09088084029790079
CRELAN,2026-01-25,marque_generique_traditionnelles,26,1.0046913178042025,26.121974262909266,0.09025716411865804
CRELAN,2026-02-01,marque_generique_traditionnelles,25,1.0046913178042025,25.117282945105064,0.0833202525773573
CRELAN,2026-02-08,marque_generique_traditionnelles,23,1.0046913178042025,23.107900309496657,0.08641787346147589
CRELAN,2026-02-15,marque_generique_traditionnelles,22,1.0046913178042025,22.103208991692455,0.08793215299636976
CRELAN,2026-02-22,marque_generique_traditionnelles,24,1.0046913178042025,24.11259162730086,0.08754869537998324
CRELAN,2026-03-01,marque_generique_traditionnelles,25,1.0046913178042025,25.117282945105064,0.08924868285572554
CRELAN,2026-03-08,marque_generique_traditionnelles,26,1.0046913178042025,26.121974262909266,0.09484680548998119
CRELAN,2026-03-15,marque_generique_traditionnelles,24,1.0046913178042025,24.11259162730086,0.08951113266148039
CRELAN,2026-03-22,marque_generique_traditionnelles,26,1.0046913178042025,26.121974262909266,0.09315585024711663
CRELAN,2026-03-29,marque_generique_traditionnelles,26,1.0046913178042025,26.121974262909266,0.09120230127805695
CRELAN,2026-04-05,marque_generique_traditionnelles,23,1.0046913178042025,23.107900309496657,0.0912042134155469
CRELAN,2026-04-12,marque_generique_traditionnelles,23,1.0046913178042025,23.107900309496657,0.09156220812693967
CRELAN,2026-04-19,marque_generique_traditionnelles,23,1.0046913178042025,23.107900309496657,0.09048877278140147
CRELAN,2026-04-26,marque_generique_traditionnelles,22,1.0046913178042025,22.103208991692455,0.09008754309675113
CRELAN,2026-05-03,marque_generique_traditionnelles,26,1.0046913178042025,26.121974262909266,0.09282066904440299
CRELAN,2026-05-10,marque_generique_traditionnelles,24,1.0046913178042025,24.11259162730086,0.09669716127469553
CRELAN,2026-05-17,marque_generique_traditionnelles,26,1.0046913178042025,26.121974262909266,0.09519895169200868
CRELAN,2026-05-24,marque_generique_traditionnelles,21,1.0046913178042025,21.098517673888253,0.08461261946351117
CRELAN,2026-05-31,marque_generique_traditionnelles,25,1.0046913178042025,25.117282945105064,0.09119983856310623
CRELAN,2026-06-07,marque_generique_traditionnelles,22,1.0046913178042025,22.103208991692455,0.08329001606027261
CRELAN,2026-06-14,marque_generique_traditionnelles,24,1.0046913178042025,24.11259162730086,0.0994900095735245
CRELAN,2026-06-21,marque_generique_traditionnelles,21,1.0046913178042025,21.098517673888253,0.08563758630942254
CRELAN,2026-06-28,marque_generique_traditionnelles,25,1.0046913178042025,25.117282945105064,0.09121022065121222
CRELAN,2026-07-05,marque_generique_traditionnelles,22,1.0046913178042025,22.103208991692455,0.08655523610912247
CRELAN,2026-07-12,marque_generique_traditionnelles,22,1.0046913178042025,22.103208991692455,0.09008464539029709
CRELAN,2026-07-19,marque_generique_traditionnelles,22,1.0046913178042025,22.103208991692455,0.09638173781041062
CRELAN,2026-07-26,marque_generique_traditionnelles,22,1.0046913178042025,22.103208991692455,0.09391905720199153
CRELAN,2026-08-02,marque_generique_traditionnelles,20,1.0046913178042025,20.09382635608405,0.08190321093463002
CRELAN,2026-08-09,marque_generique_traditionnelles,19,1.0046913178042025,19.08913503827985,0.0794408406098021
CRELAN,2026-08-16,marque_generique_traditionnelles,20,1.0046913178042025,20.09382635608405,0.08723729261158676
CRELAN,2026-08-23,marque_generique_traditionnelles,23,1.0046913178042025,23.107900309496657,0.09304206766141263
CRELAN,2026-08-30,marque_generique_traditionnelles,25,1.0046913178042025,25.117282945105064,0.0918717720894446
CRELAN,2026-09-06,marque_generique_traditionnelles,21,1.0046913178042025,21.098517673888253,0.08634920761442842
CRELAN,2026-09-13,marque_generique_traditionnelles,18,1.0046913178042025,18.084443720475644,0.078511381312621
HELLOBANK,2021-09-19,marque_generique_digitales,1,0.999254746937982,0.999254746937982,0.003070928705879997
HELLOBANK,2021-09-26,marque_generique_digitales,1,0.999254746937982,0.999254746937982,0.002909809549071833
HELLOBANK,2021-10-03,marque_generique_digitales,1,0.999254746937982,0.999254746937982,0.00296161618232806
HELLOBANK,2021-10-10,marque_generique_digitales,1,0.999254746937982,0.999254746937982,0.002953032747773012
HELLOBANK,2021-10-17,marque_generique_digitales,1,0.999254746937982,0.999254746937982,0.0030902060256795478
HELLOBANK,2021-10-24,marque_generique_digitales,1,0.999254746937982,0.999254746937982,0.0030709659478564515
HELLOBANK,2021-10-31,marque_generique_digitales,1,0.999254746937982,0.999254746937982,0.003178392263507285
HELLOBANK,2021-11-07,marque_generique_digitales,1,0.999254746937982,0.999254746937982,0.0033602349429455395
HELLOBANK,2021-11-14,marque_generique_digitales,1,0.999254746937982,0.999254746937982,0.003250956822683176
HELLOBANK,2021-11-21,marque_generique_digitales,1,0.999254746937982,0.999254746937982,0.0032507796815263034
HELLOBANK,2021-11-28,marque_generique_digitales,1,0.999254746937982,0.999254746937982,0.0031783771949915616
HELLOBANK,2021-12-05,marque_generique_digitales,1,0.999254746937982,0.999254746937982,0.002952517452577907
HELLOBANK,2021-12-12,marque_generique_digitales,2,0.999254746937982,1.998509493875964,0.005653387632396127
HELLOBANK,2021-12-19,marque_generique_digitales,1,0.999254746937982,0.999254746937982,0.003070597716609318
HELLOBANK,2021-12-26,marque_generique_digitales,1,0.999254746937982,0.999254746937982,0.003014440754631754
HELLOBANK,2022-01-02,marque_generique_digitales,2,0.999254746937982,1.998509493875964,0.005307752716429919
HELLOBANK,2022-01-09,marque_generique_digitales,2,0.999254746937982,1.998509493875964,0.005751165858638185
HELLOBANK,2022-01-16,marque_generique_digitales,1,0.999254746937982,0.999254746937982,0.003089453278146266
HELLOBANK,2022-01-23,marque_generique_digitales,2,0.999254746937982,1.998509493875964,0.006237038311064642
HELLOBANK,2022-01-30,marque_generique_digitales,2,0.999254746937982,1.998509493875964,0.005251866366292438
HELLOBANK,2022-02-06,marque_generique_digitales,2,0.999254746937982,1.998509493875964,0.005887771664932456
HELLOBANK,2022-02-13,marque_generique_digitales,1,0.999254746937982,0.999254746937982,0.003188337976206583
HELLOBANK,2022-02-20,marque_generique_digitales,1,0.999254746937982,0.999254746937982,0.0029791314219620693
HELLOBANK,2022-02-27,marque_generique_digitales,1,0.999254746937982,0.999254746937982,0.0027417713609993607
HELLOBANK,2022-03-06,marque_generique_digitales,1,0.999254746937982,0.999254746937982,0.002884313352901501
HELLOBANK,2022-03-13,marque_generique_digitales,1,0.999254746937982,0.999254746937982,0.00304250114967927
HELLOBANK,2022-03-20,marque_generique_digitales,1,0.999254746937982,0.999254746937982,0.002979026280687423
HELLOBANK,2022-03-27,marque_generique_digitales,1,0.999254746937982,0.999254746937982,0.0028676912286462173
HELLOBANK,2022-04-03,marque_generique_digitales,1,0.999254746937982,0.999254746937982,0.002875834380524349
HELLOBANK,2022-04-10,marque_generique_digitales,1,0.999254746937982,0.999254746937982,0.003326502338558053
HELLOBANK,2022-04-17,marque_generique_digitales,1,0.999254746937982,0.999254746937982,0.0033263547448033975
HELLOBANK,2022-04-24,marque_generique_digitales,1,0.999254746937982,0.999254746937982,0.002867177143218767
HELLOBANK,2022-05-01,marque_generique_digitales,1,0.999254746937982,0.999254746937982,0.0029093931546636327
HELLOBANK,2022-05-08,marque_generique_digitales,1,0.999254746937982,0.999254746937982,0.0029879626509341423
HELLOBANK,2022-05-15,marque_generique_digitales,1,0.999254746937982,0.999254746937982,0.00325056780585554
HELLOBANK,2022-05-22,marque_generique_digitales,1,0.999254746937982,0.999254746937982,0.003526167894097448
HELLOBANK,2022-05-29,marque_generique_digitales,1,0.999254746937982,0.999254746937982,0.002892607476728118
HELLOBANK,2022-06-05,marque_generique_digitales,1,0.999254746937982,0.999254746937982,0.003157950563165184
HELLOBANK,2022-06-12,marque_generique_digitales,1,0.999254746937982,0.999254746937982,0.0030516758806735174
HELLOBANK,2022-06-19,marque_generique_digitales,1,0.999254746937982,0.999254746937982,0.002996573336503585
HELLOBANK,2022-06-26,marque_generique_digitales,2,0.999254746937982,1.998509493875964,0.005467847307318312
HELLOBANK,2022-07-03,marque_generique_digitales,1,0.999254746937982,0.999254746937982,0.0026540957827050934
HELLOBANK,2022-07-10,marque_generique_digitales,1,0.999254746937982,0.999254746937982,0.0029178824218077538
HELLOBANK,2022-07-17,marque_generique_digitales,1,0.999254746937982,0.999254746937982,0.003477070097345401
HELLOBANK,2022-07-24,marque_generique_digitales,1,0.999254746937982,0.999254746937982,0.00317795040552211
HELLOBANK,2022-07-31,marque_generique_digitales,2,0.999254746937982,1.998509493875964,0.0058697359267901395
HELLOBANK,2022-08-07,marque_generique_digitales,2,0.999254746937982,1.998509493875964,0.006375561069752395
HELLOBANK,2022-08-14,marque_generique_digitales,1,0.999254746937982,0.999254746937982,0.0034054159835388816
HELLOBANK,2022-08-21,marque_generique_digitales,1,0.999254746937982,0.999254746937982,0.003118194470450807
HELLOBANK,2022-08-28,marque_generique_digitales,1,0.999254746937982,0.999254746937982,0.0030421445791735456
HELLOBANK,2022-09-04,marque_generique_digitales,1,0.999254746937982,0.999254746937982,0.0030609500993040834
HELLOBANK,2022-09-11,marque_generique_digitales,1,0.999254746937982,0.999254746937982,0.002996728578153834
HELLOBANK,2022-09-18,marque_generique_digitales,1,0.999254746937982,0.999254746937982,0.003118148822774917
HELLOBANK,2022-09-25,marque_generique_digitales,1,0.999254746937982,0.999254746937982,0.002961054794817332
HELLOBANK,2022-10-02,marque_generique_digitales,2,0.999254746937982,1.998509493875964,0.006085488086733847
HELLOBANK,2022-10-09,marque_generique_digitales,1,0.999254746937982,0.999254746937982,0.003360287953796169
HELLOBANK,2022-10-16,marque_generique_digitales,1,0.999254746937982,0.999254746937982,0.0033046956108590715
HELLOBANK,2022-10-23,marque_generique_digitales,1,0.999254746937982,0.999254746937982,0.0031185212947130426
HELLOBANK,2022-10-30,marque_generique_digitales,1,0.999254746937982,0.999254746937982,0.003464995109876202
HELLOBANK,2022-11-06,marque_generique_digitales,1,0.999254746937982,0.999254746937982,0.0035768960978572457
HELLOBANK,2022-11-13,marque_generique_digitales,1,0.999254746937982,0.999254746937982,0.0030243667483982844
HELLOBANK,2022-11-20,marque_generique_digitales,1,0.999254746937982,0.999254746937982,0.0035140767834912416
HELLOBANK,2022-11-27,marque_generique_digitales,1,0.999254746937982,0.999254746937982,0.0033490342344014586
HELLOBANK,2022-12-04,marque_generique_digitales,1,0.999254746937982,0.999254746937982,0.00334866814110116
HELLOBANK,2022-12-11,marque_generique_digitales,1,0.999254746937982,0.999254746937982,0.003315310396924914
HELLOBANK,2022-12-18,marque_generique_digitales,1,0.999254746937982,0.999254746937982,0.0031282674416881445
HELLOBANK,2022-12-25,marque_generique_digitales,1,0.999254746937982,0.999254746937982,0.003348796060357895
HELLOBANK,2023-01-01,marque_generique_digitales,1,0.999254746937982,0.999254746937982,0.002961197909425683
HELLOBANK,2023-01-08,marque_generique_digitales,1,0.999254746937982,0.999254746937982,0.003188448593391129
HELLOBANK,2023-01-15,marque_generique_digitales,1,0.999254746937982,0.999254746937982,0.003293244677335413
HELLOBANK,2023-01-22,marque_generique_digitales,1,0.999254746937982,0.999254746937982,0.0032089905557757216
HELLOBANK,2023-01-29,marque_generique_digitales,1,0.999254746937982,0.999254746937982,0.0029351510606769136
HELLOBANK,2023-02-05,marque_generique_digitales,1,0.999254746937982,0.999254746937982,0.0031381546418004927
HELLOBANK,2023-02-12,marque_generique_digitales,1,0.999254746937982,0.999254746937982,0.003371679408770961
HELLOBANK,2023-02-19,marque_generique_digitales,1,0.999254746937982,0.999254746937982,0.0033830494293968514
HELLOBANK,2023-02-26,marque_generique_digitales,1,0.999254746937982,0.999254746937982,0.0032088938678101514
HELLOBANK,2023-03-05,marque_generique_digitales,1,0.999254746937982,0.999254746937982,0.003394587401911591
HELLOBANK,2023-03-12,marque_generique_digitales,1,0.999254746937982,0.999254746937982,0.003272491951650827
HELLOBANK,2023-03-19,marque_generique_digitales,1,0.999254746937982,0.999254746937982,0.00315838163125122
HELLOBANK,2023-03-26,marque_generique_digitales,1,0.999254746937982,0.999254746937982,0.003383077554516774
HELLOBANK,2023-04-02,marque_generique_digitales,1,0.999254746937982,0.999254746937982,0.0032937434531044433
HELLOBANK,2023-04-09,marque_generique_digitales,1,0.999254746937982,0.999254746937982,0.0035142967713937823
HELLOBANK,2023-04-16,marque_generique_digitales,1,0.999254746937982,0.999254746937982,0.00358989565772233
HELLOBANK,2023-04-23,marque_generique_digitales,1,0.999254746937982,0.999254746937982,0.0034532161064743075
HELLOBANK,2023-04-30,marque_generique_digitales,1,0.999254746937982,0.999254746937982,0.0036959116558346393
HELLOBANK,2023-05-07,marque_generique_digitales,1,0.999254746937982,0.999254746937982,0.003615937640498512
HELLOBANK,2023-05-14,marque_generique_digitales,1,0.999254746937982,0.999254746937982,0.003991815274559771
HELLOBANK,2023-05-21,marque_generique_digitales,1,0.999254746937982,0.999254746937982,0.0032936763394170753
HELLOBANK,2023-05-28,marque_generique_digitales,1,0.999254746937982,0.999254746937982,0.003669088497955469
HELLOBANK,2023-06-04,marque_generique_digitales,1,0.999254746937982,0.999254746937982,0.0036162124547515773
HELLOBANK,2023-06-11,marque_generique_digitales,1,0.999254746937982,0.999254746937982,0.0035899657743414847
HELLOBANK,2023-06-18,marque_generique_digitales,1,0.999254746937982,0.999254746937982,0.003669214907529053
HELLOBANK,2023-06-25,marque_generique_digitales,1,0.999254746937982,0.999254746937982,0.00330468746589063
HELLOBANK,2023-07-02,marque_generique_digitales,1,0.999254746937982,0.999254746937982,0.00299716167315494
HELLOBANK,2023-07-09,marque_generique_digitales,1,0.999254746937982,0.999254746937982,0.0031481171418906756
HELLOBANK,2023-07-16,marque_generique_digitales,1,0.999254746937982,0.999254746937982,0.003823625349824524
HELLOBANK,2023-07-23,marque_generique_digitales,1,0.999254746937982,0.999254746937982,0.0034893711001307867
HELLOBANK,2023-07-30,marque_generique_digitales,1,0.999254746937982,0.999254746937982,0.003383032357882806
HELLOBANK,2023-08-06,marque_generique_digitales,1,0.999254746937982,0.999254746937982,0.0034178549398172285
HELLOBANK,2023-08-13,marque_generique_digitales,1,0.999254746937982,0.999254746937982,0.0038982900322020726
HELLOBANK,2023-08-20,marque_generique_digitales,1,0.999254746937982,0.999254746937982,0.002639592501696526
HELLOBANK,2023-08-27,marque_generique_digitales,1,0.999254746937982,0.999254746937982,0.0024578492353702712
HELLOBANK,2023-09-03,marque_generique_digitales,1,0.999254746937982,0.999254746937982,0.003326631004135558
HELLOBANK,2023-09-10,marque_generique_digitales,1,0.999254746937982,0.999254746937982,0.0035771621948744742
HELLOBANK,2023-09-17,marque_generique_digitales,1,0.999254746937982,0.999254746937982,0.0036291317503700754
HELLOBANK,2023-09-24,marque_generique_digitales,1,0.999254746937982,0.999254746937982,0.003326767933800172
HELLOBANK,2023-10-01,marque_generique_digitales,1,0.999254746937982,0.999254746937982,0.0031989005181375656
HELLOBANK,2023-10-08,marque_generique_digitales,1,0.999254746937982,0.999254746937982,0.0035388902632974913
HELLOBANK,2023-10-15,marque_generique_digitales,1,0.999254746937982,0.999254746937982,0.003429631956910807
HELLOBANK,2023-10-22,marque_generique_digitales,1,0.999254746937982,0.999254746937982,0.003514067573718702
HELLOBANK,2023-10-29,marque_generique_digitales,1,0.999254746937982,0.999254746937982,0.0037236505852959027
HELLOBANK,2023-11-05,marque_generique_digitales,1,0.999254746937982,0.999254746937982,0.0036158567546472386
HELLOBANK,2023-11-12,marque_generique_digitales,1,0.999254746937982,0.999254746937982,0.0037377543247956203
HELLOBANK,2023-11-19,marque_generique_digitales,1,0.999254746937982,0.999254746937982,0.0036030732179913524
HELLOBANK,2023-11-26,marque_generique_digitales,1,0.999254746937982,0.999254746937982,0.003501725563853973
HELLOBANK,2023-12-03,marque_generique_digitales,1,0.999254746937982,0.999254746937982,0.003465330702648052
HELLOBANK,2023-12-10,marque_generique_digitales,1,0.999254746937982,0.999254746937982,0.003304628050109436
HELLOBANK,2023-12-17,marque_generique_digitales,1,0.999254746937982,0.999254746937982,0.003261349983732901
HELLOBANK,2023-12-24,marque_generique_digitales,1,0.999254746937982,0.999254746937982,0.0035512620372984854
HELLOBANK,2023-12-31,marque_generique_digitales,2,0.999254746937982,1.998509493875964,0.006652775507091357
HELLOBANK,2024-01-07,marque_generique_digitales,2,0.999254746937982,1.998509493875964,0.006522983730151737
HELLOBANK,2024-01-14,marque_generique_digitales,1,0.999254746937982,0.999254746937982,0.0033153947907173884
HELLOBANK,2024-01-21,marque_generique_digitales,2,0.999254746937982,1.998509493875964,0.00588559208899099
HELLOBANK,2024-01-28,marque_generique_digitales,2,0.999254746937982,1.998509493875964,0.006237086108461182
HELLOBANK,2024-02-04,marque_generique_digitales,1,0.999254746937982,0.999254746937982,0.0033825292581259646
HELLOBANK,2024-02-11,marque_generique_digitales,1,0.999254746937982,0.999254746937982,0.0034408321179507104
HELLOBANK,2024-02-18,marque_generique_digitales,1,0.999254746937982,0.999254746937982,0.003261171708172171
HELLOBANK,2024-02-25,marque_generique_digitales,2,0.999254746937982,1.998509493875964,0.006295416017378095
HELLOBANK,2024-03-03,marque_generique_digitales,2,0.999254746937982,1.998509493875964,0.006674577356452745
HELLOBANK,2024-03-10,marque_generique_digitales,1,0.999254746937982,0.999254746937982,0.003526195714166515
HELLOBANK,2024-03-17,marque_generique_digitales,1,0.999254746937982,0.999254746937982,0.00350129250711605
HELLOBANK,2024-03-24,marque_generique_digitales,2,0.999254746937982,1.998509493875964,0.0058194385656778645
HELLOBANK,2024-03-31,marque_generique_digitales,1,0.999254746937982,0.999254746937982,0.003348682400958051
HELLOBANK,2024-04-07,marque_generique_digitales,2,0.999254746937982,1.998509493875964,0.006881921898897334
HELLOBANK,2024-04-14,marque_generique_digitales,1,0.999254746937982,0.999254746937982,0.0035016744443349206
HELLOBANK,2024-04-21,marque_generique_digitales,1,0.999254746937982,0.999254746937982,0.003589561500837328
HELLOBANK,2024-04-28,marque_generique_digitales,1,0.999254746937982,0.999254746937982,0.003751367497541539
HELLOBANK,2024-05-05,marque_generique_digitales,1,0.999254746937982,0.999254746937982,0.003882880472827448
HELLOBANK,2024-05-12,marque_generique_digitales,1,0.999254746937982,0.999254746937982,0.003337360030979404
HELLOBANK,2024-05-19,marque_generique_digitales,1,0.999254746937982,0.999254746937982,0.003751367497541539
HELLOBANK,2024-05-26,marque_generique_digitales,1,0.999254746937982,0.999254746937982,0.00342922531750258
HELLOBANK,2024-06-02,marque_generique_digitales,1,0.999254746937982,0.999254746937982,0.003501446890071949
HELLOBANK,2024-06-09,marque_generique_digitales,1,0.999254746937982,0.999254746937982,0.003370143308215601
HELLOBANK,2024-06-16,marque_generique_digitales,1,0.999254746937982,0.999254746937982,0.003537872331930614
HELLOBANK,2024-06-23,marque_generique_digitales,1,0.999254746937982,0.999254746937982,0.003452126068568781
HELLOBANK,2024-06-30,marque_generique_digitales,1,0.999254746937982,0.999254746937982,0.003147443710619527
HELLOBANK,2024-07-07,marque_generique_digitales,1,0.999254746937982,0.999254746937982,0.0032605694002321773
HELLOBANK,2024-07-14,marque_generique_digitales,1,0.999254746937982,0.999254746937982,0.003348042406330415
HELLOBANK,2024-07-21,marque_generique_digitales,1,0.999254746937982,0.999254746937982,0.0032819692232283313
HELLOBANK,2024-07-28,marque_generique_digitales,1,0.999254746937982,0.999254746937982,0.0035008138548395145
HELLOBANK,2024-08-04,marque_generique_digitales,1,0.999254746937982,0.999254746937982,0.003382048401328463
HELLOBANK,2024-08-11,marque_generique_digitales,1,0.999254746937982,0.999254746937982,0.0037935718301512922
HELLOBANK,2024-08-18,marque_generique_digitales,1,0.999254746937982,0.999254746937982,0.0032928107434072886
HELLOBANK,2024-08-25,marque_generique_digitales,1,0.999254746937982,0.999254746937982,0.0029347613941788043
HELLOBANK,2024-09-01,marque_generique_digitales,2,0.999254746937982,1.998509493875964,0.004415680308500623
HELLOBANK,2024-09-08,marque_generique_digitales,1,0.999254746937982,0.999254746937982,0.0028427891777465203
HELLOBANK,2024-09-15,marque_generique_digitales,1,0.999254746937982,0.999254746937982,0.0032823497223467618
HELLOBANK,2024-09-22,marque_generique_digitales,1,0.999254746937982,0.999254746937982,0.0032085631838021825
HELLOBANK,2024-09-29,marque_generique_digitales,1,0.999254746937982,0.999254746937982,0.003147862344957723
HELLOBANK,2024-10-06,marque_generique_digitales,1,0.999254746937982,0.999254746937982,0.0033708341517592073
HELLOBANK,2024-10-13,marque_generique_digitales,1,0.999254746937982,0.999254746937982,0.0034888684669466593
HELLOBANK,2024-10-20,marque_generique_digitales,1,0.999254746937982,0.999254746937982,0.003488832154775798
HELLOBANK,2024-10-27,marque_generique_digitales,1,0.999254746937982,0.999254746937982,0.0031887086403389383
HELLOBANK,2024-11-03,marque_generique_digitales,2,0.999254746937982,1.998509493875964,0.006719197886346745
HELLOBANK,2024-11-10,marque_generique_digitales,1,0.999254746937982,0.999254746937982,0.0036817858652538346
HELLOBANK,2024-11-17,marque_generique_digitales,1,0.999254746937982,0.999254746937982,0.0035506512458694803
HELLOBANK,2024-11-24,marque_generique_digitales,1,0.999254746937982,0.999254746937982,0.0034171072873528698
HELLOBANK,2024-12-01,marque_generique_digitales,1,0.999254746937982,0.999254746937982,0.0034408232880991747
HELLOBANK,2024-12-08,marque_generique_digitales,1,0.999254746937982,0.999254746937982,0.0035009106532059692
HELLOBANK,2024-12-15,marque_generique_digitales,1,0.999254746937982,0.999254746937982,0.0031181082890123757
HELLOBANK,2024-12-22,marque_generique_digitales,1,0.999254746937982,0.999254746937982,0.003695260282258013
HELLOBANK,2024-12-29,marque_generique_digitales,1,0.999254746937982,0.999254746937982,0.0031876351808472546
HELLOBANK,2025-01-05,marque_generique_digitales,1,0.999254746937982,0.999254746937982,0.0032500718182521793
HELLOBANK,2025-01-12,marque_generique_digitales,1,0.999254746937982,0.999254746937982,0.003393425929222418
HELLOBANK,2025-01-19,marque_generique_digitales,1,0.999254746937982,0.999254746937982,0.0032929368158238297
HELLOBANK,2025-01-26,marque_generique_digitales,1,0.999254746937982,0.999254746937982,0.003325947475285474
HELLOBANK,2025-02-02,marque_generique_digitales,1,0.999254746937982,0.999254746937982,0.0033480173263351165
HELLOBANK,2025-02-09,marque_generique_digitales,1,0.999254746937982,0.999254746937982,0.0033595098013875203
HELLOBANK,2025-02-16,marque_generique_digitales,1,0.999254746937982,0.999254746937982,0.003452553315817454
HELLOBANK,2025-02-23,marque_generique_digitales,1,0.999254746937982,0.999254746937982,0.0032607849205886995
HELLOBANK,2025-03-02,marque_generique_digitales,1,0.999254746937982,0.999254746937982,0.0033037322680508035
HELLOBANK,2025-03-09,marque_generique_digitales,1,0.999254746937982,0.999254746937982,0.003359431563790095
HELLOBANK,2025-03-16,marque_generique_digitales,1,0.999254746937982,0.999254746937982,0.003628461527987279
HELLOBANK,2025-03-23,marque_generique_digitales,1,0.999254746937982,0.999254746937982,0.003500783738069821
HELLOBANK,2025-03-30,marque_generique_digitales,1,0.999254746937982,0.999254746937982,0.0031181176788571473
HELLOBANK,2025-04-06,marque_generique_digitales,1,0.999254746937982,0.999254746937982,0.0032395274166996638
HELLOBANK,2025-04-13,marque_generique_digitales,1,0.999254746937982,0.999254746937982,0.00350112899569572
HELLOBANK,2025-04-20,marque_generique_digitales,1,0.999254746937982,0.999254746937982,0.0036548729461489756
HELLOBANK,2025-04-27,marque_generique_digitales,1,0.999254746937982,0.999254746937982,0.00373698823640263
HELLOBANK,2025-05-04,marque_generique_digitales,1,0.999254746937982,0.999254746937982,0.003476481899717145
HELLOBANK,2025-05-11,marque_generique_digitales,1,0.999254746937982,0.999254746937982,0.003538187597412237
HELLOBANK,2025-05-18,marque_generique_digitales,1,0.999254746937982,0.999254746937982,0.0034288414834395486
HELLOBANK,2025-05-25,marque_generique_digitales,1,0.999254746937982,0.999254746937982,0.0037795458816564315
HELLOBANK,2025-06-01,marque_generique_digitales,1,0.999254746937982,0.999254746937982,0.0033934971696104777
HELLOBANK,2025-06-08,marque_generique_digitales,1,0.999254746937982,0.999254746937982,0.0038972088150144558
HELLOBANK,2025-06-15,marque_generique_digitales,1,0.999254746937982,0.999254746937982,0.003602117655852297
HELLOBANK,2025-06-22,marque_generique_digitales,1,0.999254746937982,0.999254746937982,0.0032927517539238366
HELLOBANK,2025-06-29,marque_generique_digitales,1,0.999254746937982,0.999254746937982,0.0031979094600906484
HELLOBANK,2025-07-06,marque_generique_digitales,2,0.999254746937982,1.998509493875964,0.006457886487415456
HELLOBANK,2025-07-13,marque_generique_digitales,1,0.999254746937982,0.999254746937982,0.003348383277340759
HELLOBANK,2025-07-20,marque_generique_digitales,1,0.999254746937982,0.999254746937982,0.0036818566355460852
HELLOBANK,2025-07-27,marque_generique_digitales,2,0.999254746937982,1.998509493875964,0.006787751329128034
HELLOBANK,2025-08-03,marque_generique_digitales,1,0.999254746937982,0.999254746937982,0.0034526066574492105
HELLOBANK,2025-08-10,marque_generique_digitales,1,0.999254746937982,0.999254746937982,0.0038672332946596407
HELLOBANK,2025-08-17,marque_generique_digitales,1,0.999254746937982,0.999254746937982,0.0034404077665536937
HELLOBANK,2025-08-24,marque_generique_digitales,1,0.999254746937982,0.999254746937982,0.003229242444981281
HELLOBANK,2025-08-31,marque_generique_digitales,2,0.999254746937982,1.998509493875964,0.006521149981339909
HELLOBANK,2025-09-07,marque_generique_digitales,2,0.999254746937982,1.998509493875964,0.006718701694991814
HELLOBANK,2025-09-14,marque_generique_digitales,1,0.999254746937982,0.999254746937982,0.0035133351904495253
HELLOBANK,2025-09-21,marque_generique_digitales,1,0.999254746937982,0.999254746937982,0.0034766250878656177
HELLOBANK,2025-09-28,marque_generique_digitales,1,0.999254746937982,0.999254746937982,0.0031879388258745246
HELLOBANK,2025-10-05,marque_generique_digitales,1,0.999254746937982,0.999254746937982,0.00330386731906504
HELLOBANK,2025-10-12,marque_generique_digitales,1,0.999254746937982,0.999254746937982,0.003588927858717079
HELLOBANK,2025-10-19,marque_generique_digitales,1,0.999254746937982,0.999254746937982,0.003464627443804776
HELLOBANK,2025-10-26,marque_generique_digitales,1,0.999254746937982,0.999254746937982,0.0034888684669466593
HELLOBANK,2025-11-02,marque_generique_digitales,1,0.999254746937982,0.999254746937982,0.0033937700479982087
HELLOBANK,2025-11-09,marque_generique_digitales,1,0.999254746937982,0.999254746937982,0.0038230436170032557
HELLOBANK,2025-11-16,marque_generique_digitales,1,0.999254746937982,0.999254746937982,0.0037094385434549974
HELLOBANK,2025-11-23,marque_generique_digitales,1,0.999254746937982,0.999254746937982,0.003668277083753526
HELLOBANK,2025-11-30,marque_generique_digitales,1,0.999254746937982,0.999254746937982,0.0034523205901781343
HELLOBANK,2025-12-07,marque_generique_digitales,1,0.999254746937982,0.999254746937982,0.003525624059183602
HELLOBANK,2025-12-14,marque_generique_digitales,1,0.999254746937982,0.999254746937982,0.003393508291309127
HELLOBANK,2025-12-21,marque_generique_digitales,1,0.999254746937982,0.999254746937982,0.003943823639952654
HELLOBANK,2025-12-28,marque_generique_digitales,1,0.999254746937982,0.999254746937982,0.0035504924935680945
HELLOBANK,2026-01-04,marque_generique_digitales,1,0.999254746937982,0.999254746937982,0.003336812293134761
HELLOBANK,2026-01-11,marque_generique_digitales,1,0.999254746937982,0.999254746937982,0.0034170063596621605
HELLOBANK,2026-01-18,marque_generique_digitales,1,0.999254746937982,0.999254746937982,0.003476502585883642
HELLOBANK,2026-01-25,marque_generique_digitales,1,0.999254746937982,0.999254746937982,0.003452644841580396
HELLOBANK,2026-02-01,marque_generique_digitales,1,0.999254746937982,0.999254746937982,0.003314775650135419
HELLOBANK,2026-02-08,marque_generique_digitales,1,0.999254746937982,0.999254746937982,0.00373696740595583
HELLOBANK,2026-02-15,marque_generique_digitales,1,0.999254746937982,0.999254746937982,0.003975287992034291
HELLOBANK,2026-02-22,marque_generique_digitales,1,0.999254746937982,0.999254746937982,0.003628123048690658
HELLOBANK,2026-03-01,marque_generique_digitales,1,0.999254746937982,0.999254746937982,0.003550629667884772
HELLOBANK,2026-03-08,marque_generique_digitales,1,0.999254746937982,0.999254746937982,0.0036282143020231164
HELLOBANK,2026-03-15,marque_generique_digitales,1,0.999254746937982,0.999254746937982,0.0037094488057645607
HELLOBANK,2026-03-22,marque_generique_digitales,1,0.999254746937982,0.999254746937982,0.00356352948776345
HELLOBANK,2026-03-29,marque_generique_digitales,1,0.999254746937982,0.999254746937982,0.003488799566469542
HELLOBANK,2026-04-05,marque_generique_digitales,1,0.999254746937982,0.999254746937982,0.003943943066033384
HELLOBANK,2026-04-12,marque_generique_digitales,1,0.999254746937982,0.999254746937982,0.0039594238284543165
HELLOBANK,2026-04-19,marque_generique_digitales,1,0.999254746937982,0.999254746937982,0.003913005272454261
HELLOBANK,2026-04-26,marque_generique_digitales,1,0.999254746937982,0.999254746937982,0.004072730123179986
HELLOBANK,2026-05-03,marque_generique_digitales,1,0.999254746937982,0.999254746937982,0.0035507076617971194
HELLOBANK,2026-05-10,marque_generique_digitales,1,0.999254746937982,0.999254746937982,0.0040072464591390435
HELLOBANK,2026-05-17,marque_generique_digitales,1,0.999254746937982,0.999254746937982,0.0036416850971648066
HELLOBANK,2026-05-24,marque_generique_digitales,1,0.999254746937982,0.999254746937982,0.004007369757279681
HELLOBANK,2026-05-31,marque_generique_digitales,1,0.999254746937982,0.999254746937982,0.0036282535735785706
HELLOBANK,2026-06-07,marque_generique_digitales,1,0.999254746937982,0.999254746937982,0.0037654235614407662
HELLOBANK,2026-06-14,marque_generique_digitales,1,0.999254746937982,0.999254746937982,0.0041229854457738415
HELLOBANK,2026-06-21,marque_generique_digitales,1,0.999254746937982,0.999254746937982,0.00405591359348949
HELLOBANK,2026-06-28,marque_generique_digitales,1,0.999254746937982,0.999254746937982,0.003628666609926718
HELLOBANK,2026-07-05,marque_generique_digitales,1,0.999254746937982,0.999254746937982,0.003913039531358828
HELLOBANK,2026-07-12,marque_generique_digitales,1,0.999254746937982,0.999254746937982,0.004072599121978734
HELLOBANK,2026-07-19,marque_generique_digitales,1,0.999254746937982,0.999254746937982,0.00435728174408445
HELLOBANK,2026-07-26,marque_generique_digitales,1,0.999254746937982,0.999254746937982,0.004245947444658524
HELLOBANK,2026-08-02,marque_generique_digitales,1,0.999254746937982,0.999254746937982,0.004073000874276567
HELLOBANK,2026-08-09,marque_generique_digitales,1,0.999254746937982,0.999254746937982,0.004158472184355271
HELLOBANK,2026-08-16,marque_generique_digitales,1,0.999254746937982,0.999254746937982,0.004338261772912734
HELLOBANK,2026-08-23,marque_generique_digitales,2,0.999254746937982,1.998509493875964,0.008046834764765058
HELLOBANK,2026-08-30,marque_generique_digitales,1,0.999254746937982,0.999254746937982,0.003654985476359928
HELLOBANK,2026-09-06,marque_generique_digitales,1,0.999254746937982,0.999254746937982,0.004089616954931293
HELLOBANK,2026-09-13,marque_generique_digitales,1,0.999254746937982,0.999254746937982,0.004338141204557389
HELLOBANK,2026-09-20,marque_generique_digitales,1,0.999254746937982,0.999254746937982,0.01818181818181818
ING,2021-09-12,marque_generique,65,1.0,65.0,0.27605017501706314
ING,2021-09-19,marque_generique,68,1.0,68.0,0.2089788941606101
ING,2021-09-26,marque_generique,77,1.0,77.0,0.22422243773682765
ING,2021-10-03,marque_generique,73,1.0,73.0,0.21635922368389462
ING,2021-10-10,marque_generique,70,1.0,70.0,0.20686646020700894
ING,2021-10-17,marque_generique,72,1.0,72.0,0.22266077247140306
ING,2021-10-24,marque_generique,70,1.0,70.0,0.21512794110678704
ING,2021-10-31,marque_generique,64,1.0,64.0,0.20356881514728611
ING,2021-11-07,marque_generique,61,1.0,61.0,0.20512720319596287
ING,2021-11-14,marque_generique,67,1.0,67.0,0.2179765548146966
ING,2021-11-21,marque_generique,59,1.0,59.0,0.19193904437058987
ING,2021-11-28,marque_generique,64,1.0,64.0,0.2035678500430329
ING,2021-12-05,marque_generique,67,1.0,67.0,0.19796620424260766
ING,2021-12-12,marque_generique,66,1.0,66.0,0.18670093130981244
ING,2021-12-19,marque_generique,62,1.0,62.0,0.19051904333019226
ING,2021-12-26,marque_generique,62,1.0,62.0,0.18703471498121216
ING,2022-01-02,marque_generique,71,1.0,71.0,0.18856575063631556
ING,2022-01-09,marque_generique,62,1.0,62.0,0.1784191090050923
ING,2022-01-16,marque_generique,59,1.0,59.0,0.18241368776999428
ING,2022-01-23,marque_generique,58,1.0,58.0,0.18100900853874097
ING,2022-01-30,marque_generique,78,1.0,78.0,0.20497554693940048
ING,2022-02-06,marque_generique,65,1.0,65.0,0.19149529156270398
ING,2022-02-13,marque_generique,63,1.0,63.0,0.20101509961951802
ING,2022-02-20,marque_generique,65,1.0,65.0,0.19378796350071564
ING,2022-02-27,marque_generique,75,1.0,75.0,0.20578621488171372
ING,2022-03-06,marque_generique,71,1.0,71.0,0.20493897945797446
ING,2022-03-13,marque_generique,67,1.0,67.0,0.2039996083612928
ING,2022-03-20,marque_generique,64,1.0,64.0,0.19079987615593294
ING,2022-03-27,marque_generique,69,1.0,69.0,0.19801826849752227
ING,2022-04-03,marque_generique,66,1.0,66.0,0.18994662742031201
ING,2022-04-10,marque_generique,58,1.0,58.0,0.19308102986509162
ING,2022-04-17,marque_generique,55,1.0,55.0,0.18308595633375707
ING,2022-04-24,marque_generique,65,1.0,65.0,0.18650550811022223
ING,2022-05-01,marque_generique,69,1.0,69.0,0.2008978474077241
ING,2022-05-08,marque_generique,66,1.0,66.0,0.19735261260049117
ING,2022-05-15,marque_generique,58,1.0,58.0,0.18867354227472335
ING,2022-05-22,marque_generique,47,1.0,47.0,0.16585349384671572
ING,2022-05-29,marque_generique,66,1.0,66.0,0.19105447739834916
ING,2022-06-05,marque_generique,58,1.0,58.0,0.18329773586249315
ING,2022-06-12,marque_generique,60,1.0,60.0,0.18323711085835356
ING,2022-06-19,marque_generique,64,1.0,64.0,0.1919237252801684
ING,2022-06-26,marque_generique,66,1.0,66.0,0.18057353412072719
ING,2022-07-03,marque_generique,69,1.0,69.0,0.18326919093236735
ING,2022-07-10,marque_generique,65,1.0,65.0,0.18980380928755822
ING,2022-07-17,marque_generique,55,1.0,55.0,0.19138148299020905
ING,2022-07-24,marque_generique,57,1.0,57.0,0.18127827130152507
ING,2022-07-31,marque_generique,62,1.0,62.0,0.18209752246669852
ING,2022-08-07,marque_generique,55,1.0,55.0,0.17545869054457686
ING,2022-08-14,marque_generique,54,1.0,54.0,0.18402961174275287
ING,2022-08-21,marque_generique,59,1.0,59.0,0.18411068280670953
ING,2022-08-28,marque_generique,56,1.0,56.0,0.17048715250615848
ING,2022-09-04,marque_generique,59,1.0,59.0,0.18073074600079883
ING,2022-09-11,marque_generique,62,1.0,62.0,0.18593574102587582
ING,2022-09-18,marque_generique,59,1.0,59.0,0.18410798758520996
ING,2022-09-25,marque_generique,68,1.0,68.0,0.20150189595253964
ING,2022-10-02,marque_generique,62,1.0,62.0,0.18879082763112226
ING,2022-10-09,marque_generique,58,1.0,58.0,0.1950420570103871
ING,2022-10-16,marque_generique,58,1.0,58.0,0.1918152963667854
ING,2022-10-23,marque_generique,58,1.0,58.0,0.18100913270375715
ING,2022-10-30,marque_generique,62,1.0,62.0,0.21498991870754433
ING,2022-11-06,marque_generique,55,1.0,55.0,0.19687600782982156
ING,2022-11-13,marque_generique,60,1.0,60.0,0.1815973408782409
ING,2022-11-20,marque_generique,55,1.0,55.0,0.19341836872356005
ING,2022-11-27,marque_generique,58,1.0,58.0,0.1943888544843112
ING,2022-12-04,marque_generique,58,1.0,58.0,0.1943676052368271
ING,2022-12-11,marque_generique,55,1.0,55.0,0.1824780641669418
ING,2022-12-18,marque_generique,55,1.0,55.0,0.17218302922260365
ING,2022-12-25,marque_generique,52,1.0,52.0,0.17426726835396084
ING,2023-01-01,marque_generique,60,1.0,60.0,0.1778043838270283
ING,2023-01-08,marque_generique,57,1.0,57.0,0.18187711429963718
ING,2023-01-15,marque_generique,51,1.0,51.0,0.16808074123117486
ING,2023-01-22,marque_generique,57,1.0,57.0,0.18304887941710068
ING,2023-01-29,marque_generique,67,1.0,67.0,0.19680178820062036
ING,2023-02-05,marque_generique,57,1.0,57.0,0.17900822100746028
ING,2023-02-12,marque_generique,55,1.0,55.0,0.18558067204649686
ING,2023-02-19,marque_generique,54,1.0,54.0,0.18282091703565173
ING,2023-02-26,marque_generique,58,1.0,58.0,0.18625465118209733
ING,2023-03-05,marque_generique,51,1.0,51.0,0.17325307488205102
ING,2023-03-12,marque_generique,62,1.0,62.0,0.20304582152257092
ING,2023-03-19,marque_generique,63,1.0,63.0,0.1991264423597242
ING,2023-03-26,marque_generique,56,1.0,56.0,0.1895936382924159
ING,2023-04-02,marque_generique,59,1.0,59.0,0.19447579741667534
ING,2023-04-09,marque_generique,53,1.0,53.0,0.18639664155173677
ING,2023-04-16,marque_generique,51,1.0,51.0,0.18322122472259003
ING,2023-04-23,marque_generique,55,1.0,55.0,0.19006853501379922
ING,2023-04-30,marque_generique,50,1.0,50.0,0.1849334049780613
ING,2023-05-07,marque_generique,54,1.0,54.0,0.1954062597002988
ING,2023-05-14,marque_generique,47,1.0,47.0,0.18775524307412017
ING,2023-05-21,marque_generique,55,1.0,55.0,0.18128730358604161
ING,2023-05-28,marque_generique,53,1.0,53.0,0.19460672164683646
ING,2023-06-04,marque_generique,55,1.0,55.0,0.19904002019585182
ING,2023-06-11,marque_generique,54,1.0,54.0,0.19400273294520745
ING,2023-06-18,marque_generique,52,1.0,52.0,0.19094147491035393
ING,2023-06-25,marque_generique,58,1.0,58.0,0.1918148236062896
ING,2023-07-02,marque_generique,63,1.0,63.0,0.1889620099252631
ING,2023-07-09,marque_generique,57,1.0,57.0,0.17957650702949876
ING,2023-07-16,marque_generique,53,1.0,53.0,0.20280328330857278
ING,2023-07-23,marque_generique,52,1.0,52.0,0.18158262221201366
ING,2023-07-30,marque_generique,61,1.0,61.0,0.20651888266051846
ING,2023-08-06,marque_generique,59,1.0,59.0,0.20180383637620283
ING,2023-08-13,marque_generique,47,1.0,47.0,0.18335627834137153
ING,2023-08-20,marque_generique,60,1.0,60.0,0.15849366799317394
ING,2023-08-27,marque_generique,71,1.0,71.0,0.17463744480177076
ING,2023-09-03,marque_generique,56,1.0,56.0,0.18643027396411585
ING,2023-09-10,marque_generique,53,1.0,53.0,0.1897309939325351
ING,2023-09-17,marque_generique,53,1.0,53.0,0.1924874346196643
ING,2023-09-24,marque_generique,60,1.0,60.0,0.19975494401168828
ING,2023-10-01,marque_generique,61,1.0,61.0,0.1952784634792456
ING,2023-10-08,marque_generique,54,1.0,54.0,0.1912425983500732
ING,2023-10-15,marque_generique,60,1.0,60.0,0.2059313884124284
ING,2023-10-22,marque_generique,52,1.0,52.0,0.1828677966187471
ING,2023-10-29,marque_generique,52,1.0,52.0,0.1937742412820426
ING,2023-11-05,marque_generique,54,1.0,54.0,0.19540188860675917
ING,2023-11-12,marque_generique,55,1.0,55.0,0.2057298086335917
ING,2023-11-19,marque_generique,54,1.0,54.0,0.19471106278728403
ING,2023-11-26,marque_generique,58,1.0,58.0,0.20325155654840807
ING,2023-12-03,marque_generique,54,1.0,54.0,0.18726741956083875
ING,2023-12-10,marque_generique,53,1.0,53.0,0.17527591156559236
ING,2023-12-17,marque_generique,55,1.0,55.0,0.17950802801284294
ING,2023-12-24,marque_generique,55,1.0,55.0,0.19546508300304233
ING,2023-12-31,marque_generique,52,1.0,52.0,0.17310116735938877
ING,2024-01-07,marque_generique,56,1.0,56.0,0.1827797616212718
ING,2024-01-14,marque_generique,51,1.0,51.0,0.16921123952096767
ING,2024-01-21,marque_generique,56,1.0,56.0,0.1649194852431116
ING,2024-01-28,marque_generique,61,1.0,61.0,0.1903730023710086
ING,2024-02-04,marque_generique,48,1.0,48.0,0.16248249496694475
ING,2024-02-11,marque_generique,51,1.0,51.0,0.1756133143757559
ING,2024-02-18,marque_generique,51,1.0,51.0,0.16644379986828647
ING,2024-02-25,marque_generique,57,1.0,57.0,0.17955316904430102
ING,2024-03-03,marque_generique,52,1.0,52.0,0.17366843820311814
ING,2024-03-10,marque_generique,52,1.0,52.0,0.18349893027632425
ING,2024-03-17,marque_generique,51,1.0,51.0,0.1786990939098347
ING,2024-03-24,marque_generique,90,1.0,90.0,0.262070043958227
ING,2024-03-31,marque_generique,56,1.0,56.0,0.1876660731693172
ING,2024-04-07,marque_generique,54,1.0,54.0,0.18595047142844376
ING,2024-04-14,marque_generique,52,1.0,52.0,0.18222287325968237
ING,2024-04-21,marque_generique,49,1.0,49.0,0.17601969275603097
ING,2024-04-28,marque_generique,45,1.0,45.0,0.16893743853272525
ING,2024-05-05,marque_generique,47,1.0,47.0,0.1826314888992131
ING,2024-05-12,marque_generique,51,1.0,51.0,0.1703323022497618
ING,2024-05-19,marque_generique,50,1.0,50.0,0.1877082650363614
ING,2024-05-26,marque_generique,54,1.0,54.0,0.18531627466627615
ING,2024-06-02,marque_generique,57,1.0,57.0,0.19973132311423286
ING,2024-06-09,marque_generique,48,1.0,48.0,0.1618875259687796
ING,2024-06-16,marque_generique,51,1.0,51.0,0.18056605633484138
ING,2024-06-23,marque_generique,50,1.0,50.0,0.1727350347419983
ING,2024-06-30,marque_generique,57,1.0,57.0,0.17953809281873506
ING,2024-07-07,marque_generique,54,1.0,54.0,0.17620206273932795
ING,2024-07-14,marque_generique,49,1.0,49.0,0.16417643089802827
ING,2024-07-21,marque_generique,51,1.0,51.0,0.16750526419569087
ING,2024-07-28,marque_generique,50,1.0,50.0,0.1751712396446984
ING,2024-08-04,marque_generique,51,1.0,51.0,0.1726131089157155
ING,2024-08-11,marque_generique,45,1.0,45.0,0.17083804993663262
ING,2024-08-18,marque_generique,50,1.0,50.0,0.16476332754472542
ING,2024-08-25,marque_generique,73,1.0,73.0,0.2143973620656207
ING,2024-09-01,marque_generique,82,1.0,82.0,0.18117791604522826
ING,2024-09-08,marque_generique,63,1.0,63.0,0.1792292893747406
ING,2024-09-15,marque_generique,53,1.0,53.0,0.17409427957931467
ING,2024-09-22,marque_generique,55,1.0,55.0,0.17660258872913073
ING,2024-09-29,marque_generique,56,1.0,56.0,0.17641176272397852
ING,2024-10-06,marque_generique,52,1.0,52.0,0.175414103789449
ING,2024-10-13,marque_generique,52,1.0,52.0,0.1815564657932879
ING,2024-10-20,marque_generique,56,1.0,56.0,0.19552031277923013
ING,2024-10-27,marque_generique,50,1.0,50.0,0.15955434037767163
ING,2024-11-03,marque_generique,54,1.0,54.0,0.18155364634221918
ING,2024-11-10,marque_generique,54,1.0,54.0,0.19896471578738117
ING,2024-11-17,marque_generique,51,1.0,51.0,0.1812182670077246
ING,2024-11-24,marque_generique,54,1.0,54.0,0.18466141300053018
ING,2024-12-01,marque_generique,54,1.0,54.0,0.18594303217144212
ING,2024-12-08,marque_generique,52,1.0,52.0,0.1821831264995822
ING,2024-12-15,marque_generique,54,1.0,54.0,0.16850342530033388
ING,2024-12-22,marque_generique,44,1.0,44.0,0.1627127145681137
ING,2024-12-29,marque_generique,48,1.0,48.0,0.15312060227837423
ING,2025-01-05,marque_generique,52,1.0,52.0,0.16912977903481746
ING,2025-01-12,marque_generique,53,1.0,53.0,0.17998570914965142
ING,2025-01-19,marque_generique,50,1.0,50.0,0.16476963586684887
ING,2025-01-26,marque_generique,52,1.0,52.0,0.17307825581495948
ING,2025-02-02,marque_generique,50,1.0,50.0,0.1675257153691014
ING,2025-02-09,marque_generique,51,1.0,51.0,0.1714627830348424
ING,2025-02-16,marque_generique,48,1.0,48.0,0.16584615651520468
ING,2025-02-23,marque_generique,53,1.0,53.0,0.172950492675445
ING,2025-03-02,marque_generique,52,1.0,52.0,0.17192220348721954
ING,2025-03-09,marque_generique,50,1.0,50.0,0.16809685288383203
ING,2025-03-16,marque_generique,48,1.0,48.0,0.17429604800686416
ING,2025-03-23,marque_generique,48,1.0,48.0,0.1681629433758202
ING,2025-03-30,marque_generique,58,1.0,58.0,0.1809857055249385
ING,2025-04-06,marque_generique,52,1.0,52.0,0.1685810612204553
ING,2025-04-13,marque_generique,52,1.0,52.0,0.18219448877682118
ING,2025-04-20,marque_generique,50,1.0,50.0,0.18287993914207606
ING,2025-04-27,marque_generique,45,1.0,45.0,0.16828988919334636
ING,2025-05-04,marque_generique,45,1.0,45.0,0.15655836108525484
ING,2025-05-11,marque_generique,49,1.0,49.0,0.17350049404765025
ING,2025-05-18,marque_generique,52,1.0,52.0,0.17843273468074158
ING,2025-05-25,marque_generique,45,1.0,45.0,0.1702064115239027
ING,2025-06-01,marque_generique,48,1.0,48.0,0.16300934735655798
ING,2025-06-08,marque_generique,41,1.0,41.0,0.1599047309059315
ING,2025-06-15,marque_generique,45,1.0,45.0,0.16221618662314316
ING,2025-06-22,marque_generique,51,1.0,51.0,0.16805558338822496
ING,2025-06-29,marque_generique,49,1.0,49.0,0.15681442997855188
ING,2025-07-06,marque_generique,54,1.0,54.0,0.17449297658531815
ING,2025-07-13,marque_generique,49,1.0,49.0,0.1641931460345418
ING,2025-07-20,marque_generique,47,1.0,47.0,0.17317632205494649
ING,2025-07-27,marque_generique,51,1.0,51.0,0.17321674920550306
ING,2025-08-03,marque_generique,45,1.0,45.0,0.15548317389665325
ING,2025-08-10,marque_generique,42,1.0,42.0,0.16254493548659182
ING,2025-08-17,marque_generique,48,1.0,48.0,0.16526273535413744
ING,2025-08-24,marque_generique,52,1.0,52.0,0.1680458438186919
ING,2025-08-31,marque_generique,49,1.0,49.0,0.15988733106588252
ING,2025-09-07,marque_generique,47,1.0,47.0,0.1580072452156256
ING,2025-09-14,marque_generique,50,1.0,50.0,0.17579777335136232
ING,2025-09-21,marque_generique,50,1.0,50.0,0.17396089928614528
ING,2025-09-28,marque_generique,55,1.0,55.0,0.1754674030425006
ING,2025-10-05,marque_generique,51,1.0,51.0,0.16862290000487204
ING,2025-10-12,marque_generique,45,1.0,45.0,0.161622203084007
ING,2025-10-19,marque_generique,50,1.0,50.0,0.17336056968563018
ING,2025-10-26,marque_generique,50,1.0,50.0,0.17457352480123836
ING,2025-11-02,marque_generique,55,1.0,55.0,0.18679656335071304
ING,2025-11-09,marque_generique,47,1.0,47.0,0.17981705921313468
ING,2025-11-16,marque_generique,49,1.0,49.0,0.1818980487070689
ING,2025-11-23,marque_generique,48,1.0,48.0,0.17620862003380341
ING,2025-11-30,marque_generique,50,1.0,50.0,0.17274476807626316
ING,2025-12-07,marque_generique,48,1.0,48.0,0.16935616804361903
ING,2025-12-14,marque_generique,49,1.0,49.0,0.16640592079615849
ING,2025-12-21,marque_generique,47,1.0,47.0,0.1854979539959883
ING,2025-12-28,marque_generique,44,1.0,44.0,0.1563381812252646
ING,2026-01-04,marque_generique,49,1.0,49.0,0.16362574495105303
ING,2026-01-11,marque_generique,49,1.0,49.0,0.16755818487378923
ING,2026-01-18,marque_generique,48,1.0,48.0,0.1669965788341375
ING,2026-01-25,marque_generique,47,1.0,47.0,0.16239533317358368
ING,2026-02-01,marque_generique,52,1.0,52.0,0.1724968876407446
ING,2026-02-08,marque_generique,46,1.0,46.0,0.17202870559356678
ING,2026-02-15,marque_generique,43,1.0,43.0,0.1710648702758513
ING,2026-02-22,marque_generique,46,1.0,46.0,0.16701813101332044
ING,2026-03-01,marque_generique,45,1.0,45.0,0.1598974991556695
ING,2026-03-08,marque_generique,48,1.0,48.0,0.17428417231018503
ING,2026-03-15,marque_generique,49,1.0,49.0,0.18189855193526988
ING,2026-03-22,marque_generique,46,1.0,46.0,0.16404461118591254
ING,2026-03-29,marque_generique,45,1.0,45.0,0.15711306948724782
ING,2026-04-05,marque_generique,43,1.0,43.0,0.16971603323287585
ING,2026-04-12,marque_generique,41,1.0,41.0,0.16245744887785085
ING,2026-04-19,marque_generique,42,1.0,42.0,0.1644687923141575
ING,2026-04-26,marque_generique,42,1.0,42.0,0.1711822392615322
ING,2026-05-03,marque_generique,48,1.0,48.0,0.17056107893259734
ING,2026-05-10,marque_generique,46,1.0,46.0,0.18447081455979966
ING,2026-05-17,marque_generique,49,1.0,49.0,0.17857565381388218
ING,2026-05-24,marque_generique,43,1.0,43.0,0.1724454150366133
ING,2026-05-31,marque_generique,43,1.0,43.0,0.15613126096418883
ING,2026-06-07,marque_generique,40,1.0,40.0,0.15072927391054824
ING,2026-06-14,marque_generique,40,1.0,40.0,0.1650424161969873
ING,2026-06-21,marque_generique,38,1.0,38.0,0.15423966413458154
ING,2026-06-28,marque_generique,51,1.0,51.0,0.18520001798675303
ING,2026-07-05,marque_generique,40,1.0,40.0,0.15663831643930884
ING,2026-07-12,marque_generique,39,1.0,39.0,0.1589498235999157
ING,2026-07-19,marque_generique,35,1.0,35.0,0.1526186005223159
ING,2026-07-26,marque_generique,38,1.0,38.0,0.16146633617847378
ING,2026-08-02,marque_generique,41,1.0,41.0,0.1671175807340984
ING,2026-08-09,marque_generique,35,1.0,35.0,0.1456550763440784
ING,2026-08-16,marque_generique,37,1.0,37.0,0.16063539962120735
ING,2026-08-23,marque_generique,41,1.0,41.0,0.16508314139429534
ING,2026-08-30,marque_generique,46,1.0,46.0,0.16825472426101118
ING,2026-09-06,marque_generique,39,1.0,39.0,0.15961401407505085
ING,2026-09-13,marque_generique,35,1.0,35.0,0.1519481820074177
KBC,2021-09-12,marque_generique,64,1.0,64.0,0.2718032492475699
KBC,2021-09-19,marque_generique,69,1.0,69.0,0.2120521131923838
KBC,2021-09-26,marque_generique,72,1.0,72.0,0.2096625391824882
KBC,2021-10-03,marque_generique,75,1.0,75.0,0.22228687364783695
KBC,2021-10-10,marque_generique,75,1.0,75.0,0.221642635936081
KBC,2021-10-17,marque_generique,72,1.0,72.0,0.22266077247140306
KBC,2021-10-24,marque_generique,68,1.0,68.0,0.208981428503736
KBC,2021-10-31,marque_generique,65,1.0,65.0,0.20674957788396248
KBC,2021-11-07,marque_generique,63,1.0,63.0,0.21185268526796167
KBC,2021-11-14,marque_generique,69,1.0,69.0,0.22448331764498605
KBC,2021-11-21,marque_generique,63,1.0,63.0,0.2049518609380875
KBC,2021-11-28,marque_generique,67,1.0,67.0,0.21311009301380007
KBC,2021-12-05,marque_generique,76,1.0,76.0,0.22455867943937585
KBC,2021-12-12,marque_generique,76,1.0,76.0,0.21498895120523856
KBC,2021-12-19,marque_generique,69,1.0,69.0,0.2120292578997301
KBC,2021-12-26,marque_generique,64,1.0,64.0,0.1930680928838319
KBC,2022-01-02,marque_generique,77,1.0,77.0,0.2045008844929056
KBC,2022-01-09,marque_generique,74,1.0,74.0,0.21295183978027146
KBC,2022-01-16,marque_generique,73,1.0,73.0,0.22569829164762004
KBC,2022-01-23,marque_generique,67,1.0,67.0,0.2090966133119939
KBC,2022-01-30,marque_generique,82,1.0,82.0,0.21548711344911334
KBC,2022-02-06,marque_generique,75,1.0,75.0,0.22095610564927382
KBC,2022-02-13,marque_generique,70,1.0,70.0,0.22335011068835336
KBC,2022-02-20,marque_generique,79,1.0,79.0,0.23552690948548516
KBC,2022-02-27,marque_generique,83,1.0,83.0,0.22773674446909653
KBC,2022-03-06,marque_generique,83,1.0,83.0,0.23957655345087156
KBC,2022-03-13,marque_generique,75,1.0,75.0,0.22835777055368597
KBC,2022-03-20,marque_generique,74,1.0,74.0,0.22061235680529748
KBC,2022-03-27,marque_generique,76,1.0,76.0,0.21810707834509702
KBC,2022-04-03,marque_generique,74,1.0,74.0,0.2129704610470165
KBC,2022-04-10,marque_generique,68,1.0,68.0,0.22637086260045225
KBC,2022-04-17,marque_generique,67,1.0,67.0,0.22303198317021317
KBC,2022-04-24,marque_generique,70,1.0,70.0,0.2008520856571624
KBC,2022-05-01,marque_generique,71,1.0,71.0,0.20672097341954218
KBC,2022-05-08,marque_generique,75,1.0,75.0,0.22426433250055816
KBC,2022-05-15,marque_generique,69,1.0,69.0,0.2244564554647571
KBC,2022-05-22,marque_generique,64,1.0,64.0,0.22584305545084693
KBC,2022-05-29,marque_generique,75,1.0,75.0,0.2171073606799422
KBC,2022-06-05,marque_generique,70,1.0,70.0,0.22122140535128484
KBC,2022-06-12,marque_generique,75,1.0,75.0,0.22904638857294196
KBC,2022-06-19,marque_generique,70,1.0,70.0,0.20991657452518417
KBC,2022-06-26,marque_generique,82,1.0,82.0,0.22434893633181255
KBC,2022-07-03,marque_generique,81,1.0,81.0,0.21514209370321385
KBC,2022-07-10,marque_generique,75,1.0,75.0,0.21900439533179794
KBC,2022-07-17,marque_generique,62,1.0,62.0,0.21573912627987202
KBC,2022-07-24,marque_generique,66,1.0,66.0,0.20990115624387112
KBC,2022-07-31,marque_generique,71,1.0,71.0,0.2085310337925096
KBC,2022-08-07,marque_generique,64,1.0,64.0,0.20417011263368945
KBC,2022-08-14,marque_generique,62,1.0,62.0,0.21129325792686443
KBC,2022-08-21,marque_generique,70,1.0,70.0,0.21843640332999437
KBC,2022-08-28,marque_generique,72,1.0,72.0,0.21919776750791806
KBC,2022-09-04,marque_generique,73,1.0,73.0,0.22361600776370025
KBC,2022-09-11,marque_generique,79,1.0,79.0,0.23691812162974502
KBC,2022-09-18,marque_generique,68,1.0,68.0,0.2121922568778691
KBC,2022-09-25,marque_generique,71,1.0,71.0,0.21039168547985757
KBC,2022-10-02,marque_generique,75,1.0,75.0,0.22837600116668016
KBC,2022-10-09,marque_generique,68,1.0,68.0,0.22866999787424694
KBC,2022-10-16,marque_generique,69,1.0,69.0,0.2281940594708309
KBC,2022-10-23,marque_generique,76,1.0,76.0,0.2371843807842335
KBC,2022-10-30,marque_generique,60,1.0,60.0,0.20805476003955903
KBC,2022-11-06,marque_generique,65,1.0,65.0,0.23267164561706186
KBC,2022-11-13,marque_generique,74,1.0,74.0,0.22397005374983042
KBC,2022-11-20,marque_generique,62,1.0,62.0,0.21803525201564952
KBC,2022-11-27,marque_generique,69,1.0,69.0,0.23125570619685298
KBC,2022-12-04,marque_generique,69,1.0,69.0,0.23123042691967363
KBC,2022-12-11,marque_generique,70,1.0,70.0,0.2322448089397441
KBC,2022-12-18,marque_generique,73,1.0,73.0,0.22853383878636482
KBC,2022-12-25,marque_generique,66,1.0,66.0,0.2211853790646426
KBC,2023-01-01,marque_generique,79,1.0,79.0,0.2341091053722539
KBC,2023-01-08,marque_generique,77,1.0,77.0,0.2456936456328432
KBC,2023-01-15,marque_generique,73,1.0,73.0,0.24058615901717184
KBC,2023-01-22,marque_generique,74,1.0,74.0,0.23764240485728863
KBC,2023-01-29,marque_generique,75,1.0,75.0,0.2203005091797989
KBC,2023-02-05,marque_generique,76,1.0,76.0,0.23867762800994705
KBC,2023-02-12,marque_generique,71,1.0,71.0,0.2395677766418414
KBC,2023-02-19,marque_generique,68,1.0,68.0,0.2302189325634133
KBC,2023-02-26,marque_generique,71,1.0,71.0,0.2280013833436019
KBC,2023-03-05,marque_generique,73,1.0,73.0,0.24798969541940635
KBC,2023-03-12,marque_generique,79,1.0,79.0,0.2587196758110178
KBC,2023-03-19,marque_generique,81,1.0,81.0,0.2560197116053597
KBC,2023-03-26,marque_generique,71,1.0,71.0,0.240377648549313
KBC,2023-04-02,marque_generique,69,1.0,69.0,0.2274377969788237
KBC,2023-04-09,marque_generique,62,1.0,62.0,0.21804890143788075
KBC,2023-04-16,marque_generique,66,1.0,66.0,0.23710982022923416
KBC,2023-04-23,marque_generique,67,1.0,67.0,0.23153803356226452
KBC,2023-04-30,marque_generique,59,1.0,59.0,0.2182214178741123
KBC,2023-05-07,marque_generique,63,1.0,63.0,0.22797396965034858
KBC,2023-05-14,marque_generique,60,1.0,60.0,0.23968754434994063
KBC,2023-05-21,marque_generique,74,1.0,74.0,0.24391382664303782
KBC,2023-05-28,marque_generique,63,1.0,63.0,0.23132497101416408
KBC,2023-06-04,marque_generique,63,1.0,63.0,0.227991295860703
KBC,2023-06-11,marque_generique,64,1.0,64.0,0.22992916497209773
KBC,2023-06-18,marque_generique,65,1.0,65.0,0.23867684363794242
KBC,2023-06-25,marque_generique,70,1.0,70.0,0.23150064918000468
KBC,2023-07-02,marque_generique,79,1.0,79.0,0.23695236165231404
KBC,2023-07-09,marque_generique,72,1.0,72.0,0.22683348256357735
KBC,2023-07-16,marque_generique,57,1.0,57.0,0.2181091914828047
KBC,2023-07-23,marque_generique,63,1.0,63.0,0.2199943307568627
KBC,2023-07-30,marque_generique,65,1.0,65.0,0.22006110447432295
KBC,2023-08-06,marque_generique,65,1.0,65.0,0.22232626041446074
KBC,2023-08-13,marque_generique,58,1.0,58.0,0.2262694498680755
KBC,2023-08-20,marque_generique,83,1.0,83.0,0.21924957405722392
KBC,2023-08-27,marque_generique,90,1.0,90.0,0.2213714089036531
KBC,2023-09-03,marque_generique,70,1.0,70.0,0.2330378424551448
KBC,2023-09-10,marque_generique,60,1.0,60.0,0.21478980445192652
KBC,2023-09-17,marque_generique,63,1.0,63.0,0.228805818510167
KBC,2023-09-24,marque_generique,64,1.0,64.0,0.21307194027913415
KBC,2023-10-01,marque_generique,68,1.0,68.0,0.21768746748506065
KBC,2023-10-08,marque_generique,61,1.0,61.0,0.2160333055436012
KBC,2023-10-15,marque_generique,65,1.0,65.0,0.22309233744679743
KBC,2023-10-22,marque_generique,66,1.0,66.0,0.23210143416994825
KBC,2023-10-29,marque_generique,58,1.0,58.0,0.21613280758381673
KBC,2023-11-05,marque_generique,63,1.0,63.0,0.22796887004121902
KBC,2023-11-12,marque_generique,59,1.0,59.0,0.22069197653421654
KBC,2023-11-19,marque_generique,67,1.0,67.0,0.24158594827311167
KBC,2023-11-26,marque_generique,64,1.0,64.0,0.2242775796396227
KBC,2023-12-03,marque_generique,67,1.0,67.0,0.23235031686252217
KBC,2023-12-10,marque_generique,75,1.0,75.0,0.24803195032866845
KBC,2023-12-17,marque_generique,72,1.0,72.0,0.23499232758044894
KBC,2023-12-24,marque_generique,59,1.0,59.0,0.20968072540326357
KBC,2023-12-31,marque_generique,68,1.0,68.0,0.22636306500843145
KBC,2024-01-07,marque_generique,75,1.0,75.0,0.2447943235999176
KBC,2024-01-14,marque_generique,71,1.0,71.0,0.2355685883527197
KBC,2024-01-21,marque_generique,65,1.0,65.0,0.19142440251432596
KBC,2024-01-28,marque_generique,70,1.0,70.0,0.2184608223929607
KBC,2024-02-04,marque_generique,63,1.0,63.0,0.21325827464411498
KBC,2024-02-11,marque_generique,62,1.0,62.0,0.21349069590778166
KBC,2024-02-18,marque_generique,62,1.0,62.0,0.20234344297713258
KBC,2024-02-25,marque_generique,69,1.0,69.0,0.2173538362115223
KBC,2024-03-03,marque_generique,62,1.0,62.0,0.20706621478064086
KBC,2024-03-10,marque_generique,57,1.0,57.0,0.20114305818750927
KBC,2024-03-17,marque_generique,60,1.0,60.0,0.2102342281292173
KBC,2024-03-24,marque_generique,66,1.0,66.0,0.19218469890269976
KBC,2024-03-31,marque_generique,61,1.0,61.0,0.20442197255943478
KBC,2024-04-07,marque_generique,59,1.0,59.0,0.20316810767181817
KBC,2024-04-14,marque_generique,60,1.0,60.0,0.21025716145347967
KBC,2024-04-21,marque_generique,59,1.0,59.0,0.21194207903277199
KBC,2024-04-28,marque_generique,57,1.0,57.0,0.213987422141452
KBC,2024-05-05,marque_generique,53,1.0,53.0,0.20594614705655948
KBC,2024-05-12,marque_generique,69,1.0,69.0,0.23044958539673657
KBC,2024-05-19,marque_generique,52,1.0,52.0,0.19521659563781585
KBC,2024-05-26,marque_generique,59,1.0,59.0,0.20247518898722763
KBC,2024-06-02,marque_generique,59,1.0,59.0,0.20673943971473227
KBC,2024-06-09,marque_generique,56,1.0,56.0,0.1888687802969095
KBC,2024-06-16,marque_generique,50,1.0,50.0,0.17702554542631507
KBC,2024-06-23,marque_generique,56,1.0,56.0,0.19346323891103812
KBC,2024-06-30,marque_generique,61,1.0,61.0,0.19213725722706734
KBC,2024-07-07,marque_generique,62,1.0,62.0,0.2023060720340432
KBC,2024-07-14,marque_generique,57,1.0,57.0,0.19098074614668595
KBC,2024-07-21,marque_generique,58,1.0,58.0,0.19049618281078567
KBC,2024-07-28,marque_generique,54,1.0,54.0,0.1891849388162743
KBC,2024-08-04,marque_generique,59,1.0,59.0,0.19968967502014145
KBC,2024-08-11,marque_generique,53,1.0,53.0,0.2012092588142562
KBC,2024-08-18,marque_generique,62,1.0,62.0,0.20430652615545952
KBC,2024-08-25,marque_generique,64,1.0,64.0,0.18796481057807843
KBC,2024-09-01,marque_generique,100,1.0,100.0,0.22094867810393692
KBC,2024-09-08,marque_generique,76,1.0,76.0,0.21621311099175058
KBC,2024-09-15,marque_generique,66,1.0,66.0,0.21679665004216545
KBC,2024-09-22,marque_generique,67,1.0,67.0,0.21513406263366835
KBC,2024-09-29,marque_generique,71,1.0,71.0,0.22366491345361564
KBC,2024-10-06,marque_generique,57,1.0,57.0,0.1922808445384345
KBC,2024-10-13,marque_generique,59,1.0,59.0,0.20599675926546127
KBC,2024-10-20,marque_generique,60,1.0,60.0,0.209486049406318
KBC,2024-10-27,marque_generique,57,1.0,57.0,0.18189194803054567
KBC,2024-11-03,marque_generique,59,1.0,59.0,0.19836416915168392
KBC,2024-11-10,marque_generique,55,1.0,55.0,0.20264924756122155
KBC,2024-11-17,marque_generique,56,1.0,56.0,0.1989847637731878
KBC,2024-11-24,marque_generique,62,1.0,62.0,0.2120186593709791
KBC,2024-12-01,marque_generique,60,1.0,60.0,0.20660336907938012
KBC,2024-12-08,marque_generique,56,1.0,56.0,0.19619721315339625
KBC,2024-12-15,marque_generique,64,1.0,64.0,0.19970776331891424
KBC,2024-12-22,marque_generique,56,1.0,56.0,0.20708890945032654
KBC,2024-12-29,marque_generique,62,1.0,62.0,0.19778077794290005
KBC,2025-01-05,marque_generique,66,1.0,66.0,0.2146647195441914
KBC,2025-01-12,marque_generique,54,1.0,54.0,0.18338166592605995
KBC,2025-01-19,marque_generique,61,1.0,61.0,0.2010189557575556
KBC,2025-01-26,marque_generique,62,1.0,62.0,0.20636253577937477
KBC,2025-02-02,marque_generique,58,1.0,58.0,0.19432982982815764
KBC,2025-02-09,marque_generique,58,1.0,58.0,0.1949968905102129
KBC,2025-02-16,marque_generique,61,1.0,61.0,0.21076282390473927
KBC,2025-02-23,marque_generique,65,1.0,65.0,0.21210909479064008
KBC,2025-03-02,marque_generique,62,1.0,62.0,0.2049841656963002
KBC,2025-03-09,marque_generique,61,1.0,61.0,0.20507816051827507
KBC,2025-03-16,marque_generique,56,1.0,56.0,0.2033453893413415
KBC,2025-03-23,marque_generique,52,1.0,52.0,0.18217652199047188
KBC,2025-03-30,marque_generique,65,1.0,65.0,0.20282880791587934
KBC,2025-04-06,marque_generique,68,1.0,68.0,0.2204521569805954
KBC,2025-04-13,marque_generique,54,1.0,54.0,0.18920196911439122
KBC,2025-04-20,marque_generique,58,1.0,58.0,0.21214072940480824
KBC,2025-04-27,marque_generique,55,1.0,55.0,0.20568764234742332
KBC,2025-05-04,marque_generique,59,1.0,59.0,0.205265406756223
KBC,2025-05-11,marque_generique,61,1.0,61.0,0.2159904109572789
KBC,2025-05-18,marque_generique,61,1.0,61.0,0.20931532337548533
KBC,2025-05-25,marque_generique,52,1.0,52.0,0.1966829644276209
KBC,2025-06-01,marque_generique,57,1.0,57.0,0.1935735999859126
KBC,2025-06-08,marque_generique,50,1.0,50.0,0.19500576939747744
KBC,2025-06-15,marque_generique,58,1.0,58.0,0.2090786405364956
KBC,2025-06-22,marque_generique,61,1.0,61.0,0.20100765856238673
KBC,2025-06-29,marque_generique,65,1.0,65.0,0.20801914180828313
KBC,2025-07-06,marque_generique,60,1.0,60.0,0.19388108509479793
KBC,2025-07-13,marque_generique,60,1.0,60.0,0.20105283187903078
KBC,2025-07-20,marque_generique,55,1.0,55.0,0.2026531428302565
KBC,2025-07-27,marque_generique,61,1.0,61.0,0.20718081767717034
KBC,2025-08-03,marque_generique,58,1.0,58.0,0.2004005352445753
KBC,2025-08-10,marque_generique,56,1.0,56.0,0.21672658064878908
KBC,2025-08-17,marque_generique,62,1.0,62.0,0.2134643664990942
KBC,2025-08-24,marque_generique,60,1.0,60.0,0.19389905056002912
KBC,2025-08-31,marque_generique,59,1.0,59.0,0.19251739863034834
KBC,2025-09-07,marque_generique,59,1.0,59.0,0.19834952058982788
KBC,2025-09-14,marque_generique,59,1.0,59.0,0.20744137255460754
KBC,2025-09-21,marque_generique,59,1.0,59.0,0.20527386115765142
KBC,2025-09-28,marque_generique,65,1.0,65.0,0.20737056723204617
KBC,2025-10-05,marque_generique,61,1.0,61.0,0.2016862137313175
KBC,2025-10-12,marque_generique,56,1.0,56.0,0.20112985272676426
KBC,2025-10-19,marque_generique,61,1.0,61.0,0.21149989501646885
KBC,2025-10-26,marque_generique,61,1.0,61.0,0.2129797002575108
KBC,2025-11-02,marque_generique,62,1.0,62.0,0.21057067141353106
KBC,2025-11-09,marque_generique,57,1.0,57.0,0.21807600798188675
KBC,2025-11-16,marque_generique,56,1.0,56.0,0.2078834842366502
KBC,2025-11-23,marque_generique,53,1.0,53.0,0.19456368462065793
KBC,2025-11-30,marque_generique,56,1.0,56.0,0.1934741402454147
KBC,2025-12-07,marque_generique,57,1.0,57.0,0.2011104495517976
KBC,2025-12-14,marque_generique,61,1.0,61.0,0.2071583911952177
KBC,2025-12-21,marque_generique,51,1.0,51.0,0.20128501391054052
KBC,2025-12-28,marque_generique,58,1.0,58.0,0.2060821479787579
KBC,2026-01-04,marque_generique,64,1.0,64.0,0.21371525871157948
KBC,2026-01-11,marque_generique,62,1.0,62.0,0.21201239718724352
KBC,2026-01-18,marque_generique,59,1.0,59.0,0.205266628150294
KBC,2026-01-25,marque_generique,58,1.0,58.0,0.20040275157591175
KBC,2026-02-01,marque_generique,58,1.0,58.0,0.19240037467621515
KBC,2026-02-08,marque_generique,56,1.0,56.0,0.20942625028782041
KBC,2026-02-15,marque_generique,52,1.0,52.0,0.2068691454498667
KBC,2026-02-22,marque_generique,56,1.0,56.0,0.2033264203640423
KBC,2026-03-01,marque_generique,56,1.0,56.0,0.19898355450483315
KBC,2026-03-08,marque_generique,52,1.0,52.0,0.18880785333603378
KBC,2026-03-15,marque_generique,54,1.0,54.0,0.20045962866335865
KBC,2026-03-22,marque_generique,58,1.0,58.0,0.20683885758223755
KBC,2026-03-29,marque_generique,59,1.0,59.0,0.2059926911055027
KBC,2026-04-05,marque_generique,52,1.0,52.0,0.20523799367696616
KBC,2026-04-12,marque_generique,50,1.0,50.0,0.19811884009494005
KBC,2026-04-19,marque_generique,51,1.0,51.0,0.19971210495290553
KBC,2026-04-26,marque_generique,51,1.0,51.0,0.20786414767471767
KBC,2026-05-03,marque_generique,53,1.0,53.0,0.18832785798807622
KBC,2026-05-10,marque_generique,49,1.0,49.0,0.1965015198571779
KBC,2026-05-17,marque_generique,55,1.0,55.0,0.20044206040333715
KBC,2026-05-24,marque_generique,50,1.0,50.0,0.20051792446117822
KBC,2026-05-31,marque_generique,53,1.0,53.0,0.19244085653725598
KBC,2026-06-07,marque_generique,52,1.0,52.0,0.1959480560837127
KBC,2026-06-14,marque_generique,47,1.0,47.0,0.1939248390314601
KBC,2026-06-21,marque_generique,49,1.0,49.0,0.19888798796301305
KBC,2026-06-28,marque_generique,53,1.0,53.0,0.19246276379015512
KBC,2026-07-05,marque_generique,49,1.0,49.0,0.1918819376381533
KBC,2026-07-12,marque_generique,48,1.0,48.0,0.19563055212297317
KBC,2026-07-19,marque_generique,47,1.0,47.0,0.20494497784425278
KBC,2026-07-26,marque_generique,45,1.0,45.0,0.19121013494819264
KBC,2026-08-02,marque_generique,50,1.0,50.0,0.20380192772451025
KBC,2026-08-09,marque_generique,46,1.0,46.0,0.19143238605221732
KBC,2026-08-16,marque_generique,46,1.0,46.0,0.19970887520474429
KBC,2026-08-23,marque_generique,48,1.0,48.0,0.19326806797380916
KBC,2026-08-30,marque_generique,57,1.0,57.0,0.20848954962777475
KBC,2026-09-06,marque_generique,49,1.0,49.0,0.2005406843507049
KBC,2026-09-13,marque_generique,42,1.0,42.0,0.18233781840890123
KEYTRADE,2021-09-19,marque_generique_digitales,1,0.999254746937982,0.999254746937982,0.003070928705879997
KEYTRADE,2021-09-26,marque_generique_digitales,1,0.999254746937982,0.999254746937982,0.002909809549071833
KEYTRADE,2021-10-03,marque_generique_digitales,1,0.999254746937982,0.999254746937982,0.00296161618232806
KEYTRADE,2021-10-10,marque_generique_digitales,1,0.999254746937982,0.999254746937982,0.002953032747773012
KEYTRADE,2021-10-17,marque_generique_digitales,1,0.999254746937982,0.999254746937982,0.0030902060256795478
KEYTRADE,2021-10-24,marque_generique_digitales,1,0.999254746937982,0.999254746937982,0.0030709659478564515
KEYTRADE,2021-10-31,marque_generique_digitales,1,0.999254746937982,0.999254746937982,0.003178392263507285
KEYTRADE,2021-11-07,marque_generique_digitales,1,0.999254746937982,0.999254746937982,0.0033602349429455395
KEYTRADE,2021-11-14,marque_generique_digitales,2,0.999254746937982,1.998509493875964,0.006501913645366352
KEYTRADE,2021-11-21,marque_generique_digitales,1,0.999254746937982,0.999254746937982,0.0032507796815263034
KEYTRADE,2021-11-28,marque_generique_digitales,1,0.999254746937982,0.999254746937982,0.0031783771949915616
KEYTRADE,2021-12-05,marque_generique_digitales,1,0.999254746937982,0.999254746937982,0.002952517452577907
KEYTRADE,2021-12-12,marque_generique_digitales,1,0.999254746937982,0.999254746937982,0.0028266938161980635
KEYTRADE,2021-12-19,marque_generique_digitales,1,0.999254746937982,0.999254746937982,0.003070597716609318
KEYTRADE,2021-12-26,marque_generique_digitales,1,0.999254746937982,0.999254746937982,0.003014440754631754
KEYTRADE,2022-01-02,marque_generique_digitales,2,0.999254746937982,1.998509493875964,0.005307752716429919
KEYTRADE,2022-01-09,marque_generique_digitales,1,0.999254746937982,0.999254746937982,0.0028755829293190924
KEYTRADE,2022-01-16,marque_generique_digitales,1,0.999254746937982,0.999254746937982,0.003089453278146266
KEYTRADE,2022-01-23,marque_generique_digitales,1,0.999254746937982,0.999254746937982,0.003118519155532321
KEYTRADE,2022-01-30,marque_generique_digitales,1,0.999254746937982,0.999254746937982,0.002625933183146219
KEYTRADE,2022-02-06,marque_generique_digitales,1,0.999254746937982,0.999254746937982,0.002943885832466228
KEYTRADE,2022-02-13,marque_generique_digitales,1,0.999254746937982,0.999254746937982,0.003188337976206583
KEYTRADE,2022-02-20,marque_generique_digitales,1,0.999254746937982,0.999254746937982,0.0029791314219620693
KEYTRADE,2022-02-27,marque_generique_digitales,1,0.999254746937982,0.999254746937982,0.0027417713609993607
KEYTRADE,2022-03-06,marque_generique_digitales,1,0.999254746937982,0.999254746937982,0.002884313352901501
KEYTRADE,2022-03-13,marque_generique_digitales,1,0.999254746937982,0.999254746937982,0.00304250114967927
KEYTRADE,2022-03-20,marque_generique_digitales,1,0.999254746937982,0.999254746937982,0.002979026280687423
KEYTRADE,2022-03-27,marque_generique_digitales,1,0.999254746937982,0.999254746937982,0.0028676912286462173
KEYTRADE,2022-04-03,marque_generique_digitales,1,0.999254746937982,0.999254746937982,0.002875834380524349
KEYTRADE,2022-04-10,marque_generique_digitales,1,0.999254746937982,0.999254746937982,0.003326502338558053
KEYTRADE,2022-04-17,marque_generique_digitales,1,0.999254746937982,0.999254746937982,0.0033263547448033975
KEYTRADE,2022-04-24,marque_generique_digitales,1,0.999254746937982,0.999254746937982,0.002867177143218767
KEYTRADE,2022-05-01,marque_generique_digitales,1,0.999254746937982,0.999254746937982,0.0029093931546636327
KEYTRADE,2022-05-08,marque_generique_digitales,1,0.999254746937982,0.999254746937982,0.0029879626509341423
KEYTRADE,2022-05-15,marque_generique_digitales,1,0.999254746937982,0.999254746937982,0.00325056780585554
KEYTRADE,2022-05-22,marque_generique_digitales,1,0.999254746937982,0.999254746937982,0.003526167894097448
KEYTRADE,2022-05-29,marque_generique_digitales,1,0.999254746937982,0.999254746937982,0.002892607476728118
KEYTRADE,2022-06-05,marque_generique_digitales,1,0.999254746937982,0.999254746937982,0.003157950563165184
KEYTRADE,2022-06-12,marque_generique_digitales,1,0.999254746937982,0.999254746937982,0.0030516758806735174
KEYTRADE,2022-06-19,marque_generique_digitales,1,0.999254746937982,0.999254746937982,0.002996573336503585
KEYTRADE,2022-06-26,marque_generique_digitales,1,0.999254746937982,0.999254746937982,0.002733923653659156
KEYTRADE,2022-07-03,marque_generique_digitales,1,0.999254746937982,0.999254746937982,0.0026540957827050934
KEYTRADE,2022-07-10,marque_generique_digitales,1,0.999254746937982,0.999254746937982,0.0029178824218077538
KEYTRADE,2022-07-17,marque_generique_digitales,1,0.999254746937982,0.999254746937982,0.003477070097345401
KEYTRADE,2022-07-24,marque_generique_digitales,1,0.999254746937982,0.999254746937982,0.00317795040552211
KEYTRADE,2022-07-31,marque_generique_digitales,1,0.999254746937982,0.999254746937982,0.0029348679633950697
KEYTRADE,2022-08-07,marque_generique_digitales,1,0.999254746937982,0.999254746937982,0.0031877805348761975
KEYTRADE,2022-08-14,marque_generique_digitales,1,0.999254746937982,0.999254746937982,0.0034054159835388816
KEYTRADE,2022-08-21,marque_generique_digitales,1,0.999254746937982,0.999254746937982,0.003118194470450807
KEYTRADE,2022-08-28,marque_generique_digitales,1,0.999254746937982,0.999254746937982,0.0030421445791735456
KEYTRADE,2022-09-04,marque_generique_digitales,1,0.999254746937982,0.999254746937982,0.0030609500993040834
KEYTRADE,2022-09-11,marque_generique_digitales,1,0.999254746937982,0.999254746937982,0.002996728578153834
KEYTRADE,2022-09-18,marque_generique_digitales,1,0.999254746937982,0.999254746937982,0.003118148822774917
KEYTRADE,2022-09-25,marque_generique_digitales,1,0.999254746937982,0.999254746937982,0.002961054794817332
KEYTRADE,2022-10-02,marque_generique_digitales,1,0.999254746937982,0.999254746937982,0.0030427440433669233
KEYTRADE,2022-10-09,marque_generique_digitales,1,0.999254746937982,0.999254746937982,0.003360287953796169
KEYTRADE,2022-10-16,marque_generique_digitales,1,0.999254746937982,0.999254746937982,0.0033046956108590715
KEYTRADE,2022-10-23,marque_generique_digitales,1,0.999254746937982,0.999254746937982,0.0031185212947130426
KEYTRADE,2022-10-30,marque_generique_digitales,1,0.999254746937982,0.999254746937982,0.003464995109876202
KEYTRADE,2022-11-06,marque_generique_digitales,1,0.999254746937982,0.999254746937982,0.0035768960978572457
KEYTRADE,2022-11-13,marque_generique_digitales,1,0.999254746937982,0.999254746937982,0.0030243667483982844
KEYTRADE,2022-11-20,marque_generique_digitales,2,0.999254746937982,1.998509493875964,0.007028153566982483
KEYTRADE,2022-11-27,marque_generique_digitales,2,0.999254746937982,1.998509493875964,0.006698068468802917
KEYTRADE,2022-12-04,marque_generique_digitales,1,0.999254746937982,0.999254746937982,0.00334866814110116
KEYTRADE,2022-12-11,marque_generique_digitales,1,0.999254746937982,0.999254746937982,0.003315310396924914
KEYTRADE,2022-12-18,marque_generique_digitales,2,0.999254746937982,1.998509493875964,0.006256534883376289
KEYTRADE,2022-12-25,marque_generique_digitales,1,0.999254746937982,0.999254746937982,0.003348796060357895
KEYTRADE,2023-01-01,marque_generique_digitales,1,0.999254746937982,0.999254746937982,0.002961197909425683
KEYTRADE,2023-01-08,marque_generique_digitales,1,0.999254746937982,0.999254746937982,0.003188448593391129
KEYTRADE,2023-01-15,marque_generique_digitales,1,0.999254746937982,0.999254746937982,0.003293244677335413
KEYTRADE,2023-01-22,marque_generique_digitales,1,0.999254746937982,0.999254746937982,0.0032089905557757216
KEYTRADE,2023-01-29,marque_generique_digitales,1,0.999254746937982,0.999254746937982,0.0029351510606769136
KEYTRADE,2023-02-05,marque_generique_digitales,1,0.999254746937982,0.999254746937982,0.0031381546418004927
KEYTRADE,2023-02-12,marque_generique_digitales,1,0.999254746937982,0.999254746937982,0.003371679408770961
KEYTRADE,2023-02-19,marque_generique_digitales,2,0.999254746937982,1.998509493875964,0.006766098858793703
KEYTRADE,2023-02-26,marque_generique_digitales,1,0.999254746937982,0.999254746937982,0.0032088938678101514
KEYTRADE,2023-03-05,marque_generique_digitales,1,0.999254746937982,0.999254746937982,0.003394587401911591
KEYTRADE,2023-03-12,marque_generique_digitales,1,0.999254746937982,0.999254746937982,0.003272491951650827
KEYTRADE,2023-03-19,marque_generique_digitales,1,0.999254746937982,0.999254746937982,0.00315838163125122
KEYTRADE,2023-03-26,marque_generique_digitales,1,0.999254746937982,0.999254746937982,0.003383077554516774
KEYTRADE,2023-04-02,marque_generique_digitales,1,0.999254746937982,0.999254746937982,0.0032937434531044433
KEYTRADE,2023-04-09,marque_generique_digitales,1,0.999254746937982,0.999254746937982,0.0035142967713937823
KEYTRADE,2023-04-16,marque_generique_digitales,1,0.999254746937982,0.999254746937982,0.00358989565772233
KEYTRADE,2023-04-23,marque_generique_digitales,1,0.999254746937982,0.999254746937982,0.0034532161064743075
KEYTRADE,2023-04-30,marque_generique_digitales,1,0.999254746937982,0.999254746937982,0.0036959116558346393
KEYTRADE,2023-05-07,marque_generique_digitales,1,0.999254746937982,0.999254746937982,0.003615937640498512
KEYTRADE,2023-05-14,marque_generique_digitales,1,0.999254746937982,0.999254746937982,0.003991815274559771
KEYTRADE,2023-05-21,marque_generique_digitales,1,0.999254746937982,0.999254746937982,0.0032936763394170753
KEYTRADE,2023-05-28,marque_generique_digitales,1,0.999254746937982,0.999254746937982,0.003669088497955469
KEYTRADE,2023-06-04,marque_generique_digitales,1,0.999254746937982,0.999254746937982,0.0036162124547515773
KEYTRADE,2023-06-11,marque_generique_digitales,1,0.999254746937982,0.999254746937982,0.0035899657743414847
KEYTRADE,2023-06-18,marque_generique_digitales,1,0.999254746937982,0.999254746937982,0.003669214907529053
KEYTRADE,2023-06-25,marque_generique_digitales,1,0.999254746937982,0.999254746937982,0.00330468746589063
KEYTRADE,2023-07-02,marque_generique_digitales,1,0.999254746937982,0.999254746937982,0.00299716167315494
KEYTRADE,2023-07-09,marque_generique_digitales,1,0.999254746937982,0.999254746937982,0.0031481171418906756
KEYTRADE,2023-07-16,marque_generique_digitales,1,0.999254746937982,0.999254746937982,0.003823625349824524
KEYTRADE,2023-07-23,marque_generique_digitales,1,0.999254746937982,0.999254746937982,0.0034893711001307867
KEYTRADE,2023-07-30,marque_generique_digitales,1,0.999254746937982,0.999254746937982,0.003383032357882806
KEYTRADE,2023-08-06,marque_generique_digitales,1,0.999254746937982,0.999254746937982,0.0034178549398172285
KEYTRADE,2023-08-13,marque_generique_digitales,1,0.999254746937982,0.999254746937982,0.0038982900322020726
KEYTRADE,2023-08-20,marque_generique_digitales,2,0.999254746937982,1.998509493875964,0.005279185003393052
KEYTRADE,2023-08-27,marque_generique_digitales,2,0.999254746937982,1.998509493875964,0.0049156984707405425
KEYTRADE,2023-09-03,marque_generique_digitales,1,0.999254746937982,0.999254746937982,0.003326631004135558
KEYTRADE,2023-09-10,marque_generique_digitales,1,0.999254746937982,0.999254746937982,0.0035771621948744742
KEYTRADE,2023-09-17,marque_generique_digitales,1,0.999254746937982,0.999254746937982,0.0036291317503700754
KEYTRADE,2023-09-24,marque_generique_digitales,2,0.999254746937982,1.998509493875964,0.006653535867600344
KEYTRADE,2023-10-01,marque_generique_digitales,2,0.999254746937982,1.998509493875964,0.006397801036275131
KEYTRADE,2023-10-08,marque_generique_digitales,2,0.999254746937982,1.998509493875964,0.0070777805265949826
KEYTRADE,2023-10-15,marque_generique_digitales,1,0.999254746937982,0.999254746937982,0.003429631956910807
KEYTRADE,2023-10-22,marque_generique_digitales,2,0.999254746937982,1.998509493875964,0.007028135147437404
KEYTRADE,2023-10-29,marque_generique_digitales,1,0.999254746937982,0.999254746937982,0.0037236505852959027
KEYTRADE,2023-11-05,marque_generique_digitales,1,0.999254746937982,0.999254746937982,0.0036158567546472386
KEYTRADE,2023-11-12,marque_generique_digitales,1,0.999254746937982,0.999254746937982,0.0037377543247956203
KEYTRADE,2023-11-19,marque_generique_digitales,1,0.999254746937982,0.999254746937982,0.0036030732179913524
KEYTRADE,2023-11-26,marque_generique_digitales,2,0.999254746937982,1.998509493875964,0.007003451127707946
KEYTRADE,2023-12-03,marque_generique_digitales,2,0.999254746937982,1.998509493875964,0.006930661405296104
KEYTRADE,2023-12-10,marque_generique_digitales,2,0.999254746937982,1.998509493875964,0.006609256100218872
KEYTRADE,2023-12-17,marque_generique_digitales,1,0.999254746937982,0.999254746937982,0.003261349983732901
KEYTRADE,2023-12-24,marque_generique_digitales,1,0.999254746937982,0.999254746937982,0.0035512620372984854
KEYTRADE,2023-12-31,marque_generique_digitales,2,0.999254746937982,1.998509493875964,0.006652775507091357
KEYTRADE,2024-01-07,marque_generique_digitales,2,0.999254746937982,1.998509493875964,0.006522983730151737
KEYTRADE,2024-01-14,marque_generique_digitales,1,0.999254746937982,0.999254746937982,0.0033153947907173884
KEYTRADE,2024-01-21,marque_generique_digitales,1,0.999254746937982,0.999254746937982,0.002942796044495495
KEYTRADE,2024-01-28,marque_generique_digitales,2,0.999254746937982,1.998509493875964,0.006237086108461182
KEYTRADE,2024-02-04,marque_generique_digitales,1,0.999254746937982,0.999254746937982,0.0033825292581259646
KEYTRADE,2024-02-11,marque_generique_digitales,1,0.999254746937982,0.999254746937982,0.0034408321179507104
KEYTRADE,2024-02-18,marque_generique_digitales,1,0.999254746937982,0.999254746937982,0.003261171708172171
KEYTRADE,2024-02-25,marque_generique_digitales,1,0.999254746937982,0.999254746937982,0.0031477080086890477
KEYTRADE,2024-03-03,marque_generique_digitales,1,0.999254746937982,0.999254746937982,0.0033372886782263725
KEYTRADE,2024-03-10,marque_generique_digitales,1,0.999254746937982,0.999254746937982,0.003526195714166515
KEYTRADE,2024-03-17,marque_generique_digitales,2,0.999254746937982,1.998509493875964,0.0070025850142321
KEYTRADE,2024-03-24,marque_generique_digitales,1,0.999254746937982,0.999254746937982,0.0029097192828389322
KEYTRADE,2024-03-31,marque_generique_digitales,1,0.999254746937982,0.999254746937982,0.003348682400958051
KEYTRADE,2024-04-07,marque_generique_digitales,2,0.999254746937982,1.998509493875964,0.006881921898897334
KEYTRADE,2024-04-14,marque_generique_digitales,1,0.999254746937982,0.999254746937982,0.0035016744443349206
KEYTRADE,2024-04-21,marque_generique_digitales,1,0.999254746937982,0.999254746937982,0.003589561500837328
KEYTRADE,2024-04-28,marque_generique_digitales,1,0.999254746937982,0.999254746937982,0.003751367497541539
KEYTRADE,2024-05-05,marque_generique_digitales,2,0.999254746937982,1.998509493875964,0.007765760945654896
KEYTRADE,2024-05-12,marque_generique_digitales,1,0.999254746937982,0.999254746937982,0.003337360030979404
KEYTRADE,2024-05-19,marque_generique_digitales,1,0.999254746937982,0.999254746937982,0.003751367497541539
KEYTRADE,2024-05-26,marque_generique_digitales,1,0.999254746937982,0.999254746937982,0.00342922531750258
KEYTRADE,2024-06-02,marque_generique_digitales,1,0.999254746937982,0.999254746937982,0.003501446890071949
KEYTRADE,2024-06-09,marque_generique_digitales,1,0.999254746937982,0.999254746937982,0.003370143308215601
KEYTRADE,2024-06-16,marque_generique_digitales,1,0.999254746937982,0.999254746937982,0.003537872331930614
KEYTRADE,2024-06-23,marque_generique_digitales,1,0.999254746937982,0.999254746937982,0.003452126068568781
KEYTRADE,2024-06-30,marque_generique_digitales,1,0.999254746937982,0.999254746937982,0.003147443710619527
KEYTRADE,2024-07-07,marque_generique_digitales,1,0.999254746937982,0.999254746937982,0.0032605694002321773
KEYTRADE,2024-07-14,marque_generique_digitales,1,0.999254746937982,0.999254746937982,0.003348042406330415
KEYTRADE,2024-07-21,marque_generique_digitales,1,0.999254746937982,0.999254746937982,0.0032819692232283313
KEYTRADE,2024-07-28,marque_generique_digitales,1,0.999254746937982,0.999254746937982,0.0035008138548395145
KEYTRADE,2024-08-04,marque_generique_digitales,2,0.999254746937982,1.998509493875964,0.006764096802656926
KEYTRADE,2024-08-11,marque_generique_digitales,1,0.999254746937982,0.999254746937982,0.0037935718301512922
KEYTRADE,2024-08-18,marque_generique_digitales,1,0.999254746937982,0.999254746937982,0.0032928107434072886
KEYTRADE,2024-08-25,marque_generique_digitales,1,0.999254746937982,0.999254746937982,0.0029347613941788043
KEYTRADE,2024-09-01,marque_generique_digitales,2,0.999254746937982,1.998509493875964,0.004415680308500623
KEYTRADE,2024-09-08,marque_generique_digitales,2,0.999254746937982,1.998509493875964,0.0056855783554930405
KEYTRADE,2024-09-15,marque_generique_digitales,1,0.999254746937982,0.999254746937982,0.0032823497223467618
KEYTRADE,2024-09-22,marque_generique_digitales,1,0.999254746937982,0.999254746937982,0.0032085631838021825
KEYTRADE,2024-09-29,marque_generique_digitales,1,0.999254746937982,0.999254746937982,0.003147862344957723
KEYTRADE,2024-10-06,marque_generique_digitales,1,0.999254746937982,0.999254746937982,0.0033708341517592073
KEYTRADE,2024-10-13,marque_generique_digitales,1,0.999254746937982,0.999254746937982,0.0034888684669466593
KEYTRADE,2024-10-20,marque_generique_digitales,1,0.999254746937982,0.999254746937982,0.003488832154775798
KEYTRADE,2024-10-27,marque_generique_digitales,1,0.999254746937982,0.999254746937982,0.0031887086403389383
KEYTRADE,2024-11-03,marque_generique_digitales,2,0.999254746937982,1.998509493875964,0.006719197886346745
KEYTRADE,2024-11-10,marque_generique_digitales,1,0.999254746937982,0.999254746937982,0.0036817858652538346
KEYTRADE,2024-11-17,marque_generique_digitales,2,0.999254746937982,1.998509493875964,0.007101302491738961
KEYTRADE,2024-11-24,marque_generique_digitales,1,0.999254746937982,0.999254746937982,0.0034171072873528698
KEYTRADE,2024-12-01,marque_generique_digitales,2,0.999254746937982,1.998509493875964,0.006881646576198349
KEYTRADE,2024-12-08,marque_generique_digitales,1,0.999254746937982,0.999254746937982,0.0035009106532059692
KEYTRADE,2024-12-15,marque_generique_digitales,2,0.999254746937982,1.998509493875964,0.0062362165780247515
KEYTRADE,2024-12-22,marque_generique_digitales,2,0.999254746937982,1.998509493875964,0.007390520564516026
KEYTRADE,2024-12-29,marque_generique_digitales,2,0.999254746937982,1.998509493875964,0.006375270361694509
KEYTRADE,2025-01-05,marque_generique_digitales,2,0.999254746937982,1.998509493875964,0.006500143636504359
KEYTRADE,2025-01-12,marque_generique_digitales,1,0.999254746937982,0.999254746937982,0.003393425929222418
KEYTRADE,2025-01-19,marque_generique_digitales,1,0.999254746937982,0.999254746937982,0.0032929368158238297
KEYTRADE,2025-01-26,marque_generique_digitales,2,0.999254746937982,1.998509493875964,0.006651894950570948
KEYTRADE,2025-02-02,marque_generique_digitales,1,0.999254746937982,0.999254746937982,0.0033480173263351165
KEYTRADE,2025-02-09,marque_generique_digitales,1,0.999254746937982,0.999254746937982,0.0033595098013875203
KEYTRADE,2025-02-16,marque_generique_digitales,1,0.999254746937982,0.999254746937982,0.003452553315817454
KEYTRADE,2025-02-23,marque_generique_digitales,1,0.999254746937982,0.999254746937982,0.0032607849205886995
KEYTRADE,2025-03-02,marque_generique_digitales,1,0.999254746937982,0.999254746937982,0.0033037322680508035
KEYTRADE,2025-03-09,marque_generique_digitales,1,0.999254746937982,0.999254746937982,0.003359431563790095
KEYTRADE,2025-03-16,marque_generique_digitales,1,0.999254746937982,0.999254746937982,0.003628461527987279
KEYTRADE,2025-03-23,marque_generique_digitales,1,0.999254746937982,0.999254746937982,0.003500783738069821
KEYTRADE,2025-03-30,marque_generique_digitales,1,0.999254746937982,0.999254746937982,0.0031181176788571473
KEYTRADE,2025-04-06,marque_generique_digitales,1,0.999254746937982,0.999254746937982,0.0032395274166996638
KEYTRADE,2025-04-13,marque_generique_digitales,1,0.999254746937982,0.999254746937982,0.00350112899569572
KEYTRADE,2025-04-20,marque_generique_digitales,1,0.999254746937982,0.999254746937982,0.0036548729461489756
KEYTRADE,2025-04-27,marque_generique_digitales,1,0.999254746937982,0.999254746937982,0.00373698823640263
KEYTRADE,2025-05-04,marque_generique_digitales,1,0.999254746937982,0.999254746937982,0.003476481899717145
KEYTRADE,2025-05-11,marque_generique_digitales,1,0.999254746937982,0.999254746937982,0.003538187597412237
KEYTRADE,2025-05-18,marque_generique_digitales,1,0.999254746937982,0.999254746937982,0.0034288414834395486
KEYTRADE,2025-05-25,marque_generique_digitales,1,0.999254746937982,0.999254746937982,0.0037795458816564315
KEYTRADE,2025-06-01,marque_generique_digitales,1,0.999254746937982,0.999254746937982,0.0033934971696104777
KEYTRADE,2025-06-08,marque_generique_digitales,1,0.999254746937982,0.999254746937982,0.0038972088150144558
KEYTRADE,2025-06-15,marque_generique_digitales,1,0.999254746937982,0.999254746937982,0.003602117655852297
KEYTRADE,2025-06-22,marque_generique_digitales,1,0.999254746937982,0.999254746937982,0.0032927517539238366
KEYTRADE,2025-06-29,marque_generique_digitales,1,0.999254746937982,0.999254746937982,0.0031979094600906484
KEYTRADE,2025-07-06,marque_generique_digitales,1,0.999254746937982,0.999254746937982,0.003228943243707728
KEYTRADE,2025-07-13,marque_generique_digitales,1,0.999254746937982,0.999254746937982,0.003348383277340759
KEYTRADE,2025-07-20,marque_generique_digitales,1,0.999254746937982,0.999254746937982,0.0036818566355460852
KEYTRADE,2025-07-27,marque_generique_digitales,1,0.999254746937982,0.999254746937982,0.003393875664564017
KEYTRADE,2025-08-03,marque_generique_digitales,2,0.999254746937982,1.998509493875964,0.006905213314898421
KEYTRADE,2025-08-10,marque_generique_digitales,1,0.999254746937982,0.999254746937982,0.0038672332946596407
KEYTRADE,2025-08-17,marque_generique_digitales,1,0.999254746937982,0.999254746937982,0.0034404077665536937
KEYTRADE,2025-08-24,marque_generique_digitales,1,0.999254746937982,0.999254746937982,0.003229242444981281
KEYTRADE,2025-08-31,marque_generique_digitales,2,0.999254746937982,1.998509493875964,0.006521149981339909
KEYTRADE,2025-09-07,marque_generique_digitales,1,0.999254746937982,0.999254746937982,0.003359350847495907
KEYTRADE,2025-09-14,marque_generique_digitales,2,0.999254746937982,1.998509493875964,0.007026670380899051
KEYTRADE,2025-09-21,marque_generique_digitales,2,0.999254746937982,1.998509493875964,0.006953250175731235
KEYTRADE,2025-09-28,marque_generique_digitales,2,0.999254746937982,1.998509493875964,0.006375877651749049
KEYTRADE,2025-10-05,marque_generique_digitales,1,0.999254746937982,0.999254746937982,0.00330386731906504
KEYTRADE,2025-10-12,marque_generique_digitales,2,0.999254746937982,1.998509493875964,0.007177855717434158
KEYTRADE,2025-10-19,marque_generique_digitales,1,0.999254746937982,0.999254746937982,0.003464627443804776
KEYTRADE,2025-10-26,marque_generique_digitales,1,0.999254746937982,0.999254746937982,0.0034888684669466593
KEYTRADE,2025-11-02,marque_generique_digitales,1,0.999254746937982,0.999254746937982,0.0033937700479982087
KEYTRADE,2025-11-09,marque_generique_digitales,1,0.999254746937982,0.999254746937982,0.0038230436170032557
KEYTRADE,2025-11-16,marque_generique_digitales,1,0.999254746937982,0.999254746937982,0.0037094385434549974
KEYTRADE,2025-11-23,marque_generique_digitales,1,0.999254746937982,0.999254746937982,0.003668277083753526
KEYTRADE,2025-11-30,marque_generique_digitales,1,0.999254746937982,0.999254746937982,0.0034523205901781343
KEYTRADE,2025-12-07,marque_generique_digitales,2,0.999254746937982,1.998509493875964,0.007051248118367204
KEYTRADE,2025-12-14,marque_generique_digitales,1,0.999254746937982,0.999254746937982,0.003393508291309127
KEYTRADE,2025-12-21,marque_generique_digitales,1,0.999254746937982,0.999254746937982,0.003943823639952654
KEYTRADE,2025-12-28,marque_generique_digitales,2,0.999254746937982,1.998509493875964,0.007100984987136189
KEYTRADE,2026-01-04,marque_generique_digitales,1,0.999254746937982,0.999254746937982,0.003336812293134761
KEYTRADE,2026-01-11,marque_generique_digitales,1,0.999254746937982,0.999254746937982,0.0034170063596621605
KEYTRADE,2026-01-18,marque_generique_digitales,1,0.999254746937982,0.999254746937982,0.003476502585883642
KEYTRADE,2026-01-25,marque_generique_digitales,2,0.999254746937982,1.998509493875964,0.006905289683160792
KEYTRADE,2026-02-01,marque_generique_digitales,2,0.999254746937982,1.998509493875964,0.006629551300270838
KEYTRADE,2026-02-08,marque_generique_digitales,1,0.999254746937982,0.999254746937982,0.00373696740595583
KEYTRADE,2026-02-15,marque_generique_digitales,1,0.999254746937982,0.999254746937982,0.003975287992034291
KEYTRADE,2026-02-22,marque_generique_digitales,1,0.999254746937982,0.999254746937982,0.003628123048690658
KEYTRADE,2026-03-01,marque_generique_digitales,1,0.999254746937982,0.999254746937982,0.003550629667884772
KEYTRADE,2026-03-08,marque_generique_digitales,2,0.999254746937982,1.998509493875964,0.007256428604046233
KEYTRADE,2026-03-15,marque_generique_digitales,2,0.999254746937982,1.998509493875964,0.007418897611529121
KEYTRADE,2026-03-22,marque_generique_digitales,2,0.999254746937982,1.998509493875964,0.0071270589755269
KEYTRADE,2026-03-29,marque_generique_digitales,2,0.999254746937982,1.998509493875964,0.006977599132939084
KEYTRADE,2026-04-05,marque_generique_digitales,1,0.999254746937982,0.999254746937982,0.003943943066033384
KEYTRADE,2026-04-12,marque_generique_digitales,1,0.999254746937982,0.999254746937982,0.0039594238284543165
KEYTRADE,2026-04-19,marque_generique_digitales,1,0.999254746937982,0.999254746937982,0.003913005272454261
KEYTRADE,2026-04-26,marque_generique_digitales,1,0.999254746937982,0.999254746937982,0.004072730123179986
KEYTRADE,2026-05-03,marque_generique_digitales,2,0.999254746937982,1.998509493875964,0.007101415323594239
KEYTRADE,2026-05-10,marque_generique_digitales,2,0.999254746937982,1.998509493875964,0.008014492918278087
KEYTRADE,2026-05-17,marque_generique_digitales,2,0.999254746937982,1.998509493875964,0.007283370194329613
KEYTRADE,2026-05-24,marque_generique_digitales,2,0.999254746937982,1.998509493875964,0.008014739514559362
KEYTRADE,2026-05-31,marque_generique_digitales,1,0.999254746937982,0.999254746937982,0.0036282535735785706
KEYTRADE,2026-06-07,marque_generique_digitales,2,0.999254746937982,1.998509493875964,0.0075308471228815324
KEYTRADE,2026-06-14,marque_generique_digitales,2,0.999254746937982,1.998509493875964,0.008245970891547683
KEYTRADE,2026-06-21,marque_generique_digitales,2,0.999254746937982,1.998509493875964,0.00811182718697898
KEYTRADE,2026-06-28,marque_generique_digitales,2,0.999254746937982,1.998509493875964,0.007257333219853436
KEYTRADE,2026-07-05,marque_generique_digitales,2,0.999254746937982,1.998509493875964,0.007826079062717655
KEYTRADE,2026-07-12,marque_generique_digitales,2,0.999254746937982,1.998509493875964,0.008145198243957468
KEYTRADE,2026-07-19,marque_generique_digitales,2,0.999254746937982,1.998509493875964,0.0087145634881689
KEYTRADE,2026-07-26,marque_generique_digitales,1,0.999254746937982,0.999254746937982,0.004245947444658524
KEYTRADE,2026-08-02,marque_generique_digitales,2,0.999254746937982,1.998509493875964,0.008146001748553134
KEYTRADE,2026-08-09,marque_generique_digitales,1,0.999254746937982,0.999254746937982,0.004158472184355271
KEYTRADE,2026-08-16,marque_generique_digitales,1,0.999254746937982,0.999254746937982,0.004338261772912734
KEYTRADE,2026-08-23,marque_generique_digitales,1,0.999254746937982,0.999254746937982,0.004023417382382529
KEYTRADE,2026-08-30,marque_generique_digitales,1,0.999254746937982,0.999254746937982,0.003654985476359928
KEYTRADE,2026-09-06,marque_generique_digitales,1,0.999254746937982,0.999254746937982,0.004089616954931293
KEYTRADE,2026-09-13,marque_generique_digitales,1,0.999254746937982,0.999254746937982,0.004338141204557389
KEYTRADE,2026-09-20,marque_generique_digitales,1,0.999254746937982,0.999254746937982,0.01818181818181818
N26,2021-09-12,marque_generique_neobanques,1,1.0046913178042025,1.0046913178042025,0.004266849447968829
N26,2021-09-19,marque_generique_neobanques,1,1.0046913178042025,1.0046913178042025,0.0030876364789336522
N26,2021-09-26,marque_generique_neobanques,1,1.0046913178042025,1.0046913178042025,0.002925640733130963
N26,2021-10-03,marque_generique_neobanques,1,1.0046913178042025,1.0046913178042025,0.0029777292268776206
N26,2021-10-10,marque_generique_neobanques,1,1.0046913178042025,1.0046913178042025,0.0029690990930695774
N26,2021-10-17,marque_generique_neobanques,1,1.0046913178042025,1.0046913178042025,0.0031070186794110504
N26,2021-10-24,marque_generique_neobanques,1,1.0046913178042025,1.0046913178042025,0.0030876739235297535
N26,2021-10-31,marque_generique_neobanques,1,1.0046913178042025,1.0046913178042025,0.0031956847055338595
N26,2021-11-07,marque_generique_neobanques,1,1.0046913178042025,1.0046913178042025,0.003378516722892498
N26,2021-11-14,marque_generique_neobanques,1,1.0046913178042025,1.0046913178042025,0.0032686440613014555
N26,2021-11-21,marque_generique_neobanques,1,1.0046913178042025,1.0046913178042025,0.0032684659563858853
N26,2021-11-28,marque_generique_neobanques,1,1.0046913178042025,1.0046913178042025,0.0031956695550359846
N26,2021-12-05,marque_generique_neobanques,1,1.0046913178042025,1.0046913178042025,0.0029685809943462895
N26,2021-12-12,marque_generique_neobanques,1,1.0046913178042025,1.0046913178042025,0.0028420727986807177
N26,2021-12-19,marque_generique_neobanques,1,1.0046913178042025,1.0046913178042025,0.0030873036888743035
N26,2021-12-26,marque_generique_neobanques,1,1.0046913178042025,1.0046913178042025,0.0030308411978968944
N26,2022-01-02,marque_generique_neobanques,1,1.0046913178042025,1.0046913178042025,0.002668315105627303
N26,2022-01-09,marque_generique_neobanques,1,1.0046913178042025,1.0046913178042025,0.002891227899157707
N26,2022-01-16,marque_generique_neobanques,1,1.0046913178042025,1.0046913178042025,0.003106261836460337
N26,2022-01-23,marque_generique_neobanques,1,1.0046913178042025,1.0046913178042025,0.0031354858504003416
N26,2022-01-30,marque_generique_neobanques,1,1.0046913178042025,1.0046913178042025,0.00264021990220748
N26,2022-02-06,marque_generique_neobanques,1,1.0046913178042025,1.0046913178042025,0.0029599024128220464
N26,2022-02-13,marque_generique_neobanques,1,1.0046913178042025,1.0046913178042025,0.003205684529131375
N26,2022-02-20,marque_generique_neobanques,1,1.0046913178042025,1.0046913178042025,0.00299533976037118
N26,2022-02-27,marque_generique_neobanques,1,1.0046913178042025,1.0046913178042025,0.00275668831220597
N26,2022-03-06,marque_generique_neobanques,1,1.0046913178042025,1.0046913178042025,0.0029000058217053624
N26,2022-03-13,marque_generique_neobanques,1,1.0046913178042025,1.0046913178042025,0.0030590542590454997
N26,2022-03-20,marque_generique_neobanques,1,1.0046913178042025,1.0046913178042025,0.002995234047062233
N26,2022-03-27,marque_generique_neobanques,1,1.0046913178042025,1.0046913178042025,0.0028832932626968416
N26,2022-04-03,marque_generique_neobanques,1,1.0046913178042025,1.0046913178042025,0.002891480718414805
N26,2022-04-10,marque_generique_neobanques,1,1.0046913178042025,1.0046913178042025,0.0033446005920370944
N26,2022-04-17,marque_generique_neobanques,1,1.0046913178042025,1.0046913178042025,0.0033444521952800924
N26,2022-04-24,marque_generique_neobanques,5,1.0046913178042025,5.023456589021013,0.014413881901615504
N26,2022-05-01,marque_generique_neobanques,1,1.0046913178042025,1.0046913178042025,0.002925222073276723
N26,2022-05-08,marque_generique_neobanques,1,1.0046913178042025,1.0046913178042025,0.003004219036752875
N26,2022-05-15,marque_generique_neobanques,1,1.0046913178042025,1.0046913178042025,0.0032682529279789434
N26,2022-05-22,marque_generique_neobanques,0,1.0046913178042025,0.0,0.0
N26,2022-05-29,marque_generique_neobanques,1,1.0046913178042025,1.0046913178042025,0.002908345070753646
N26,2022-06-05,marque_generique_neobanques,1,1.0046913178042025,1.0046913178042025,0.003175131789555429
N26,2022-06-12,marque_generique_neobanques,1,1.0046913178042025,1.0046913178042025,0.003068278906315233
N26,2022-06-19,marque_generique_neobanques,1,1.0046913178042025,1.0046913178042025,0.003012876569837877
N26,2022-06-26,marque_generique_neobanques,1,1.0046913178042025,1.0046913178042025,0.002748797908429023
N26,2022-07-03,marque_generique_neobanques,1,1.0046913178042025,1.0046913178042025,0.0026685357239239153
N26,2022-07-10,marque_generique_neobanques,1,1.0046913178042025,1.0046913178042025,0.0029337575273442216
N26,2022-07-17,marque_generique_neobanques,0,1.0046913178042025,0.0,0.0
N26,2022-07-24,marque_generique_neobanques,1,1.0046913178042025,1.0046913178042025,0.003195240443564859
N26,2022-07-31,marque_generique_neobanques,1,1.0046913178042025,1.0046913178042025,0.0029508354809023823
N26,2022-08-07,marque_generique_neobanques,1,1.0046913178042025,1.0046913178042025,0.003205124054971467
N26,2022-08-14,marque_generique_neobanques,1,1.0046913178042025,1.0046913178042025,0.003423943576607817
N26,2022-08-21,marque_generique_neobanques,1,1.0046913178042025,1.0046913178042025,0.0031351593988288907
N26,2022-08-28,marque_generique_neobanques,1,1.0046913178042025,1.0046913178042025,0.003058695748573186
N26,2022-09-04,marque_generique_neobanques,1,1.0046913178042025,1.0046913178042025,0.0030776035824962573
N26,2022-09-11,marque_generique_neobanques,1,1.0046913178042025,1.0046913178042025,0.0030130326560998083
N26,2022-09-18,marque_generique_neobanques,1,1.0046913178042025,1.0046913178042025,0.003135113502801091
N26,2022-09-25,marque_generique_neobanques,1,1.0046913178042025,1.0046913178042025,0.002977164785067682
N26,2022-10-02,marque_generique_neobanques,1,1.0046913178042025,1.0046913178042025,0.003059298474226746
N26,2022-10-09,marque_generique_neobanques,1,1.0046913178042025,1.0046913178042025,0.0033785700221553136
N26,2022-10-16,marque_generique_neobanques,1,1.0046913178042025,1.0046913178042025,0.0033226752220991253
N26,2022-10-23,marque_generique_neobanques,1,1.0046913178042025,1.0046913178042025,0.003135488001219544
N26,2022-10-30,marque_generique_neobanques,1,1.0046913178042025,1.0046913178042025,0.003483846850659695
N26,2022-11-06,marque_generique_neobanques,1,1.0046913178042025,1.0046913178042025,0.003596356650010435
N26,2022-11-13,marque_generique_neobanques,1,1.0046913178042025,1.0046913178042025,0.0030408211952783135
N26,2022-11-20,marque_generique_neobanques,1,1.0046913178042025,1.0046913178042025,0.003533195559280231
N26,2022-11-27,marque_generique_neobanques,1,1.0046913178042025,1.0046913178042025,0.003367255075487793
N26,2022-12-04,marque_generique_neobanques,0,1.0046913178042025,0.0,0.0
N26,2022-12-11,marque_generique_neobanques,1,1.0046913178042025,1.0046913178042025,0.0033333477592408104
N26,2022-12-18,marque_generique_neobanques,1,1.0046913178042025,1.0046913178042025,0.0031452871733304937
N26,2022-12-25,marque_generique_neobanques,0,1.0046913178042025,0.0,0.0
N26,2023-01-01,marque_generique_neobanques,1,1.0046913178042025,1.0046913178042025,0.0029773086783090215
N26,2023-01-08,marque_generique_neobanques,1,1.0046913178042025,1.0046913178042025,0.003205795748142597
N26,2023-01-15,marque_generique_neobanques,1,1.0046913178042025,1.0046913178042025,0.0033111619883344355
N26,2023-01-22,marque_generique_neobanques,1,1.0046913178042025,1.0046913178042025,0.0032264494716517447
N26,2023-01-29,marque_generique_neobanques,1,1.0046913178042025,1.0046913178042025,0.0029511201184105195
N26,2023-02-05,marque_generique_neobanques,1,1.0046913178042025,1.0046913178042025,0.003155228165995986
N26,2023-02-12,marque_generique_neobanques,1,1.0046913178042025,1.0046913178042025,0.003390023453770627
N26,2023-02-19,marque_generique_neobanques,1,1.0046913178042025,1.0046913178042025,0.0034014553344207726
N26,2023-02-26,marque_generique_neobanques,1,1.0046913178042025,1.0046913178042025,0.003226352257643163
N26,2023-03-05,marque_generique_neobanques,1,1.0046913178042025,1.0046913178042025,0.0034130560807230986
N26,2023-03-12,marque_generique_neobanques,1,1.0046913178042025,1.0046913178042025,0.0032902963548411077
N26,2023-03-19,marque_generique_neobanques,1,1.0046913178042025,1.0046913178042025,0.00317556520292149
N26,2023-03-26,marque_generique_neobanques,1,1.0046913178042025,1.0046913178042025,0.00340148361255894
N26,2023-04-02,marque_generique_neobanques,1,1.0046913178042025,1.0046913178042025,0.0033116634777556383
N26,2023-04-09,marque_generique_neobanques,1,1.0046913178042025,1.0046913178042025,0.003533416744054566
N26,2023-04-16,marque_generique_neobanques,1,1.0046913178042025,1.0046913178042025,0.0036094269356125273
N26,2023-04-23,marque_generique_neobanques,1,1.0046913178042025,1.0046913178042025,0.003472003762111421
N26,2023-04-30,marque_generique_neobanques,1,1.0046913178042025,1.0046913178042025,0.003716019727068533
N26,2023-05-07,marque_generique_neobanques,1,1.0046913178042025,1.0046913178042025,0.0036356106030645077
N26,2023-05-14,marque_generique_neobanques,1,1.0046913178042025,1.0046913178042025,0.004013533246569918
N26,2023-05-21,marque_generique_neobanques,0,1.0046913178042025,0.0,0.0
N26,2023-05-28,marque_generique_neobanques,1,1.0046913178042025,1.0046913178042025,0.0036890506344323722
N26,2023-06-04,marque_generique_neobanques,0,1.0046913178042025,0.0,0.0
N26,2023-06-11,marque_generique_neobanques,1,1.0046913178042025,1.0046913178042025,0.003609497433709949
N26,2023-06-18,marque_generique_neobanques,0,1.0046913178042025,0.0,0.0
N26,2023-06-25,marque_generique_neobanques,1,1.0046913178042025,1.0046913178042025,0.003322667032816961
N26,2023-07-02,marque_generique_neobanques,1,1.0046913178042025,1.0046913178042025,0.003013468107408625
N26,2023-07-09,marque_generique_neobanques,1,1.0046913178042025,1.0046913178042025,0.0031652448683182934
N26,2023-07-16,marque_generique_neobanques,1,1.0046913178042025,1.0046913178042025,0.003844428263439793
N26,2023-07-23,marque_generique_neobanques,1,1.0046913178042025,1.0046913178042025,0.0035083554615486664
N26,2023-07-30,marque_generique_neobanques,1,1.0046913178042025,1.0046913178042025,0.0034014381700270126
N26,2023-08-06,marque_generique_neobanques,1,1.0046913178042025,1.0046913178042025,0.0034364502085889983
N26,2023-08-13,marque_generique_neobanques,1,1.0046913178042025,1.0046913178042025,0.003919499168392909
N26,2023-08-20,marque_generique_neobanques,1,1.0046913178042025,1.0046913178042025,0.002653953535994728
N26,2023-08-27,marque_generique_neobanques,1,1.0046913178042025,1.0046913178042025,0.002471221472617602
N26,2023-09-03,marque_generique_neobanques,1,1.0046913178042025,1.0046913178042025,0.0033447299576358225
N26,2023-09-10,marque_generique_neobanques,1,1.0046913178042025,1.0046913178042025,0.0035966241947618834
N26,2023-09-17,marque_generique_neobanques,1,1.0046913178042025,1.0046913178042025,0.0036488764971468073
N26,2023-09-24,marque_generique_neobanques,0,1.0046913178042025,0.0,0.0
N26,2023-10-01,marque_generique_neobanques,1,1.0046913178042025,1.0046913178042025,0.0032163045378974277
N26,2023-10-08,marque_generique_neobanques,0,1.0046913178042025,0.0,0.0
N26,2023-10-15,marque_generique_neobanques,1,1.0046913178042025,1.0046913178042025,0.0034482913000221964
N26,2023-10-22,marque_generique_neobanques,0,1.0046913178042025,0.0,0.0
N26,2023-10-29,marque_generique_neobanques,1,1.0046913178042025,1.0046913178042025,0.003743909573657017
N26,2023-11-05,marque_generique_neobanques,0,1.0046913178042025,0.0,0.0
N26,2023-11-12,marque_generique_neobanques,0,1.0046913178042025,0.0,0.0
N26,2023-11-19,marque_generique_neobanques,0,1.0046913178042025,0.0,0.0
N26,2023-11-26,marque_generique_neobanques,0,1.0046913178042025,0.0,0.0
N26,2023-12-03,marque_generique_neobanques,1,1.0046913178042025,1.0046913178042025,0.00348418426926614
N26,2023-12-10,marque_generique_neobanques,1,1.0046913178042025,1.0046913178042025,0.003322607293776752
N26,2023-12-17,marque_generique_neobanques,1,1.0046913178042025,1.0046913178042025,0.0032790937676483068
N26,2023-12-24,marque_generique_neobanques,1,1.0046913178042025,1.0046913178042025,0.0035705831241278985
N26,2023-12-31,marque_generique_neobanques,1,1.0046913178042025,1.0046913178042025,0.003344485383610579
N26,2024-01-07,marque_generique_neobanques,1,1.0046913178042025,1.0046913178042025,0.003279236420914528
N26,2024-01-14,marque_generique_neobanques,1,1.0046913178042025,1.0046913178042025,0.003333432612188305
N26,2024-01-21,marque_generique_neobanques,1,1.0046913178042025,1.0046913178042025,0.0029588066957230807
N26,2024-01-28,marque_generique_neobanques,1,1.0046913178042025,1.0046913178042025,0.0031355098791224787
N26,2024-02-04,marque_generique_neobanques,1,1.0046913178042025,1.0046913178042025,0.0034009323330928
N26,2024-02-11,marque_generique_neobanques,1,1.0046913178042025,1.0046913178042025,0.0034595523969439585
N26,2024-02-18,marque_generique_neobanques,1,1.0046913178042025,1.0046913178042025,0.0032789145221570133
N26,2024-02-25,marque_generique_neobanques,1,1.0046913178042025,1.0046913178042025,0.003164833509176132
N26,2024-03-03,marque_generique_neobanques,1,1.0046913178042025,1.0046913178042025,0.0033554456161401626
N26,2024-03-10,marque_generique_neobanques,1,1.0046913178042025,1.0046913178042025,0.0035453804245188787
N26,2024-03-17,marque_generique_neobanques,1,1.0046913178042025,1.0046913178042025,0.003520341728444878
N26,2024-03-24,marque_generique_neobanques,1,1.0046913178042025,1.0046913178042025,0.0029255499757932925
N26,2024-03-31,marque_generique_neobanques,0,1.0046913178042025,0.0,0.0
N26,2024-04-07,marque_generique_neobanques,1,1.0046913178042025,1.0046913178042025,0.0034596819293658495
N26,2024-04-14,marque_generique_neobanques,0,1.0046913178042025,0.0,0.0
N26,2024-04-21,marque_generique_neobanques,1,1.0046913178042025,1.0046913178042025,0.003609090960705053
N26,2024-04-28,marque_generique_neobanques,1,1.0046913178042025,1.0046913178042025,0.0037717772832424486
N26,2024-05-05,marque_generique_neobanques,1,1.0046913178042025,1.0046913178042025,0.0039040057713764682
N26,2024-05-12,marque_generique_neobanques,1,1.0046913178042025,1.0046913178042025,0.0033555173570968023
N26,2024-05-19,marque_generique_neobanques,1,1.0046913178042025,1.0046913178042025,0.0037717772832424486
N26,2024-05-26,marque_generique_neobanques,1,1.0046913178042025,1.0046913178042025,0.003447882448241232
N26,2024-06-02,marque_generique_neobanques,1,1.0046913178042025,1.0046913178042025,0.0035204969513406245
N26,2024-06-09,marque_generique_neobanques,1,1.0046913178042025,1.0046913178042025,0.0033884789958674006
N26,2024-06-16,marque_generique_neobanques,1,1.0046913178042025,1.0046913178042025,0.003557120570387444
N26,2024-06-23,marque_generique_neobanques,0,1.0046913178042025,0.0,0.0
N26,2024-06-30,marque_generique_neobanques,1,1.0046913178042025,1.0046913178042025,0.0031645677731597923
N26,2024-07-07,marque_generique_neobanques,1,1.0046913178042025,1.0046913178042025,0.003278308937285077
N26,2024-07-14,marque_generique_neobanques,1,1.0046913178042025,1.0046913178042025,0.0033662578512516452
N26,2024-07-21,marque_generique_neobanques,1,1.0046913178042025,1.0046913178042025,0.003299825188704113
N26,2024-07-28,marque_generique_neobanques,1,1.0046913178042025,1.0046913178042025,0.0035198604720005564
N26,2024-08-04,marque_generique_neobanques,1,1.0046913178042025,1.0046913178042025,0.0034004488601335403
N26,2024-08-11,marque_generique_neobanques,1,1.0046913178042025,1.0046913178042025,0.0038142112338207905
N26,2024-08-18,marque_generique_neobanques,1,1.0046913178042025,1.0046913178042025,0.0033107256935343125
N26,2024-08-25,marque_generique_neobanques,1,1.0046913178042025,1.0046913178042025,0.0029507283318829206
N26,2024-09-01,marque_generique_neobanques,1,1.0046913178042025,1.0046913178042025,0.002219852185713409
N26,2024-09-08,marque_generique_neobanques,1,1.0046913178042025,1.0046913178042025,0.002858255729063792
N26,2024-09-15,marque_generique_neobanques,1,1.0046913178042025,1.0046913178042025,0.0033002077579757532
N26,2024-09-22,marque_generique_neobanques,1,1.0046913178042025,1.0046913178042025,0.0032260197745073447
N26,2024-09-29,marque_generique_neobanques,1,1.0046913178042025,1.0046913178042025,0.0031649886851306476
N26,2024-10-06,marque_generique_neobanques,1,1.0046913178042025,1.0046913178042025,0.003389173598032013
N26,2024-10-13,marque_generique_neobanques,1,1.0046913178042025,1.0046913178042025,0.003507850093725616
N26,2024-10-20,marque_generique_neobanques,1,1.0046913178042025,1.0046913178042025,0.0035078135839938314
N26,2024-10-27,marque_generique_neobanques,1,1.0046913178042025,1.0046913178042025,0.003206057209908464
N26,2024-11-03,marque_generique_neobanques,1,1.0046913178042025,1.0046913178042025,0.0033778772628837465
N26,2024-11-10,marque_generique_neobanques,1,1.0046913178042025,1.0046913178042025,0.0037018170833511593
N26,2024-11-17,marque_generique_neobanques,1,1.0046913178042025,1.0046913178042025,0.003569969009611464
N26,2024-11-24,marque_generique_neobanques,1,1.0046913178042025,1.0046913178042025,0.0034356984884275697
N26,2024-12-01,marque_generique_neobanques,1,1.0046913178042025,1.0046913178042025,0.0034595435190525074
N26,2024-12-08,marque_generique_neobanques,1,1.0046913178042025,1.0046913178042025,0.003519957797010673
N26,2024-12-15,marque_generique_neobanques,1,1.0046913178042025,1.0046913178042025,0.003135072748509527
N26,2024-12-22,marque_generique_neobanques,1,1.0046913178042025,1.0046913178042025,0.00371536480961221
N26,2024-12-29,marque_generique_neobanques,1,1.0046913178042025,1.0046913178042025,0.003204977910125687
N26,2025-01-05,marque_generique_neobanques,1,1.0046913178042025,1.0046913178042025,0.0032677542418927757
N26,2025-01-12,marque_generique_neobanques,1,1.0046913178042025,1.0046913178042025,0.003411888288895985
N26,2025-01-19,marque_generique_neobanques,1,1.0046913178042025,1.0046913178042025,0.0033108524518636593
N26,2025-01-26,marque_generique_neobanques,1,1.0046913178042025,1.0046913178042025,0.0033440427099612406
N26,2025-02-02,marque_generique_neobanques,0,1.0046913178042025,0.0,0.0
N26,2025-02-09,marque_generique_neobanques,1,1.0046913178042025,1.0046913178042025,0.0033777876361108204
N26,2025-02-16,marque_generique_neobanques,1,1.0046913178042025,1.0046913178042025,0.0034713373654588126
N26,2025-02-23,marque_generique_neobanques,1,1.0046913178042025,1.0046913178042025,0.0032785256302071486
N26,2025-03-02,marque_generique_neobanques,1,1.0046913178042025,1.0046913178042025,0.003321706638103401
N26,2025-03-09,marque_generique_neobanques,1,1.0046913178042025,1.0046913178042025,0.003377708972851927
N26,2025-03-16,marque_generique_neobanques,1,1.0046913178042025,1.0046913178042025,0.0036482026283350183
N26,2025-03-23,marque_generique_neobanques,1,1.0046913178042025,1.0046913178042025,0.003519830191376797
N26,2025-03-30,marque_generique_neobanques,1,1.0046913178042025,1.0046913178042025,0.0031350821894409273
N26,2025-04-06,marque_generique_neobanques,1,1.0046913178042025,1.0046913178042025,0.0032571524722001957
N26,2025-04-13,marque_generique_neobanques,1,1.0046913178042025,1.0046913178042025,0.0035201773274201433
N26,2025-04-20,marque_generique_neobanques,1,1.0046913178042025,1.0046913178042025,0.003674757741132095
N26,2025-04-27,marque_generique_neobanques,1,1.0046913178042025,1.0046913178042025,0.003757319789928586
N26,2025-05-04,marque_generique_neobanques,1,1.0046913178042025,1.0046913178042025,0.0034953961358224635
N26,2025-05-11,marque_generique_neobanques,1,1.0046913178042025,1.0046913178042025,0.003557437551110488
N26,2025-05-18,marque_generique_neobanques,1,1.0046913178042025,1.0046913178042025,0.0034474965258808055
N26,2025-05-25,marque_generique_neobanques,1,1.0046913178042025,1.0046913178042025,0.0038001089753927604
N26,2025-06-01,marque_generique_neobanques,1,1.0046913178042025,1.0046913178042025,0.003411959916876317
N26,2025-06-08,marque_generique_neobanques,1,1.0046913178042025,1.0046913178042025,0.00391841206870748
N26,2025-06-15,marque_generique_neobanques,1,1.0046913178042025,1.0046913178042025,0.003621715429057292
N26,2025-06-22,marque_generique_neobanques,1,1.0046913178042025,1.0046913178042025,0.003310666383111172
N26,2025-06-29,marque_generique_neobanques,1,1.0046913178042025,1.0046913178042025,0.0032153080878748195
N26,2025-07-06,marque_generique_neobanques,1,1.0046913178042025,1.0046913178042025,0.0032465107146866876
N26,2025-07-13,marque_generique_neobanques,1,1.0046913178042025,1.0046913178042025,0.0033666005768135036
N26,2025-07-20,marque_generique_neobanques,1,1.0046913178042025,1.0046913178042025,0.0037018882386780673
N26,2025-07-27,marque_generique_neobanques,1,1.0046913178042025,1.0046913178042025,0.0034123404710791555
N26,2025-08-03,marque_generique_neobanques,1,1.0046913178042025,1.0046913178042025,0.0034713909973024116
N26,2025-08-10,marque_generique_neobanques,1,1.0046913178042025,1.0046913178042025,0.0038882734627719764
N26,2025-08-17,marque_generique_neobanques,1,1.0046913178042025,1.0046913178042025,0.0034591257368099065
N26,2025-08-24,marque_generique_neobanques,0,1.0046913178042025,0.0,0.0
N26,2025-08-31,marque_generique_neobanques,1,1.0046913178042025,1.0046913178042025,0.003278314558138333
N26,2025-09-07,marque_generique_neobanques,1,1.0046913178042025,1.0046913178042025,0.0033776278174106095
N26,2025-09-14,marque_generique_neobanques,1,1.0046913178042025,1.0046913178042025,0.0035324499315084945
N26,2025-09-21,marque_generique_neobanques,0,1.0046913178042025,0.0,0.0
N26,2025-09-28,marque_generique_neobanques,1,1.0046913178042025,1.0046913178042025,0.0032052832071718376
N26,2025-10-05,marque_generique_neobanques,1,1.0046913178042025,1.0046913178042025,0.0033218424238796304
N26,2025-10-12,marque_generique_neobanques,1,1.0046913178042025,1.0046913178042025,0.003608453871175321
N26,2025-10-19,marque_generique_neobanques,1,1.0046913178042025,1.0046913178042025,0.003483477184254862
N26,2025-10-26,marque_generique_neobanques,1,1.0046913178042025,1.0046913178042025,0.003507850093725616
N26,2025-11-02,marque_generique_neobanques,1,1.0046913178042025,1.0046913178042025,0.0034122342798931647
N26,2025-11-09,marque_generique_neobanques,1,1.0046913178042025,1.0046913178042025,0.0038438433656280977
N26,2025-11-16,marque_generique_neobanques,1,1.0046913178042025,1.0046913178042025,0.0037296202094187366
N26,2025-11-23,marque_generique_neobanques,1,1.0046913178042025,1.0046913178042025,0.0036882348056296236
N26,2025-11-30,marque_generique_neobanques,1,1.0046913178042025,1.0046913178042025,0.003471103373646443
N26,2025-12-07,marque_generique_neobanques,1,1.0046913178042025,1.0046913178042025,0.0035448056593752825
N26,2025-12-14,marque_generique_neobanques,1,1.0046913178042025,1.0046913178042025,0.0034119710990839634
N26,2025-12-21,marque_generique_neobanques,0,1.0046913178042025,0.0,0.0
N26,2025-12-28,marque_generique_neobanques,1,1.0046913178042025,1.0046913178042025,0.003569809393598258
N26,2026-01-04,marque_generique_neobanques,1,1.0046913178042025,1.0046913178042025,0.0033549666392156696
N26,2026-01-11,marque_generique_neobanques,1,1.0046913178042025,1.0046913178042025,0.0034355970116270915
N26,2026-01-18,marque_generique_neobanques,1,1.0046913178042025,1.0046913178042025,0.0034954169345346457
N26,2026-01-25,marque_generique_neobanques,0,1.0046913178042025,0.0,0.0
N26,2026-02-01,marque_generique_neobanques,0,1.0046913178042025,0.0,0.0
N26,2026-02-08,marque_generique_neobanques,1,1.0046913178042025,1.0046913178042025,0.003757298846151126
N26,2026-02-15,marque_generique_neobanques,0,1.0046913178042025,0.0,0.0
N26,2026-02-22,marque_generique_neobanques,0,1.0046913178042025,0.0,0.0
N26,2026-03-01,marque_generique_neobanques,1,1.0046913178042025,1.0046913178042025,0.0035699473142290212
N26,2026-03-08,marque_generique_neobanques,0,1.0046913178042025,0.0,0.0
N26,2026-03-15,marque_generique_neobanques,0,1.0046913178042025,0.0,0.0
N26,2026-03-22,marque_generique_neobanques,1,1.0046913178042025,1.0046913178042025,0.0035829173171967933
N26,2026-03-29,marque_generique_neobanques,1,1.0046913178042025,1.0046913178042025,0.0035077808183868056
N26,2026-04-05,marque_generique_neobanques,1,1.0046913178042025,1.0046913178042025,0.003965400583284648
N26,2026-04-12,marque_generique_neobanques,1,1.0046913178042025,1.0046913178042025,0.003980965570736508
N26,2026-04-19,marque_generique_neobanques,1,1.0046913178042025,1.0046913178042025,0.003934294468756585
N26,2026-04-26,marque_generique_neobanques,1,1.0046913178042025,1.0046913178042025,0.004094888322579597
N26,2026-05-03,marque_generique_neobanques,0,1.0046913178042025,0.0,0.0
N26,2026-05-10,marque_generique_neobanques,1,1.0046913178042025,1.0046913178042025,0.0040290483864456475
N26,2026-05-17,marque_generique_neobanques,1,1.0046913178042025,1.0046913178042025,0.003661498142000334
N26,2026-05-24,marque_generique_neobanques,1,1.0046913178042025,1.0046913178042025,0.004029172355405294
N26,2026-05-31,marque_generique_neobanques,0,1.0046913178042025,0.0,0.0
N26,2026-06-07,marque_generique_neobanques,0,1.0046913178042025,0.0,0.0
N26,2026-06-14,marque_generique_neobanques,0,1.0046913178042025,0.0,0.0
N26,2026-06-21,marque_generique_neobanques,0,1.0046913178042025,0.0,0.0
N26,2026-06-28,marque_generique_neobanques,0,1.0046913178042025,0.0,0.0
N26,2026-07-05,marque_generique_neobanques,0,1.0046913178042025,0.0,0.0
N26,2026-07-12,marque_generique_neobanques,1,1.0046913178042025,1.0046913178042025,0.004094756608649867
N26,2026-07-19,marque_generique_neobanques,0,1.0046913178042025,0.0,0.0
N26,2026-07-26,marque_generique_neobanques,0,1.0046913178042025,0.0,0.0
N26,2026-08-02,marque_generique_neobanques,0,1.0046913178042025,0.0,0.0
N26,2026-08-09,marque_generique_neobanques,0,1.0046913178042025,0.0,0.0
N26,2026-08-16,marque_generique_neobanques,0,1.0046913178042025,0.0,0.0
N26,2026-08-23,marque_generique_neobanques,1,1.0046913178042025,1.0046913178042025,0.004045307289626636
N26,2026-08-30,marque_generique_neobanques,0,1.0046913178042025,0.0,0.0
N26,2026-09-06,marque_generique_neobanques,0,1.0046913178042025,0.0,0.0
N26,2026-09-13,marque_generique_neobanques,1,1.0046913178042025,1.0046913178042025,0.004361743406256722
REVOLUT,2021-09-12,marque_generique_neobanques,1,1.0046913178042025,1.0046913178042025,0.004266849447968829
REVOLUT,2021-09-19,marque_generique_neobanques,1,1.0046913178042025,1.0046913178042025,0.0030876364789336522
REVOLUT,2021-09-26,marque_generique_neobanques,1,1.0046913178042025,1.0046913178042025,0.002925640733130963
REVOLUT,2021-10-03,marque_generique_neobanques,1,1.0046913178042025,1.0046913178042025,0.0029777292268776206
REVOLUT,2021-10-10,marque_generique_neobanques,1,1.0046913178042025,1.0046913178042025,0.0029690990930695774
REVOLUT,2021-10-17,marque_generique_neobanques,1,1.0046913178042025,1.0046913178042025,0.0031070186794110504
REVOLUT,2021-10-24,marque_generique_neobanques,2,1.0046913178042025,2.009382635608405,0.006175347847059507
REVOLUT,2021-10-31,marque_generique_neobanques,2,1.0046913178042025,2.009382635608405,0.006391369411067719
REVOLUT,2021-11-07,marque_generique_neobanques,1,1.0046913178042025,1.0046913178042025,0.003378516722892498
REVOLUT,2021-11-14,marque_generique_neobanques,2,1.0046913178042025,2.009382635608405,0.006537288122602911
REVOLUT,2021-11-21,marque_generique_neobanques,2,1.0046913178042025,2.009382635608405,0.006536931912771771
REVOLUT,2021-11-28,marque_generique_neobanques,1,1.0046913178042025,1.0046913178042025,0.0031956695550359846
REVOLUT,2021-12-05,marque_generique_neobanques,1,1.0046913178042025,1.0046913178042025,0.0029685809943462895
REVOLUT,2021-12-12,marque_generique_neobanques,1,1.0046913178042025,1.0046913178042025,0.0028420727986807177
REVOLUT,2021-12-19,marque_generique_neobanques,1,1.0046913178042025,1.0046913178042025,0.0030873036888743035
REVOLUT,2021-12-26,marque_generique_neobanques,2,1.0046913178042025,2.009382635608405,0.006061682395793789
REVOLUT,2022-01-02,marque_generique_neobanques,2,1.0046913178042025,2.009382635608405,0.005336630211254606
REVOLUT,2022-01-09,marque_generique_neobanques,2,1.0046913178042025,2.009382635608405,0.005782455798315414
REVOLUT,2022-01-16,marque_generique_neobanques,2,1.0046913178042025,2.009382635608405,0.006212523672920674
REVOLUT,2022-01-23,marque_generique_neobanques,2,1.0046913178042025,2.009382635608405,0.006270971700800683
REVOLUT,2022-01-30,marque_generique_neobanques,2,1.0046913178042025,2.009382635608405,0.00528043980441496
REVOLUT,2022-02-06,marque_generique_neobanques,2,1.0046913178042025,2.009382635608405,0.005919804825644093
REVOLUT,2022-02-13,marque_generique_neobanques,2,1.0046913178042025,2.009382635608405,0.00641136905826275
REVOLUT,2022-02-20,marque_generique_neobanques,2,1.0046913178042025,2.009382635608405,0.00599067952074236
REVOLUT,2022-02-27,marque_generique_neobanques,2,1.0046913178042025,2.009382635608405,0.00551337662441194
REVOLUT,2022-03-06,marque_generique_neobanques,2,1.0046913178042025,2.009382635608405,0.005800011643410725
REVOLUT,2022-03-13,marque_generique_neobanques,2,1.0046913178042025,2.009382635608405,0.0061181085180909995
REVOLUT,2022-03-20,marque_generique_neobanques,2,1.0046913178042025,2.009382635608405,0.005990468094124466
REVOLUT,2022-03-27,marque_generique_neobanques,2,1.0046913178042025,2.009382635608405,0.005766586525393683
REVOLUT,2022-04-03,marque_generique_neobanques,2,1.0046913178042025,2.009382635608405,0.00578296143682961
REVOLUT,2022-04-10,marque_generique_neobanques,2,1.0046913178042025,2.009382635608405,0.006689201184074189
REVOLUT,2022-04-17,marque_generique_neobanques,2,1.0046913178042025,2.009382635608405,0.006688904390560185
REVOLUT,2022-04-24,marque_generique_neobanques,3,1.0046913178042025,3.0140739534126073,0.008648329140969302
REVOLUT,2022-05-01,marque_generique_neobanques,3,1.0046913178042025,3.0140739534126073,0.00877566621983017
REVOLUT,2022-05-08,marque_generique_neobanques,2,1.0046913178042025,2.009382635608405,0.00600843807350575
REVOLUT,2022-05-15,marque_generique_neobanques,2,1.0046913178042025,2.009382635608405,0.006536505855957887
REVOLUT,2022-05-22,marque_generique_neobanques,2,1.0046913178042025,2.009382635608405,0.007090704906182468
REVOLUT,2022-05-29,marque_generique_neobanques,2,1.0046913178042025,2.009382635608405,0.005816690141507292
REVOLUT,2022-06-05,marque_generique_neobanques,2,1.0046913178042025,2.009382635608405,0.006350263579110858
REVOLUT,2022-06-12,marque_generique_neobanques,2,1.0046913178042025,2.009382635608405,0.006136557812630466
REVOLUT,2022-06-19,marque_generique_neobanques,3,1.0046913178042025,3.0140739534126073,0.00903862970951363
REVOLUT,2022-06-26,marque_generique_neobanques,3,1.0046913178042025,3.0140739534126073,0.008246393725287068
REVOLUT,2022-07-03,marque_generique_neobanques,2,1.0046913178042025,2.009382635608405,0.0053370714478478305
REVOLUT,2022-07-10,marque_generique_neobanques,3,1.0046913178042025,3.0140739534126073,0.008801272582032664
REVOLUT,2022-07-17,marque_generique_neobanques,2,1.0046913178042025,2.009382635608405,0.00699197506722748
REVOLUT,2022-07-24,marque_generique_neobanques,2,1.0046913178042025,2.009382635608405,0.006390480887129718
REVOLUT,2022-07-31,marque_generique_neobanques,2,1.0046913178042025,2.009382635608405,0.005901670961804765
REVOLUT,2022-08-07,marque_generique_neobanques,2,1.0046913178042025,2.009382635608405,0.006410248109942934
REVOLUT,2022-08-14,marque_generique_neobanques,3,1.0046913178042025,3.0140739534126073,0.01027183072982345
REVOLUT,2022-08-21,marque_generique_neobanques,2,1.0046913178042025,2.009382635608405,0.006270318797657781
REVOLUT,2022-08-28,marque_generique_neobanques,2,1.0046913178042025,2.009382635608405,0.006117391497146372
REVOLUT,2022-09-04,marque_generique_neobanques,2,1.0046913178042025,2.009382635608405,0.006155207164992515
REVOLUT,2022-09-11,marque_generique_neobanques,2,1.0046913178042025,2.009382635608405,0.006026065312199617
REVOLUT,2022-09-18,marque_generique_neobanques,2,1.0046913178042025,2.009382635608405,0.006270227005602182
REVOLUT,2022-09-25,marque_generique_neobanques,3,1.0046913178042025,3.0140739534126073,0.008931494355203044
REVOLUT,2022-10-02,marque_generique_neobanques,3,1.0046913178042025,3.0140739534126073,0.009177895422680238
REVOLUT,2022-10-09,marque_generique_neobanques,2,1.0046913178042025,2.009382635608405,0.006757140044310627
REVOLUT,2022-10-16,marque_generique_neobanques,2,1.0046913178042025,2.009382635608405,0.006645350444198251
REVOLUT,2022-10-23,marque_generique_neobanques,3,1.0046913178042025,3.0140739534126073,0.00940646400365863
REVOLUT,2022-10-30,marque_generique_neobanques,3,1.0046913178042025,3.0140739534126073,0.010451540551979084
REVOLUT,2022-11-06,marque_generique_neobanques,2,1.0046913178042025,2.009382635608405,0.00719271330002087
REVOLUT,2022-11-13,marque_generique_neobanques,2,1.0046913178042025,2.009382635608405,0.006081642390556627
REVOLUT,2022-11-20,marque_generique_neobanques,2,1.0046913178042025,2.009382635608405,0.007066391118560462
REVOLUT,2022-11-27,marque_generique_neobanques,2,1.0046913178042025,2.009382635608405,0.006734510150975586
REVOLUT,2022-12-04,marque_generique_neobanques,2,1.0046913178042025,2.009382635608405,0.006733773980821891
REVOLUT,2022-12-11,marque_generique_neobanques,2,1.0046913178042025,2.009382635608405,0.006666695518481621
REVOLUT,2022-12-18,marque_generique_neobanques,2,1.0046913178042025,2.009382635608405,0.006290574346660987
REVOLUT,2022-12-25,marque_generique_neobanques,2,1.0046913178042025,2.009382635608405,0.006734031211256905
REVOLUT,2023-01-01,marque_generique_neobanques,2,1.0046913178042025,2.009382635608405,0.005954617356618043
REVOLUT,2023-01-08,marque_generique_neobanques,2,1.0046913178042025,2.009382635608405,0.006411591496285194
REVOLUT,2023-01-15,marque_generique_neobanques,3,1.0046913178042025,3.0140739534126073,0.009933485965003307
REVOLUT,2023-01-22,marque_generique_neobanques,3,1.0046913178042025,3.0140739534126073,0.009679348414955234
REVOLUT,2023-01-29,marque_generique_neobanques,3,1.0046913178042025,3.0140739534126073,0.008853360355231559
REVOLUT,2023-02-05,marque_generique_neobanques,3,1.0046913178042025,3.0140739534126073,0.009465684497987957
REVOLUT,2023-02-12,marque_generique_neobanques,2,1.0046913178042025,2.009382635608405,0.006780046907541254
REVOLUT,2023-02-19,marque_generique_neobanques,3,1.0046913178042025,3.0140739534126073,0.010204366003262317
REVOLUT,2023-02-26,marque_generique_neobanques,3,1.0046913178042025,3.0140739534126073,0.009679056772929488
REVOLUT,2023-03-05,marque_generique_neobanques,3,1.0046913178042025,3.0140739534126073,0.010239168242169295
REVOLUT,2023-03-12,marque_generique_neobanques,3,1.0046913178042025,3.0140739534126073,0.009870889064523323
REVOLUT,2023-03-19,marque_generique_neobanques,3,1.0046913178042025,3.0140739534126073,0.00952669560876447
REVOLUT,2023-03-26,marque_generique_neobanques,3,1.0046913178042025,3.0140739534126073,0.010204450837676819
REVOLUT,2023-04-02,marque_generique_neobanques,3,1.0046913178042025,3.0140739534126073,0.009934990433266915
REVOLUT,2023-04-09,marque_generique_neobanques,3,1.0046913178042025,3.0140739534126073,0.010600250232163697
REVOLUT,2023-04-16,marque_generique_neobanques,3,1.0046913178042025,3.0140739534126073,0.010828280806837582
REVOLUT,2023-04-23,marque_generique_neobanques,3,1.0046913178042025,3.0140739534126073,0.010416011286334261
REVOLUT,2023-04-30,marque_generique_neobanques,3,1.0046913178042025,3.0140739534126073,0.0111480591812056
REVOLUT,2023-05-07,marque_generique_neobanques,3,1.0046913178042025,3.0140739534126073,0.010906831809193522
REVOLUT,2023-05-14,marque_generique_neobanques,3,1.0046913178042025,3.0140739534126073,0.012040599739709754
REVOLUT,2023-05-21,marque_generique_neobanques,3,1.0046913178042025,3.0140739534126073,0.009934787996783491
REVOLUT,2023-05-28,marque_generique_neobanques,3,1.0046913178042025,3.0140739534126073,0.011067151903297117
REVOLUT,2023-06-04,marque_generique_neobanques,3,1.0046913178042025,3.0140739534126073,0.010907660737437024
REVOLUT,2023-06-11,marque_generique_neobanques,3,1.0046913178042025,3.0140739534126073,0.010828492301129847
REVOLUT,2023-06-18,marque_generique_neobanques,3,1.0046913178042025,3.0140739534126073,0.01106753319525932
REVOLUT,2023-06-25,marque_generique_neobanques,3,1.0046913178042025,3.0140739534126073,0.009968001098450882
REVOLUT,2023-07-02,marque_generique_neobanques,4,1.0046913178042025,4.01876527121681,0.0120538724296345
REVOLUT,2023-07-09,marque_generique_neobanques,4,1.0046913178042025,4.01876527121681,0.012660979473273173
REVOLUT,2023-07-16,marque_generique_neobanques,3,1.0046913178042025,3.0140739534126073,0.011533284790319377
REVOLUT,2023-07-23,marque_generique_neobanques,4,1.0046913178042025,4.01876527121681,0.014033421846194665
REVOLUT,2023-07-30,marque_generique_neobanques,4,1.0046913178042025,4.01876527121681,0.01360575268010805
REVOLUT,2023-08-06,marque_generique_neobanques,4,1.0046913178042025,4.01876527121681,0.013745800834355993
REVOLUT,2023-08-13,marque_generique_neobanques,4,1.0046913178042025,4.01876527121681,0.015677996673571636
REVOLUT,2023-08-20,marque_generique_neobanques,3,1.0046913178042025,3.0140739534126073,0.007961860607984183
REVOLUT,2023-08-27,marque_generique_neobanques,4,1.0046913178042025,4.01876527121681,0.009884885890470409
REVOLUT,2023-09-03,marque_generique_neobanques,4,1.0046913178042025,4.01876527121681,0.01337891983054329
REVOLUT,2023-09-10,marque_generique_neobanques,4,1.0046913178042025,4.01876527121681,0.014386496779047533
REVOLUT,2023-09-17,marque_generique_neobanques,4,1.0046913178042025,4.01876527121681,0.01459550598858723
REVOLUT,2023-09-24,marque_generique_neobanques,4,1.0046913178042025,4.01876527121681,0.013379470529133852
REVOLUT,2023-10-01,marque_generique_neobanques,4,1.0046913178042025,4.01876527121681,0.01286521815158971
REVOLUT,2023-10-08,marque_generique_neobanques,4,1.0046913178042025,4.01876527121681,0.014232576159750729
REVOLUT,2023-10-15,marque_generique_neobanques,4,1.0046913178042025,4.01876527121681,0.013793165200088785
REVOLUT,2023-10-22,marque_generique_neobanques,4,1.0046913178042025,4.01876527121681,0.014132745197603071
REVOLUT,2023-10-29,marque_generique_neobanques,3,1.0046913178042025,3.0140739534126073,0.01123172872097105
REVOLUT,2023-11-05,marque_generique_neobanques,3,1.0046913178042025,3.0140739534126073,0.010906587831430824
REVOLUT,2023-11-12,marque_generique_neobanques,4,1.0046913178042025,4.01876527121681,0.015032360185286519
REVOLUT,2023-11-19,marque_generique_neobanques,4,1.0046913178042025,4.01876527121681,0.014490704760208386
REVOLUT,2023-11-26,marque_generique_neobanques,4,1.0046913178042025,4.01876527121681,0.014083108565129343
REVOLUT,2023-12-03,marque_generique_neobanques,4,1.0046913178042025,4.01876527121681,0.01393673707706456
REVOLUT,2023-12-10,marque_generique_neobanques,4,1.0046913178042025,4.01876527121681,0.013290429175107008
REVOLUT,2023-12-17,marque_generique_neobanques,4,1.0046913178042025,4.01876527121681,0.013116375070593227
REVOLUT,2023-12-24,marque_generique_neobanques,4,1.0046913178042025,4.01876527121681,0.014282332496511594
REVOLUT,2023-12-31,marque_generique_neobanques,4,1.0046913178042025,4.01876527121681,0.013377941534442316
REVOLUT,2024-01-07,marque_generique_neobanques,4,1.0046913178042025,4.01876527121681,0.013116945683658112
REVOLUT,2024-01-14,marque_generique_neobanques,4,1.0046913178042025,4.01876527121681,0.01333373044875322
REVOLUT,2024-01-21,marque_generique_neobanques,4,1.0046913178042025,4.01876527121681,0.011835226782892323
REVOLUT,2024-01-28,marque_generique_neobanques,4,1.0046913178042025,4.01876527121681,0.012542039516489915
REVOLUT,2024-02-04,marque_generique_neobanques,4,1.0046913178042025,4.01876527121681,0.0136037293323712
REVOLUT,2024-02-11,marque_generique_neobanques,5,1.0046913178042025,5.023456589021013,0.017297761984719794
REVOLUT,2024-02-18,marque_generique_neobanques,4,1.0046913178042025,4.01876527121681,0.013115658088628053
REVOLUT,2024-02-25,marque_generique_neobanques,5,1.0046913178042025,5.023456589021013,0.01582416754588066
REVOLUT,2024-03-03,marque_generique_neobanques,5,1.0046913178042025,5.023456589021013,0.016777228080700816
REVOLUT,2024-03-10,marque_generique_neobanques,5,1.0046913178042025,5.023456589021013,0.017726902122594396
REVOLUT,2024-03-17,marque_generique_neobanques,5,1.0046913178042025,5.023456589021013,0.01760170864222439
REVOLUT,2024-03-24,marque_generique_neobanques,6,1.0046913178042025,6.028147906825215,0.017553299854759754
REVOLUT,2024-03-31,marque_generique_neobanques,5,1.0046913178042025,5.023456589021013,0.01683450663925189
REVOLUT,2024-04-07,marque_generique_neobanques,5,1.0046913178042025,5.023456589021013,0.017298409646829247
REVOLUT,2024-04-14,marque_generique_neobanques,4,1.0046913178042025,4.01876527121681,0.014082902974564496
REVOLUT,2024-04-21,marque_generique_neobanques,5,1.0046913178042025,5.023456589021013,0.018045454803525266
REVOLUT,2024-04-28,marque_generique_neobanques,5,1.0046913178042025,5.023456589021013,0.018858886416212244
REVOLUT,2024-05-05,marque_generique_neobanques,5,1.0046913178042025,5.023456589021013,0.01952002885688234
REVOLUT,2024-05-12,marque_generique_neobanques,5,1.0046913178042025,5.023456589021013,0.016777586785484012
REVOLUT,2024-05-19,marque_generique_neobanques,4,1.0046913178042025,4.01876527121681,0.015087109132969794
REVOLUT,2024-05-26,marque_generique_neobanques,5,1.0046913178042025,5.023456589021013,0.017239412241206162
REVOLUT,2024-06-02,marque_generique_neobanques,5,1.0046913178042025,5.023456589021013,0.017602484756703122
REVOLUT,2024-06-09,marque_generique_neobanques,4,1.0046913178042025,4.01876527121681,0.013553915983469602
REVOLUT,2024-06-16,marque_generique_neobanques,5,1.0046913178042025,5.023456589021013,0.01778560285193722
REVOLUT,2024-06-23,marque_generique_neobanques,5,1.0046913178042025,5.023456589021013,0.017354538968589298
REVOLUT,2024-06-30,marque_generique_neobanques,6,1.0046913178042025,6.028147906825215,0.018987406638958752
REVOLUT,2024-07-07,marque_generique_neobanques,6,1.0046913178042025,6.028147906825215,0.01966985362371046
REVOLUT,2024-07-14,marque_generique_neobanques,5,1.0046913178042025,5.023456589021013,0.016831289256258226
REVOLUT,2024-07-21,marque_generique_neobanques,5,1.0046913178042025,5.023456589021013,0.016499125943520564
REVOLUT,2024-07-28,marque_generique_neobanques,5,1.0046913178042025,5.023456589021013,0.017599302360002782
REVOLUT,2024-08-04,marque_generique_neobanques,6,1.0046913178042025,6.028147906825215,0.02040269316080124
REVOLUT,2024-08-11,marque_generique_neobanques,6,1.0046913178042025,6.028147906825215,0.022885267402924743
REVOLUT,2024-08-18,marque_generique_neobanques,6,1.0046913178042025,6.028147906825215,0.019864354161205876
REVOLUT,2024-08-25,marque_generique_neobanques,6,1.0046913178042025,6.028147906825215,0.01770436999129752
REVOLUT,2024-09-01,marque_generique_neobanques,6,1.0046913178042025,6.028147906825215,0.013319113114280454
REVOLUT,2024-09-08,marque_generique_neobanques,5,1.0046913178042025,5.023456589021013,0.01429127864531896
REVOLUT,2024-09-15,marque_generique_neobanques,5,1.0046913178042025,5.023456589021013,0.016501038789878766
REVOLUT,2024-09-22,marque_generique_neobanques,5,1.0046913178042025,5.023456589021013,0.016130098872536722
REVOLUT,2024-09-29,marque_generique_neobanques,5,1.0046913178042025,5.023456589021013,0.01582494342565324
REVOLUT,2024-10-06,marque_generique_neobanques,5,1.0046913178042025,5.023456589021013,0.016945867990160065
REVOLUT,2024-10-13,marque_generique_neobanques,5,1.0046913178042025,5.023456589021013,0.01753925046862808
REVOLUT,2024-10-20,marque_generique_neobanques,5,1.0046913178042025,5.023456589021013,0.01753906791996916
REVOLUT,2024-10-27,marque_generique_neobanques,5,1.0046913178042025,5.023456589021013,0.01603028604954232
REVOLUT,2024-11-03,marque_generique_neobanques,6,1.0046913178042025,6.028147906825215,0.020267263577302477
REVOLUT,2024-11-10,marque_generique_neobanques,6,1.0046913178042025,6.028147906825215,0.022210902500106953
REVOLUT,2024-11-17,marque_generique_neobanques,6,1.0046913178042025,6.028147906825215,0.021419814057668782
REVOLUT,2024-11-24,marque_generique_neobanques,5,1.0046913178042025,5.023456589021013,0.01717849244213785
REVOLUT,2024-12-01,marque_generique_neobanques,6,1.0046913178042025,6.028147906825215,0.020757261114315043
REVOLUT,2024-12-08,marque_generique_neobanques,5,1.0046913178042025,5.023456589021013,0.017599788985053367
REVOLUT,2024-12-15,marque_generique_neobanques,5,1.0046913178042025,5.023456589021013,0.015675363742547636
REVOLUT,2024-12-22,marque_generique_neobanques,5,1.0046913178042025,5.023456589021013,0.01857682404806105
REVOLUT,2024-12-29,marque_generique_neobanques,7,1.0046913178042025,7.032839224629417,0.022434845370879808
REVOLUT,2025-01-05,marque_generique_neobanques,6,1.0046913178042025,6.028147906825215,0.019606525451356653
REVOLUT,2025-01-12,marque_generique_neobanques,7,1.0046913178042025,7.032839224629417,0.023883218022271894
REVOLUT,2025-01-19,marque_generique_neobanques,7,1.0046913178042025,7.032839224629417,0.023175967163045614
REVOLUT,2025-01-26,marque_generique_neobanques,6,1.0046913178042025,6.028147906825215,0.020064256259767443
REVOLUT,2025-02-02,marque_generique_neobanques,6,1.0046913178042025,6.028147906825215,0.020197395808832907
REVOLUT,2025-02-09,marque_generique_neobanques,6,1.0046913178042025,6.028147906825215,0.020266725816664923
REVOLUT,2025-02-16,marque_generique_neobanques,5,1.0046913178042025,5.023456589021013,0.017356686827294063
REVOLUT,2025-02-23,marque_generique_neobanques,5,1.0046913178042025,5.023456589021013,0.016392628151035746
REVOLUT,2025-03-02,marque_generique_neobanques,7,1.0046913178042025,7.032839224629417,0.023251946466723804
REVOLUT,2025-03-09,marque_generique_neobanques,6,1.0046913178042025,6.028147906825215,0.020266253837111562
REVOLUT,2025-03-16,marque_generique_neobanques,5,1.0046913178042025,5.023456589021013,0.018241013141675092
REVOLUT,2025-03-23,marque_generique_neobanques,5,1.0046913178042025,5.023456589021013,0.017599150956883986
REVOLUT,2025-03-30,marque_generique_neobanques,5,1.0046913178042025,5.023456589021013,0.01567541094720464
REVOLUT,2025-04-06,marque_generique_neobanques,7,1.0046913178042025,7.032839224629417,0.02280006730540137
REVOLUT,2025-04-13,marque_generique_neobanques,6,1.0046913178042025,6.028147906825215,0.021121063964520858
REVOLUT,2025-04-20,marque_generique_neobanques,5,1.0046913178042025,5.023456589021013,0.018373788705660477
REVOLUT,2025-04-27,marque_generique_neobanques,6,1.0046913178042025,6.028147906825215,0.022543918739571515
REVOLUT,2025-05-04,marque_generique_neobanques,7,1.0046913178042025,7.032839224629417,0.024467772950757246
REVOLUT,2025-05-11,marque_generique_neobanques,6,1.0046913178042025,6.028147906825215,0.021344625306662927
REVOLUT,2025-05-18,marque_generique_neobanques,6,1.0046913178042025,6.028147906825215,0.020684979155284833
REVOLUT,2025-05-25,marque_generique_neobanques,6,1.0046913178042025,6.028147906825215,0.02280065385235656
REVOLUT,2025-06-01,marque_generique_neobanques,6,1.0046913178042025,6.028147906825215,0.020471759501257902
REVOLUT,2025-06-08,marque_generique_neobanques,6,1.0046913178042025,6.028147906825215,0.02351047241224488
REVOLUT,2025-06-15,marque_generique_neobanques,6,1.0046913178042025,6.028147906825215,0.02173029257434375
REVOLUT,2025-06-22,marque_generique_neobanques,6,1.0046913178042025,6.028147906825215,0.019863998298667033
REVOLUT,2025-06-29,marque_generique_neobanques,7,1.0046913178042025,7.032839224629417,0.022507156615123734
REVOLUT,2025-07-06,marque_generique_neobanques,7,1.0046913178042025,7.032839224629417,0.02272557500280681
REVOLUT,2025-07-13,marque_generique_neobanques,7,1.0046913178042025,7.032839224629417,0.023566204037694525
REVOLUT,2025-07-20,marque_generique_neobanques,6,1.0046913178042025,6.028147906825215,0.0222113294320684
REVOLUT,2025-07-27,marque_generique_neobanques,8,1.0046913178042025,8.03753054243362,0.027298723768633244
REVOLUT,2025-08-03,marque_generique_neobanques,8,1.0046913178042025,8.03753054243362,0.027771127978419293
REVOLUT,2025-08-10,marque_generique_neobanques,7,1.0046913178042025,7.032839224629417,0.027217914239403836
REVOLUT,2025-08-17,marque_generique_neobanques,12,1.0046913178042025,12.05629581365043,0.041509508841718876
REVOLUT,2025-08-24,marque_generique_neobanques,9,1.0046913178042025,9.042221860237822,0.0292213038942209
REVOLUT,2025-08-31,marque_generique_neobanques,8,1.0046913178042025,8.03753054243362,0.026226516465106663
REVOLUT,2025-09-07,marque_generique_neobanques,8,1.0046913178042025,8.03753054243362,0.027021022539284876
REVOLUT,2025-09-14,marque_generique_neobanques,7,1.0046913178042025,7.032839224629417,0.02472714952055946
REVOLUT,2025-09-21,marque_generique_neobanques,7,1.0046913178042025,7.032839224629417,0.0244687807210282
REVOLUT,2025-09-28,marque_generique_neobanques,8,1.0046913178042025,8.03753054243362,0.0256422656573747
REVOLUT,2025-10-05,marque_generique_neobanques,8,1.0046913178042025,8.03753054243362,0.026574739391037043
REVOLUT,2025-10-12,marque_generique_neobanques,7,1.0046913178042025,7.032839224629417,0.025259177098227243
REVOLUT,2025-10-19,marque_generique_neobanques,7,1.0046913178042025,7.032839224629417,0.02438434028978403
REVOLUT,2025-10-26,marque_generique_neobanques,7,1.0046913178042025,7.032839224629417,0.02455495065607931
REVOLUT,2025-11-02,marque_generique_neobanques,9,1.0046913178042025,9.042221860237822,0.030710108519038482
REVOLUT,2025-11-09,marque_generique_neobanques,8,1.0046913178042025,8.03753054243362,0.03075074692502478
REVOLUT,2025-11-16,marque_generique_neobanques,7,1.0046913178042025,7.032839224629417,0.026107341465931154
REVOLUT,2025-11-23,marque_generique_neobanques,9,1.0046913178042025,9.042221860237822,0.03319411325066661
REVOLUT,2025-11-30,marque_generique_neobanques,9,1.0046913178042025,9.042221860237822,0.031239930362817983
REVOLUT,2025-12-07,marque_generique_neobanques,8,1.0046913178042025,8.03753054243362,0.02835844527500226
REVOLUT,2025-12-14,marque_generique_neobanques,9,1.0046913178042025,9.042221860237822,0.03070773989175567
REVOLUT,2025-12-21,marque_generique_neobanques,8,1.0046913178042025,8.03753054243362,0.031722244059610695
REVOLUT,2025-12-28,marque_generique_neobanques,9,1.0046913178042025,9.042221860237822,0.03212828454238432
REVOLUT,2026-01-04,marque_generique_neobanques,8,1.0046913178042025,8.03753054243362,0.026839733113725357
REVOLUT,2026-01-11,marque_generique_neobanques,9,1.0046913178042025,9.042221860237822,0.030920373104643822
REVOLUT,2026-01-18,marque_generique_neobanques,9,1.0046913178042025,9.042221860237822,0.03145875241081181
REVOLUT,2026-01-25,marque_generique_neobanques,8,1.0046913178042025,8.03753054243362,0.027771435113433243
REVOLUT,2026-02-01,marque_generique_neobanques,8,1.0046913178042025,8.03753054243362,0.026662480824754333
REVOLUT,2026-02-08,marque_generique_neobanques,8,1.0046913178042025,8.03753054243362,0.030058390769209006
REVOLUT,2026-02-15,marque_generique_neobanques,7,1.0046913178042025,7.032839224629417,0.027978412317026743
REVOLUT,2026-02-22,marque_generique_neobanques,8,1.0046913178042025,8.03753054243362,0.029182898459994413
REVOLUT,2026-03-01,marque_generique_neobanques,8,1.0046913178042025,8.03753054243362,0.02855957851383217
REVOLUT,2026-03-08,marque_generique_neobanques,8,1.0046913178042025,8.03753054243362,0.02918363245845575
REVOLUT,2026-03-15,marque_generique_neobanques,10,1.0046913178042025,10.046913178042026,0.03729630527561683
REVOLUT,2026-03-22,marque_generique_neobanques,9,1.0046913178042025,9.042221860237822,0.03224625585477114
REVOLUT,2026-03-29,marque_generique_neobanques,8,1.0046913178042025,8.03753054243362,0.028062246547094445
REVOLUT,2026-04-05,marque_generique_neobanques,9,1.0046913178042025,9.042221860237822,0.03568860524956183
REVOLUT,2026-04-12,marque_generique_neobanques,9,1.0046913178042025,9.042221860237822,0.035828690136628566
REVOLUT,2026-04-19,marque_generique_neobanques,9,1.0046913178042025,9.042221860237822,0.03540865021880927
REVOLUT,2026-04-26,marque_generique_neobanques,8,1.0046913178042025,8.03753054243362,0.03275910658063678
REVOLUT,2026-05-03,marque_generique_neobanques,9,1.0046913178042025,9.042221860237822,0.03213023159229334
REVOLUT,2026-05-10,marque_generique_neobanques,9,1.0046913178042025,9.042221860237822,0.03626143547801083
REVOLUT,2026-05-17,marque_generique_neobanques,9,1.0046913178042025,9.042221860237822,0.032953483278003
REVOLUT,2026-05-24,marque_generique_neobanques,8,1.0046913178042025,8.03753054243362,0.03223337884324235
REVOLUT,2026-05-31,marque_generique_neobanques,9,1.0046913178042025,9.042221860237822,0.03283194188271824
REVOLUT,2026-06-07,marque_generique_neobanques,10,1.0046913178042025,10.046913178042026,0.03785909820921483
REVOLUT,2026-06-14,marque_generique_neobanques,8,1.0046913178042025,8.03753054243362,0.03316333652450817
REVOLUT,2026-06-21,marque_generique_neobanques,8,1.0046913178042025,8.03753054243362,0.032623842403589544
REVOLUT,2026-06-28,marque_generique_neobanques,8,1.0046913178042025,8.03753054243362,0.029187270608387907
REVOLUT,2026-07-05,marque_generique_neobanques,9,1.0046913178042025,9.042221860237822,0.035408960226459195
REVOLUT,2026-07-12,marque_generique_neobanques,8,1.0046913178042025,8.03753054243362,0.03275805286919894
REVOLUT,2026-07-19,marque_generique_neobanques,8,1.0046913178042025,8.03753054243362,0.03504790465833114
REVOLUT,2026-07-26,marque_generique_neobanques,8,1.0046913178042025,8.03753054243362,0.03415238443708783
REVOLUT,2026-08-02,marque_generique_neobanques,9,1.0046913178042025,9.042221860237822,0.0368564449205835
REVOLUT,2026-08-09,marque_generique_neobanques,9,1.0046913178042025,9.042221860237822,0.037629871867800986
REVOLUT,2026-08-16,marque_generique_neobanques,10,1.0046913178042025,10.046913178042026,0.04361864630579338
REVOLUT,2026-08-23,marque_generique_neobanques,8,1.0046913178042025,8.03753054243362,0.032362458317013086
REVOLUT,2026-08-30,marque_generique_neobanques,9,1.0046913178042025,9.042221860237822,0.03307383795220005
REVOLUT,2026-09-06,marque_generique_neobanques,9,1.0046913178042025,9.042221860237822,0.03700680326332646
REVOLUT,2026-09-13,marque_generique_neobanques,19,1.0046913178042025,19.08913503827985,0.08287312471887774
VDK,2021-09-19,marque_generique_traditionnelles_2,4,0.999254746937982,3.997018987751928,0.012283714823519988
VDK,2021-09-26,marque_generique_traditionnelles_2,4,0.999254746937982,3.997018987751928,0.011639238196287332
VDK,2021-10-03,marque_generique_traditionnelles_2,4,0.999254746937982,3.997018987751928,0.01184646472931224
VDK,2021-10-10,marque_generique_traditionnelles_2,4,0.999254746937982,3.997018987751928,0.011812130991092048
VDK,2021-10-17,marque_generique_traditionnelles_2,4,0.999254746937982,3.997018987751928,0.012360824102718191
VDK,2021-10-24,marque_generique_traditionnelles_2,4,0.999254746937982,3.997018987751928,0.012283863791425806
VDK,2021-10-31,marque_generique_traditionnelles_2,4,0.999254746937982,3.997018987751928,0.01271356905402914
VDK,2021-11-07,marque_generique_traditionnelles_2,4,0.999254746937982,3.997018987751928,0.013440939771782158
VDK,2021-11-14,marque_generique_traditionnelles_2,4,0.999254746937982,3.997018987751928,0.013003827290732704
VDK,2021-11-21,marque_generique_traditionnelles_2,4,0.999254746937982,3.997018987751928,0.013003118726105213
VDK,2021-11-28,marque_generique_traditionnelles_2,3,0.999254746937982,2.9977642408139458,0.009535131584974684
VDK,2021-12-05,marque_generique_traditionnelles_2,3,0.999254746937982,2.9977642408139458,0.00885755235773372
VDK,2021-12-12,marque_generique_traditionnelles_2,4,0.999254746937982,3.997018987751928,0.011306775264792254
VDK,2021-12-19,marque_generique_traditionnelles_2,3,0.999254746937982,2.9977642408139458,0.009211793149827953
VDK,2021-12-26,marque_generique_traditionnelles_2,4,0.999254746937982,3.997018987751928,0.012057763018527016
VDK,2022-01-02,marque_generique_traditionnelles_2,4,0.999254746937982,3.997018987751928,0.010615505432859837
VDK,2022-01-09,marque_generique_traditionnelles_2,4,0.999254746937982,3.997018987751928,0.01150233171727637
VDK,2022-01-16,marque_generique_traditionnelles_2,4,0.999254746937982,3.997018987751928,0.012357813112585063
VDK,2022-01-23,marque_generique_traditionnelles_2,4,0.999254746937982,3.997018987751928,0.012474076622129284
VDK,2022-01-30,marque_generique_traditionnelles_2,4,0.999254746937982,3.997018987751928,0.010503732732584876
VDK,2022-02-06,marque_generique_traditionnelles_2,4,0.999254746937982,3.997018987751928,0.011775543329864913
VDK,2022-02-13,marque_generique_traditionnelles_2,3,0.999254746937982,2.9977642408139458,0.009565013928619748
VDK,2022-02-20,marque_generique_traditionnelles_2,3,0.999254746937982,2.9977642408139458,0.008937394265886207
VDK,2022-02-27,marque_generique_traditionnelles_2,4,0.999254746937982,3.997018987751928,0.010967085443997443
VDK,2022-03-06,marque_generique_traditionnelles_2,4,0.999254746937982,3.997018987751928,0.011537253411606004
VDK,2022-03-13,marque_generique_traditionnelles_2,4,0.999254746937982,3.997018987751928,0.01217000459871708
VDK,2022-03-20,marque_generique_traditionnelles_2,4,0.999254746937982,3.997018987751928,0.011916105122749692
VDK,2022-03-27,marque_generique_traditionnelles_2,4,0.999254746937982,3.997018987751928,0.01147076491458487
VDK,2022-04-03,marque_generique_traditionnelles_2,4,0.999254746937982,3.997018987751928,0.011503337522097395
VDK,2022-04-10,marque_generique_traditionnelles_2,3,0.999254746937982,2.9977642408139458,0.009979507015674158
VDK,2022-04-17,marque_generique_traditionnelles_2,3,0.999254746937982,2.9977642408139458,0.009979064234410192
VDK,2022-04-24,marque_generique_traditionnelles_2,3,0.999254746937982,2.9977642408139458,0.008601531429656301
VDK,2022-05-01,marque_generique_traditionnelles_2,4,0.999254746937982,3.997018987751928,0.011637572618654531
VDK,2022-05-08,marque_generique_traditionnelles_2,3,0.999254746937982,2.9977642408139458,0.008963887952802427
VDK,2022-05-15,marque_generique_traditionnelles_2,3,0.999254746937982,2.9977642408139458,0.009751703417566619
VDK,2022-05-22,marque_generique_traditionnelles_2,5,0.999254746937982,4.99627373468991,0.017630839470487242
VDK,2022-05-29,marque_generique_traditionnelles_2,4,0.999254746937982,3.997018987751928,0.011570429906912472
VDK,2022-06-05,marque_generique_traditionnelles_2,3,0.999254746937982,2.9977642408139458,0.009473851689495551
VDK,2022-06-12,marque_generique_traditionnelles_2,3,0.999254746937982,2.9977642408139458,0.009155027642020551
VDK,2022-06-19,marque_generique_traditionnelles_2,4,0.999254746937982,3.997018987751928,0.01198629334601434
VDK,2022-06-26,marque_generique_traditionnelles_2,4,0.999254746937982,3.997018987751928,0.010935694614636624
VDK,2022-07-03,marque_generique_traditionnelles_2,4,0.999254746937982,3.997018987751928,0.010616383130820374
VDK,2022-07-10,marque_generique_traditionnelles_2,4,0.999254746937982,3.997018987751928,0.011671529687231015
VDK,2022-07-17,marque_generique_traditionnelles_2,4,0.999254746937982,3.997018987751928,0.013908280389381604
VDK,2022-07-24,marque_generique_traditionnelles_2,4,0.999254746937982,3.997018987751928,0.01271180162208844
VDK,2022-07-31,marque_generique_traditionnelles_2,4,0.999254746937982,3.997018987751928,0.011739471853580279
VDK,2022-08-07,marque_generique_traditionnelles_2,3,0.999254746937982,2.9977642408139458,0.009563341604628591
VDK,2022-08-14,marque_generique_traditionnelles_2,4,0.999254746937982,3.997018987751928,0.013621663934155526
VDK,2022-08-21,marque_generique_traditionnelles_2,3,0.999254746937982,2.9977642408139458,0.00935458341135242
VDK,2022-08-28,marque_generique_traditionnelles_2,4,0.999254746937982,3.997018987751928,0.012168578316694182
VDK,2022-09-04,marque_generique_traditionnelles_2,4,0.999254746937982,3.997018987751928,0.012243800397216334
VDK,2022-09-11,marque_generique_traditionnelles_2,4,0.999254746937982,3.997018987751928,0.011986914312615336
VDK,2022-09-18,marque_generique_traditionnelles_2,4,0.999254746937982,3.997018987751928,0.012472595291099668
VDK,2022-09-25,marque_generique_traditionnelles_2,4,0.999254746937982,3.997018987751928,0.011844219179269328
VDK,2022-10-02,marque_generique_traditionnelles_2,4,0.999254746937982,3.997018987751928,0.012170976173467693
VDK,2022-10-09,marque_generique_traditionnelles_2,4,0.999254746937982,3.997018987751928,0.013441151815184677
VDK,2022-10-16,marque_generique_traditionnelles_2,4,0.999254746937982,3.997018987751928,0.013218782443436286
VDK,2022-10-23,marque_generique_traditionnelles_2,4,0.999254746937982,3.997018987751928,0.01247408517885217
VDK,2022-10-30,marque_generique_traditionnelles_2,3,0.999254746937982,2.9977642408139458,0.010394985329628606
VDK,2022-11-06,marque_generique_traditionnelles_2,4,0.999254746937982,3.997018987751928,0.014307584391428983
VDK,2022-11-13,marque_generique_traditionnelles_2,4,0.999254746937982,3.997018987751928,0.012097466993593138
VDK,2022-11-20,marque_generique_traditionnelles_2,4,0.999254746937982,3.997018987751928,0.014056307133964966
VDK,2022-11-27,marque_generique_traditionnelles_2,5,0.999254746937982,4.99627373468991,0.016745171172007293
VDK,2022-12-04,marque_generique_traditionnelles_2,4,0.999254746937982,3.997018987751928,0.01339467256440464
VDK,2022-12-11,marque_generique_traditionnelles_2,4,0.999254746937982,3.997018987751928,0.013261241587699656
VDK,2022-12-18,marque_generique_traditionnelles_2,4,0.999254746937982,3.997018987751928,0.012513069766752578
VDK,2022-12-25,marque_generique_traditionnelles_2,4,0.999254746937982,3.997018987751928,0.01339518424143158
VDK,2023-01-01,marque_generique_traditionnelles_2,4,0.999254746937982,3.997018987751928,0.011844791637702731
VDK,2023-01-08,marque_generique_traditionnelles_2,4,0.999254746937982,3.997018987751928,0.012753794373564517
VDK,2023-01-15,marque_generique_traditionnelles_2,3,0.999254746937982,2.9977642408139458,0.009879734032006239
VDK,2023-01-22,marque_generique_traditionnelles_2,4,0.999254746937982,3.997018987751928,0.012835962223102886
VDK,2023-01-29,marque_generique_traditionnelles_2,4,0.999254746937982,3.997018987751928,0.011740604242707654
VDK,2023-02-05,marque_generique_traditionnelles_2,4,0.999254746937982,3.997018987751928,0.012552618567201971
VDK,2023-02-12,marque_generique_traditionnelles_2,4,0.999254746937982,3.997018987751928,0.013486717635083844
VDK,2023-02-19,marque_generique_traditionnelles_2,3,0.999254746937982,2.9977642408139458,0.010149148288190553
VDK,2023-02-26,marque_generique_traditionnelles_2,4,0.999254746937982,3.997018987751928,0.012835575471240606
VDK,2023-03-05,marque_generique_traditionnelles_2,4,0.999254746937982,3.997018987751928,0.013578349607646364
VDK,2023-03-12,marque_generique_traditionnelles_2,3,0.999254746937982,2.9977642408139458,0.00981747585495248
VDK,2023-03-19,marque_generique_traditionnelles_2,3,0.999254746937982,2.9977642408139458,0.00947514489375366
VDK,2023-03-26,marque_generique_traditionnelles_2,4,0.999254746937982,3.997018987751928,0.013532310218067096
VDK,2023-04-02,marque_generique_traditionnelles_2,4,0.999254746937982,3.997018987751928,0.013174973812417773
VDK,2023-04-09,marque_generique_traditionnelles_2,4,0.999254746937982,3.997018987751928,0.014057187085575129
VDK,2023-04-16,marque_generique_traditionnelles_2,4,0.999254746937982,3.997018987751928,0.01435958263088932
VDK,2023-04-23,marque_generique_traditionnelles_2,4,0.999254746937982,3.997018987751928,0.01381286442589723
VDK,2023-04-30,marque_generique_traditionnelles_2,4,0.999254746937982,3.997018987751928,0.014783646623338557
VDK,2023-05-07,marque_generique_traditionnelles_2,4,0.999254746937982,3.997018987751928,0.014463750561994048
VDK,2023-05-14,marque_generique_traditionnelles_2,3,0.999254746937982,2.9977642408139458,0.011975445823679312
VDK,2023-05-21,marque_generique_traditionnelles_2,4,0.999254746937982,3.997018987751928,0.013174705357668301
VDK,2023-05-28,marque_generique_traditionnelles_2,4,0.999254746937982,3.997018987751928,0.014676353991821876
VDK,2023-06-04,marque_generique_traditionnelles_2,4,0.999254746937982,3.997018987751928,0.014464849819006309
VDK,2023-06-11,marque_generique_traditionnelles_2,4,0.999254746937982,3.997018987751928,0.014359863097365939
VDK,2023-06-18,marque_generique_traditionnelles_2,3,0.999254746937982,2.9977642408139458,0.011007644722587157
VDK,2023-06-25,marque_generique_traditionnelles_2,4,0.999254746937982,3.997018987751928,0.01321874986356252
VDK,2023-07-02,marque_generique_traditionnelles_2,7,0.999254746937982,6.994783228565874,0.020980131712084578
VDK,2023-07-09,marque_generique_traditionnelles_2,4,0.999254746937982,3.997018987751928,0.012592468567562702
VDK,2023-07-16,marque_generique_traditionnelles_2,3,0.999254746937982,2.9977642408139458,0.01147087604947357
VDK,2023-07-23,marque_generique_traditionnelles_2,3,0.999254746937982,2.9977642408139458,0.01046811330039236
VDK,2023-07-30,marque_generique_traditionnelles_2,4,0.999254746937982,3.997018987751928,0.013532129431531224
VDK,2023-08-06,marque_generique_traditionnelles_2,3,0.999254746937982,2.9977642408139458,0.010253564819451685
VDK,2023-08-13,marque_generique_traditionnelles_2,3,0.999254746937982,2.9977642408139458,0.011694870096606216
VDK,2023-08-20,marque_generique_traditionnelles_2,5,0.999254746937982,4.99627373468991,0.01319796250848263
VDK,2023-08-27,marque_generique_traditionnelles_2,5,0.999254746937982,4.99627373468991,0.012289246176851357
VDK,2023-09-03,marque_generique_traditionnelles_2,4,0.999254746937982,3.997018987751928,0.013306524016542231
VDK,2023-09-10,marque_generique_traditionnelles_2,3,0.999254746937982,2.9977642408139458,0.010731486584623423
VDK,2023-09-17,marque_generique_traditionnelles_2,3,0.999254746937982,2.9977642408139458,0.010887395251110226
VDK,2023-09-24,marque_generique_traditionnelles_2,4,0.999254746937982,3.997018987751928,0.013307071735200689
VDK,2023-10-01,marque_generique_traditionnelles_2,4,0.999254746937982,3.997018987751928,0.012795602072550262
VDK,2023-10-08,marque_generique_traditionnelles_2,3,0.999254746937982,2.9977642408139458,0.010616670789892473
VDK,2023-10-15,marque_generique_traditionnelles_2,3,0.999254746937982,2.9977642408139458,0.01028889587073242
VDK,2023-10-22,marque_generique_traditionnelles_2,3,0.999254746937982,2.9977642408139458,0.010542202721156106
VDK,2023-10-29,marque_generique_traditionnelles_2,3,0.999254746937982,2.9977642408139458,0.011170951755887707
VDK,2023-11-05,marque_generique_traditionnelles_2,3,0.999254746937982,2.9977642408139458,0.010847570263941715
VDK,2023-11-12,marque_generique_traditionnelles_2,3,0.999254746937982,2.9977642408139458,0.011213262974386861
VDK,2023-11-19,marque_generique_traditionnelles_2,3,0.999254746937982,2.9977642408139458,0.010809219653974056
VDK,2023-11-26,marque_generique_traditionnelles_2,3,0.999254746937982,2.9977642408139458,0.010505176691561919
VDK,2023-12-03,marque_generique_traditionnelles_2,3,0.999254746937982,2.9977642408139458,0.010395992107944157
VDK,2023-12-10,marque_generique_traditionnelles_2,4,0.999254746937982,3.997018987751928,0.013218512200437744
VDK,2023-12-17,marque_generique_traditionnelles_2,3,0.999254746937982,2.9977642408139458,0.009784049951198703
VDK,2023-12-24,marque_generique_traditionnelles_2,4,0.999254746937982,3.997018987751928,0.014205048149193942
VDK,2023-12-31,marque_generique_traditionnelles_2,4,0.999254746937982,3.997018987751928,0.013305551014182715
VDK,2024-01-07,marque_generique_traditionnelles_2,4,0.999254746937982,3.997018987751928,0.013045967460303474
VDK,2024-01-14,marque_generique_traditionnelles_2,4,0.999254746937982,3.997018987751928,0.013261579162869554
VDK,2024-01-21,marque_generique_traditionnelles_2,4,0.999254746937982,3.997018987751928,0.01177118417798198
VDK,2024-01-28,marque_generique_traditionnelles_2,4,0.999254746937982,3.997018987751928,0.012474172216922364
VDK,2024-02-04,marque_generique_traditionnelles_2,4,0.999254746937982,3.997018987751928,0.013530117032503858
VDK,2024-02-11,marque_generique_traditionnelles_2,4,0.999254746937982,3.997018987751928,0.013763328471802842
VDK,2024-02-18,marque_generique_traditionnelles_2,4,0.999254746937982,3.997018987751928,0.013044686832688683
VDK,2024-02-25,marque_generique_traditionnelles_2,4,0.999254746937982,3.997018987751928,0.01259083203475619
VDK,2024-03-03,marque_generique_traditionnelles_2,4,0.999254746937982,3.997018987751928,0.01334915471290549
VDK,2024-03-10,marque_generique_traditionnelles_2,3,0.999254746937982,2.9977642408139458,0.010578587142499546
VDK,2024-03-17,marque_generique_traditionnelles_2,4,0.999254746937982,3.997018987751928,0.0140051700284642
VDK,2024-03-24,marque_generique_traditionnelles_2,4,0.999254746937982,3.997018987751928,0.011638877131355729
VDK,2024-03-31,marque_generique_traditionnelles_2,4,0.999254746937982,3.997018987751928,0.013394729603832204
VDK,2024-04-07,marque_generique_traditionnelles_2,3,0.999254746937982,2.9977642408139458,0.010322882848346
VDK,2024-04-14,marque_generique_traditionnelles_2,4,0.999254746937982,3.997018987751928,0.014006697777339682
VDK,2024-04-21,marque_generique_traditionnelles_2,3,0.999254746937982,2.9977642408139458,0.010768684502511984
VDK,2024-04-28,marque_generique_traditionnelles_2,4,0.999254746937982,3.997018987751928,0.015005469990166156
VDK,2024-05-05,marque_generique_traditionnelles_2,3,0.999254746937982,2.9977642408139458,0.011648641418482344
VDK,2024-05-12,marque_generique_traditionnelles_2,4,0.999254746937982,3.997018987751928,0.013349440123917616
VDK,2024-05-19,marque_generique_traditionnelles_2,3,0.999254746937982,2.9977642408139458,0.011254102492624617
VDK,2024-05-26,marque_generique_traditionnelles_2,4,0.999254746937982,3.997018987751928,0.01371690127001032
VDK,2024-06-02,marque_generique_traditionnelles_2,4,0.999254746937982,3.997018987751928,0.014005787560287796
VDK,2024-06-09,marque_generique_traditionnelles_2,3,0.999254746937982,2.9977642408139458,0.010110429924646802
VDK,2024-06-16,marque_generique_traditionnelles_2,3,0.999254746937982,2.9977642408139458,0.01061361699579184
VDK,2024-06-23,marque_generique_traditionnelles_2,4,0.999254746937982,3.997018987751928,0.013808504274275124
VDK,2024-06-30,marque_generique_traditionnelles_2,4,0.999254746937982,3.997018987751928,0.012589774842478108
VDK,2024-07-07,marque_generique_traditionnelles_2,3,0.999254746937982,2.9977642408139458,0.00978170820069653
VDK,2024-07-14,marque_generique_traditionnelles_2,3,0.999254746937982,2.9977642408139458,0.010044127218991243
VDK,2024-07-21,marque_generique_traditionnelles_2,3,0.999254746937982,2.9977642408139458,0.009845907669684992
VDK,2024-07-28,marque_generique_traditionnelles_2,3,0.999254746937982,2.9977642408139458,0.010502441564518543
VDK,2024-08-04,marque_generique_traditionnelles_2,3,0.999254746937982,2.9977642408139458,0.010146145203985388
VDK,2024-08-11,marque_generique_traditionnelles_2,3,0.999254746937982,2.9977642408139458,0.011380715490453877
VDK,2024-08-18,marque_generique_traditionnelles_2,4,0.999254746937982,3.997018987751928,0.013171242973629154
VDK,2024-08-25,marque_generique_traditionnelles_2,5,0.999254746937982,4.99627373468991,0.014673806970894022
VDK,2024-09-01,marque_generique_traditionnelles_2,6,0.999254746937982,5.9955284816278915,0.013247040925501866
VDK,2024-09-08,marque_generique_traditionnelles_2,4,0.999254746937982,3.997018987751928,0.011371156710986081
VDK,2024-09-15,marque_generique_traditionnelles_2,3,0.999254746937982,2.9977642408139458,0.009847049167040284
VDK,2024-09-22,marque_generique_traditionnelles_2,4,0.999254746937982,3.997018987751928,0.01283425273520873
VDK,2024-09-29,marque_generique_traditionnelles_2,4,0.999254746937982,3.997018987751928,0.012591449379830892
VDK,2024-10-06,marque_generique_traditionnelles_2,4,0.999254746937982,3.997018987751928,0.013483336607036829
VDK,2024-10-13,marque_generique_traditionnelles_2,3,0.999254746937982,2.9977642408139458,0.010466605400839978
VDK,2024-10-20,marque_generique_traditionnelles_2,3,0.999254746937982,2.9977642408139458,0.010466496464327393
VDK,2024-10-27,marque_generique_traditionnelles_2,3,0.999254746937982,2.9977642408139458,0.009566125921016815
VDK,2024-11-03,marque_generique_traditionnelles_2,4,0.999254746937982,3.997018987751928,0.01343839577269349
VDK,2024-11-10,marque_generique_traditionnelles_2,3,0.999254746937982,2.9977642408139458,0.011045357595761503
VDK,2024-11-17,marque_generique_traditionnelles_2,3,0.999254746937982,2.9977642408139458,0.01065195373760844
VDK,2024-11-24,marque_generique_traditionnelles_2,4,0.999254746937982,3.997018987751928,0.013668429149411479
VDK,2024-12-01,marque_generique_traditionnelles_2,4,0.999254746937982,3.997018987751928,0.013763293152396699
VDK,2024-12-08,marque_generique_traditionnelles_2,4,0.999254746937982,3.997018987751928,0.014003642612823877
VDK,2024-12-15,marque_generique_traditionnelles_2,4,0.999254746937982,3.997018987751928,0.012472433156049503
VDK,2024-12-22,marque_generique_traditionnelles_2,3,0.999254746937982,2.9977642408139458,0.011085780846774038
VDK,2024-12-29,marque_generique_traditionnelles_2,5,0.999254746937982,4.99627373468991,0.015938175904236275
VDK,2025-01-05,marque_generique_traditionnelles_2,4,0.999254746937982,3.997018987751928,0.013000287273008717
VDK,2025-01-12,marque_generique_traditionnelles_2,4,0.999254746937982,3.997018987751928,0.013573703716889672
VDK,2025-01-19,marque_generique_traditionnelles_2,4,0.999254746937982,3.997018987751928,0.013171747263295319
VDK,2025-01-26,marque_generique_traditionnelles_2,3,0.999254746937982,2.9977642408139458,0.009977842425856422
VDK,2025-02-02,marque_generique_traditionnelles_2,4,0.999254746937982,3.997018987751928,0.013392069305340466
VDK,2025-02-09,marque_generique_traditionnelles_2,3,0.999254746937982,2.9977642408139458,0.01007852940416256
VDK,2025-02-16,marque_generique_traditionnelles_2,3,0.999254746937982,2.9977642408139458,0.010357659947452361
VDK,2025-02-23,marque_generique_traditionnelles_2,4,0.999254746937982,3.997018987751928,0.013043139682354798
VDK,2025-03-02,marque_generique_traditionnelles_2,4,0.999254746937982,3.997018987751928,0.013214929072203214
VDK,2025-03-09,marque_generique_traditionnelles_2,4,0.999254746937982,3.997018987751928,0.01343772625516038
VDK,2025-03-16,marque_generique_traditionnelles_2,4,0.999254746937982,3.997018987751928,0.014513846111949115
VDK,2025-03-23,marque_generique_traditionnelles_2,4,0.999254746937982,3.997018987751928,0.014003134952279284
VDK,2025-03-30,marque_generique_traditionnelles_2,4,0.999254746937982,3.997018987751928,0.012472470715428589
VDK,2025-04-06,marque_generique_traditionnelles_2,3,0.999254746937982,2.9977642408139458,0.00971858225009899
VDK,2025-04-13,marque_generique_traditionnelles_2,3,0.999254746937982,2.9977642408139458,0.01050338698708716
VDK,2025-04-20,marque_generique_traditionnelles_2,3,0.999254746937982,2.9977642408139458,0.010964618838446925
VDK,2025-04-27,marque_generique_traditionnelles_2,3,0.999254746937982,2.9977642408139458,0.011210964709207889
VDK,2025-05-04,marque_generique_traditionnelles_2,4,0.999254746937982,3.997018987751928,0.01390592759886858
VDK,2025-05-11,marque_generique_traditionnelles_2,4,0.999254746937982,3.997018987751928,0.014152750389648947
VDK,2025-05-18,marque_generique_traditionnelles_2,3,0.999254746937982,2.9977642408139458,0.010286524450318645
VDK,2025-05-25,marque_generique_traditionnelles_2,3,0.999254746937982,2.9977642408139458,0.011338637644969294
VDK,2025-06-01,marque_generique_traditionnelles_2,4,0.999254746937982,3.997018987751928,0.01357398867844191
VDK,2025-06-08,marque_generique_traditionnelles_2,3,0.999254746937982,2.9977642408139458,0.011691626445043367
VDK,2025-06-15,marque_generique_traditionnelles_2,3,0.999254746937982,2.9977642408139458,0.01080635296755689
VDK,2025-06-22,marque_generique_traditionnelles_2,3,0.999254746937982,2.9977642408139458,0.009878255261771508
VDK,2025-06-29,marque_generique_traditionnelles_2,4,0.999254746937982,3.997018987751928,0.012791637840362594
VDK,2025-07-06,marque_generique_traditionnelles_2,3,0.999254746937982,2.9977642408139458,0.009686829731123182
VDK,2025-07-13,marque_generique_traditionnelles_2,4,0.999254746937982,3.997018987751928,0.013393533109363037
VDK,2025-07-20,marque_generique_traditionnelles_2,3,0.999254746937982,2.9977642408139458,0.011045569906638256
VDK,2025-07-27,marque_generique_traditionnelles_2,4,0.999254746937982,3.997018987751928,0.013575502658256067
VDK,2025-08-03,marque_generique_traditionnelles_2,3,0.999254746937982,2.9977642408139458,0.010357819972347632
VDK,2025-08-10,marque_generique_traditionnelles_2,3,0.999254746937982,2.9977642408139458,0.011601699883978921
VDK,2025-08-17,marque_generique_traditionnelles_2,4,0.999254746937982,3.997018987751928,0.013761631066214775
VDK,2025-08-24,marque_generique_traditionnelles_2,4,0.999254746937982,3.997018987751928,0.012916969779925125
VDK,2025-08-31,marque_generique_traditionnelles_2,5,0.999254746937982,4.99627373468991,0.016302874953349773
VDK,2025-09-07,marque_generique_traditionnelles_2,4,0.999254746937982,3.997018987751928,0.013437403389983628
VDK,2025-09-14,marque_generique_traditionnelles_2,4,0.999254746937982,3.997018987751928,0.014053340761798101
VDK,2025-09-21,marque_generique_traditionnelles_2,4,0.999254746937982,3.997018987751928,0.01390650035146247
VDK,2025-09-28,marque_generique_traditionnelles_2,4,0.999254746937982,3.997018987751928,0.012751755303498098
VDK,2025-10-05,marque_generique_traditionnelles_2,4,0.999254746937982,3.997018987751928,0.01321546927626016
VDK,2025-10-12,marque_generique_traditionnelles_2,4,0.999254746937982,3.997018987751928,0.014355711434868315
VDK,2025-10-19,marque_generique_traditionnelles_2,4,0.999254746937982,3.997018987751928,0.013858509775219104
VDK,2025-10-26,marque_generique_traditionnelles_2,3,0.999254746937982,2.9977642408139458,0.010466605400839978
VDK,2025-11-02,marque_generique_traditionnelles_2,4,0.999254746937982,3.997018987751928,0.013575080191992835
VDK,2025-11-09,marque_generique_traditionnelles_2,3,0.999254746937982,2.9977642408139458,0.011469130851009767
VDK,2025-11-16,marque_generique_traditionnelles_2,3,0.999254746937982,2.9977642408139458,0.011128315630364993
VDK,2025-11-23,marque_generique_traditionnelles_2,3,0.999254746937982,2.9977642408139458,0.011004831251260576
VDK,2025-11-30,marque_generique_traditionnelles_2,4,0.999254746937982,3.997018987751928,0.013809282360712537
VDK,2025-12-07,marque_generique_traditionnelles_2,4,0.999254746937982,3.997018987751928,0.014102496236734407
VDK,2025-12-14,marque_generique_traditionnelles_2,3,0.999254746937982,2.9977642408139458,0.01018052487392738
VDK,2025-12-21,marque_generique_traditionnelles_2,3,0.999254746937982,2.9977642408139458,0.01183147091985796
VDK,2025-12-28,marque_generique_traditionnelles_2,4,0.999254746937982,3.997018987751928,0.014201969974272378
VDK,2026-01-04,marque_generique_traditionnelles_2,4,0.999254746937982,3.997018987751928,0.013347249172539044
VDK,2026-01-11,marque_generique_traditionnelles_2,4,0.999254746937982,3.997018987751928,0.013668025438648642
VDK,2026-01-18,marque_generique_traditionnelles_2,4,0.999254746937982,3.997018987751928,0.013906010343534569
VDK,2026-01-25,marque_generique_traditionnelles_2,4,0.999254746937982,3.997018987751928,0.013810579366321584
VDK,2026-02-01,marque_generique_traditionnelles_2,4,0.999254746937982,3.997018987751928,0.013259102600541675
VDK,2026-02-08,marque_generique_traditionnelles_2,4,0.999254746937982,3.997018987751928,0.01494786962382332
VDK,2026-02-15,marque_generique_traditionnelles_2,3,0.999254746937982,2.9977642408139458,0.011925863976102872
VDK,2026-02-22,marque_generique_traditionnelles_2,4,0.999254746937982,3.997018987751928,0.014512492194762631
VDK,2026-03-01,marque_generique_traditionnelles_2,4,0.999254746937982,3.997018987751928,0.014202518671539087
VDK,2026-03-08,marque_generique_traditionnelles_2,3,0.999254746937982,2.9977642408139458,0.010884642906069348
VDK,2026-03-15,marque_generique_traditionnelles_2,4,0.999254746937982,3.997018987751928,0.014837795223058243
VDK,2026-03-22,marque_generique_traditionnelles_2,4,0.999254746937982,3.997018987751928,0.0142541179510538
VDK,2026-03-29,marque_generique_traditionnelles_2,4,0.999254746937982,3.997018987751928,0.013955198265878169
VDK,2026-04-05,marque_generique_traditionnelles_2,4,0.999254746937982,3.997018987751928,0.015775772264133535
VDK,2026-04-12,marque_generique_traditionnelles_2,3,0.999254746937982,2.9977642408139458,0.01187827148536295
VDK,2026-04-19,marque_generique_traditionnelles_2,3,0.999254746937982,2.9977642408139458,0.011739015817362784
VDK,2026-04-26,marque_generique_traditionnelles_2,3,0.999254746937982,2.9977642408139458,0.01221819036953996
VDK,2026-05-03,marque_generique_traditionnelles_2,3,0.999254746937982,2.9977642408139458,0.010652122985391357
VDK,2026-05-10,marque_generique_traditionnelles_2,5,0.999254746937982,4.99627373468991,0.02003623229569522
VDK,2026-05-17,marque_generique_traditionnelles_2,5,0.999254746937982,4.99627373468991,0.018208425485824034
VDK,2026-05-24,marque_generique_traditionnelles_2,5,0.999254746937982,4.99627373468991,0.020036848786398404
VDK,2026-05-31,marque_generique_traditionnelles_2,4,0.999254746937982,3.997018987751928,0.014513014294314282
VDK,2026-06-07,marque_generique_traditionnelles_2,3,0.999254746937982,2.9977642408139458,0.011296270684322297
VDK,2026-06-14,marque_generique_traditionnelles_2,3,0.999254746937982,2.9977642408139458,0.012368956337321524
VDK,2026-06-21,marque_generique_traditionnelles_2,3,0.999254746937982,2.9977642408139458,0.01216774078046847
VDK,2026-06-28,marque_generique_traditionnelles_2,4,0.999254746937982,3.997018987751928,0.014514666439706872
VDK,2026-07-05,marque_generique_traditionnelles_2,5,0.999254746937982,4.99627373468991,0.019565197656794136
VDK,2026-07-12,marque_generique_traditionnelles_2,4,0.999254746937982,3.997018987751928,0.016290396487914936
VDK,2026-07-19,marque_generique_traditionnelles_2,3,0.999254746937982,2.9977642408139458,0.013071845232253349
VDK,2026-07-26,marque_generique_traditionnelles_2,3,0.999254746937982,2.9977642408139458,0.012737842333975574
VDK,2026-08-02,marque_generique_traditionnelles_2,3,0.999254746937982,2.9977642408139458,0.012219002622829702
VDK,2026-08-09,marque_generique_traditionnelles_2,3,0.999254746937982,2.9977642408139458,0.012475416553065813
VDK,2026-08-16,marque_generique_traditionnelles_2,3,0.999254746937982,2.9977642408139458,0.013014785318738202
VDK,2026-08-23,marque_generique_traditionnelles_2,4,0.999254746937982,3.997018987751928,0.016093669529530116
VDK,2026-08-30,marque_generique_traditionnelles_2,4,0.999254746937982,3.997018987751928,0.014619941905439712
VDK,2026-09-06,marque_generique_traditionnelles_2,3,0.999254746937982,2.9977642408139458,0.012268850864793878
VDK,2026-09-13,marque_generique_traditionnelles_2,3,0.999254746937982,2.9977642408139458,0.013014423613672164
VDK,2026-09-20,marque_generique_traditionnelles_2,2,0.999254746937982,1.998509493875964,0.03636363636363636
